{"type":"FeatureCollection","features":[{"type":"Feature","properties":{"u":0},"geometry":{"type":"Polygon","coordinates":[[[-46.9965667,-24.052102499999997],[-47.0066926,-24.0640637],[-47.0261985,-24.052873799999997],[-47.026698499999995,-24.0430448],[-47.02991939999999,-24.042187999999996],[-47.0343344,-24.030847],[-47.03931339999999,-24.028340899999996],[-47.04067049999999,-24.0242867],[-47.04601459999999,-24.025779500000002],[-47.0463391,-24.018174699999992],[-47.05531439999999,-24.0099097],[-47.064807800000004,-24.018344099999997],[-47.0657373,-24.023829600000003],[-47.0743219,-24.023870799999997],[-47.0918884,-24.017541899999998],[-47.0925857,-24.009812199999992],[-47.09940869999999,-24.0055221],[-47.0984335,-23.998269999999998],[-47.10710999999999,-23.993802699999996],[-47.1183755,-23.9978964],[-47.1233842,-23.9968189],[-47.1226699,-24.0082232],[-47.1305998,-24.0092059],[-47.1393643,-24.014194999999997],[-47.142444000000005,-24.011358900000005],[-47.1503955,-24.0106649],[-47.1529777,-24.006351600000002],[-47.1619549,-24.0031416],[-47.17810469999999,-24.00344029999999],[-47.183146,-24.0007538],[-47.187459000000004,-24.00257],[-47.1934567,-23.9980365],[-47.196822,-24.001252899999997],[-47.199953199999996,-24.000595],[-47.1949701,-23.992258899999996],[-47.18872689999999,-23.9904448],[-47.194612199999995,-23.9820637],[-47.1939578,-23.974704999999997],[-47.1967638,-23.97604009999999],[-47.1977907,-23.972853100000002],[-47.20109,-23.9733787],[-47.200828,-23.968905599999996],[-47.20466729999999,-23.9714084],[-47.208521899999994,-23.964860999999996],[-47.20323189999999,-23.9593685],[-47.19555299999999,-23.958188199999995],[-47.193729999999995,-23.953420699999995],[-47.2008669,-23.949086700000002],[-47.20158849999999,-23.9438985],[-47.20010680000001,-23.9387355],[-47.1942751,-23.941958900000003],[-47.1889898,-23.939590800000005],[-47.191936399999996,-23.9283355],[-47.1880229,-23.931089699999998],[-47.1827385,-23.930317400000003],[-47.1794427,-23.9373471],[-47.17897459999999,-23.933453499999995],[-47.1757494,-23.931806900000005],[-47.1708202,-23.9346423],[-47.159171699999995,-23.934579700000004],[-47.156157799999995,-23.921258200000004],[-47.142707699999995,-23.911799699999996],[-47.138495299999995,-23.9049422],[-47.138172399999995,-23.903133499999996],[-47.144263499999994,-23.901442199999998],[-47.13910239999999,-23.8998718],[-47.1349254,-23.894357299999996],[-47.13685929999999,-23.889626999999997],[-47.1398008,-23.890646999999998],[-47.1368588,-23.8857041],[-47.132486899999996,-23.884448],[-47.134219,-23.880332399999997],[-47.12660269999999,-23.874843099999996],[-47.133129600000004,-23.873324999999998],[-47.13231809999999,-23.8694218],[-47.13001719999999,-23.869325999999997],[-47.12982529999999,-23.8612821],[-47.125373800000006,-23.860632499999994],[-47.1234574,-23.8531051],[-47.118062599999995,-23.849753100000004],[-47.1163658,-23.8404071],[-47.11299609999999,-23.843367899999997],[-47.1103329,-23.842423699999994],[-47.1075387,-23.848291399999994],[-47.10297049999999,-23.848848200000003],[-47.072649,-23.841852],[-47.065903199999994,-23.843489899999998],[-47.066044999999995,-23.837967400000004],[-47.0595799,-23.842977699999995],[-47.0567479,-23.841593],[-47.0511035,-23.844187],[-47.043194899999996,-23.840671499999996],[-47.0445135,-23.837339299999996],[-47.0407779,-23.838039400000003],[-47.0424093,-23.836077799999998],[-47.038177999999995,-23.835313],[-47.02869299999999,-23.846214999999997],[-47.021713999999996,-23.836072],[-47.01478699999999,-23.835596],[-47.01260799999999,-23.830741000000003],[-47.013039,-23.825096],[-47.017564,-23.821326999999993],[-47.01512199999999,-23.814487000000003],[-47.00706799999999,-23.815637],[-46.986368,-23.808266999999994],[-46.985566,-23.800642000000003],[-46.993183,-23.803449999999998],[-47.000501,-23.801682999999997],[-47.008589,-23.79185],[-47.01409799999999,-23.792211],[-47.01926799999999,-23.788647],[-47.023151999999996,-23.775075],[-47.03353249999999,-23.7674574],[-47.0286012,-23.757359399999995],[-47.03465969999999,-23.7578962],[-47.0362733,-23.7535987],[-47.032243199999996,-23.7430481],[-47.033256699999995,-23.7374606],[-47.0354444,-23.735366599999995],[-47.0416476,-23.7368734],[-47.0471748,-23.7350571],[-47.05257159999999,-23.720399200000003],[-47.0563122,-23.7186885],[-47.05774509999999,-23.7126622],[-47.0624598,-23.708630999999993],[-47.059438199999995,-23.701959399999996],[-47.06298300000001,-23.689797500000005],[-47.0621606,-23.6824693],[-47.075984,-23.680786999999995],[-47.076672,-23.673305],[-47.08475599999999,-23.667155999999995],[-47.081944,-23.664250999999993],[-47.082221,-23.653532999999996],[-47.074503,-23.652491],[-47.072657,-23.645366999999997],[-47.06469599999999,-23.645462999999996],[-47.058989,-23.639731999999995],[-47.05979099999999,-23.629031999999995],[-47.05617829999999,-23.6187033],[-47.0493929,-23.6188388],[-47.0473341,-23.613998999999996],[-47.0412205,-23.6105741],[-47.031181,-23.58895439999999],[-47.0320503,-23.5832552],[-47.02449899999999,-23.579607],[-47.029897999999996,-23.568088999999997],[-47.020508,-23.567361],[-47.014393999999996,-23.563366000000002],[-47.01538999999999,-23.560243999999997],[-47.006126,-23.554357999999997],[-47.007162,-23.551351],[-47.012224999999994,-23.550085],[-47.013164,-23.536354],[-46.99691500000001,-23.532131999999997],[-46.9909324,-23.5278682],[-46.99699799999999,-23.521966],[-46.993703,-23.508334],[-47.001298999999996,-23.505307999999996],[-47.013295,-23.485470999999997],[-47.01784200000001,-23.483690999999997],[-47.013662,-23.478063999999996],[-47.017211,-23.472587],[-47.011652,-23.464285000000004],[-47.013989,-23.457648],[-47.013237,-23.45453],[-47.010403999999994,-23.454799],[-47.010532,-23.445723000000005],[-47.015542,-23.444024],[-47.016763999999995,-23.44572399999999],[-47.02419199999999,-23.440778],[-47.029318,-23.442485999999995],[-47.037571,-23.435529],[-47.035528,-23.4272473],[-47.040744399999994,-23.423805999999995],[-47.041478999999995,-23.417099799999995],[-47.0374115,-23.411833],[-47.039834799999994,-23.409934299999996],[-47.0372343,-23.407043200000004],[-47.039588699999996,-23.4038253],[-47.0361237,-23.399084699999996],[-47.042625400000006,-23.386746899999995],[-47.0370486,-23.3791263],[-47.0305017,-23.3789279],[-47.029014399999994,-23.375495799999992],[-47.030601700000005,-23.371750000000002],[-47.0387472,-23.3690202],[-47.0429147,-23.352261300000002],[-47.031247699999994,-23.346012799999993],[-47.0173298,-23.345357499999995],[-47.0153509,-23.3403334],[-47.0078391,-23.3374488],[-47.000544299999994,-23.3381417],[-46.99999749999999,-23.333245799999997],[-46.99571929999999,-23.3310003],[-46.99280569999999,-23.333752499999992],[-46.9836671,-23.3336404],[-46.96403409999999,-23.323574499999992],[-46.9592483,-23.3280282],[-46.95403579999999,-23.324844399999996],[-46.94533499999999,-23.325162899999995],[-46.9414475,-23.320262299999992],[-46.9389736,-23.323511799999995],[-46.9308956,-23.3116695],[-46.922406699999996,-23.3079266],[-46.9184298,-23.310722],[-46.91544439999999,-23.308295599999997],[-46.9019133,-23.307582899999996],[-46.8900296,-23.299815500000005],[-46.8855537,-23.290530599999997],[-46.877193999999996,-23.290948199999995],[-46.8758036,-23.2837155],[-46.869642,-23.282185000000002],[-46.867464000000005,-23.277939],[-46.84993899999999,-23.285616999999995],[-46.84437100000001,-23.282006],[-46.838257,-23.287918000000005],[-46.83448899999999,-23.286226999999993],[-46.834675999999995,-23.280627],[-46.832081,-23.279062],[-46.815947,-23.282621999999996],[-46.81375299999999,-23.276684],[-46.80545099999999,-23.274672999999993],[-46.802441,-23.257011],[-46.792796,-23.261192],[-46.791434,-23.266625],[-46.78782799999999,-23.266494999999995],[-46.783685999999996,-23.265378],[-46.78399099999999,-23.260878],[-46.778571,-23.25652],[-46.772353,-23.259727999999996],[-46.76650399999999,-23.259305999999995],[-46.760189,-23.258098],[-46.757163,-23.253483],[-46.7525611,-23.255744099999994],[-46.7445536,-23.2502751],[-46.731571699999996,-23.2532348],[-46.7253636,-23.2484576],[-46.7185235,-23.253295799999997],[-46.7021117,-23.251812300000005],[-46.69420029999999,-23.259201],[-46.6843128,-23.257106599999997],[-46.675775,-23.261601799999998],[-46.67209,-23.256025799999996],[-46.6666941,-23.258810200000003],[-46.6524682,-23.2598794],[-46.64298039999999,-23.2545923],[-46.62963899999999,-23.259089999999993],[-46.62640600000001,-23.256211],[-46.622762,-23.256728999999993],[-46.621961,-23.242418],[-46.617603,-23.240313000000004],[-46.615501,-23.227563],[-46.60973799999999,-23.225814],[-46.605265,-23.228467999999996],[-46.604096,-23.235163999999997],[-46.593711,-23.23655],[-46.575295,-23.232542999999996],[-46.563602,-23.236548],[-46.553512,-23.236246],[-46.54622899999999,-23.241379],[-46.539578,-23.239765999999996],[-46.52900199999999,-23.241544],[-46.5238,-23.238072999999996],[-46.5153801,-23.2375019],[-46.514194999999994,-23.250162999999997],[-46.503068999999996,-23.247942],[-46.49989599999999,-23.252782999999994],[-46.491828,-23.255252],[-46.472741,-23.276642999999996],[-46.470818,-23.282659999999996],[-46.460636,-23.278071],[-46.46184,-23.272439],[-46.459384,-23.270338],[-46.45401499999999,-23.27310599999999],[-46.447892,-23.270023999999996],[-46.439744,-23.273438999999996],[-46.43430299999999,-23.279628],[-46.437409,-23.284551999999998],[-46.42725299999999,-23.292],[-46.425915,-23.301850000000005],[-46.41845099999999,-23.316319000000004],[-46.410499,-23.305789999999995],[-46.411989999999996,-23.30167],[-46.402736,-23.299120999999996],[-46.399970999999994,-23.288778999999998],[-46.396249,-23.285817999999992],[-46.38741999999999,-23.286929],[-46.381483,-23.278080000000003],[-46.35687599999999,-23.272567],[-46.359770999999995,-23.267791],[-46.35381000000001,-23.264964],[-46.348066,-23.252645],[-46.329657,-23.246342999999996],[-46.311501,-23.227427],[-46.305542,-23.213005000000003],[-46.30999899999999,-23.204751],[-46.30773599999999,-23.198040999999996],[-46.296933,-23.197011],[-46.286018999999996,-23.190976000000003],[-46.282202,-23.183444],[-46.268092,-23.190583999999998],[-46.258328,-23.185696999999998],[-46.250531,-23.189012999999992],[-46.24491799999999,-23.185912],[-46.23522899999999,-23.186702],[-46.232566,-23.189651],[-46.227738,-23.189332],[-46.224675,-23.196238],[-46.218588999999994,-23.197433999999994],[-46.20488199999999,-23.209673999999996],[-46.198146,-23.208489],[-46.195848,-23.210608999999998],[-46.196283,-23.218792999999994],[-46.18867099999999,-23.224631999999996],[-46.183961999999994,-23.224183],[-46.174416,-23.231124],[-46.170229,-23.230155],[-46.165017,-23.235146],[-46.153198999999994,-23.235704999999996],[-46.157508,-23.2423],[-46.156940999999996,-23.25492],[-46.145745999999995,-23.256827],[-46.15354299999999,-23.265824999999996],[-46.150958,-23.274343000000002],[-46.145215,-23.273663],[-46.136674,-23.287506999999998],[-46.127315,-23.287191],[-46.12339,-23.290215],[-46.119359,-23.285481999999995],[-46.113807,-23.285690999999996],[-46.11381399999999,-23.299334999999996],[-46.102695999999995,-23.302993],[-46.101475,-23.308598],[-46.098649,-23.309239000000005],[-46.098993,-23.326004],[-46.079966299999995,-23.3415073],[-46.0737088,-23.342154600000004],[-46.06796709999999,-23.348766699999995],[-46.0678272,-23.354970599999998],[-46.0635062,-23.358826399999998],[-46.060572900000004,-23.357791599999995],[-46.03835999999999,-23.387007800000003],[-46.026283,-23.392101500000003],[-46.0222132,-23.3876312],[-46.015694,-23.3911748],[-46.0105398,-23.384272499999998],[-46.001424699999994,-23.3861069],[-45.99118669999999,-23.417520099999994],[-45.98394179999999,-23.4204634],[-45.9797063,-23.4184134],[-45.97653689999999,-23.428471799999997],[-45.9670468,-23.4273669],[-45.959591499999995,-23.442534799999997],[-45.95224869999999,-23.4497456],[-45.95690439999999,-23.4686072],[-45.9600467,-23.468248699999997],[-45.96835339999999,-23.475452199999996],[-45.956984,-23.4888292],[-45.95575289999999,-23.493799299999996],[-45.9616508,-23.496336399999997],[-45.961241,-23.4986482],[-45.9497086,-23.500508200000002],[-45.94660499999999,-23.495973199999998],[-45.9393777,-23.4943655],[-45.92151809999999,-23.50053309999999],[-45.917451400000004,-23.505789799999995],[-45.90406389999999,-23.505310400000003],[-45.8989794,-23.4986477],[-45.89013979999999,-23.4963969],[-45.8876884,-23.4924814],[-45.882723,-23.495391199999997],[-45.8775914,-23.4899587],[-45.8716057,-23.4898875],[-45.865799,-23.4833465],[-45.8521024,-23.480796499999997],[-45.84674389999999,-23.4741286],[-45.8402627,-23.472111699999996],[-45.836548,-23.4752911],[-45.835352,-23.482867799999998],[-45.81830339999999,-23.489635399999997],[-45.81333949999999,-23.4996701],[-45.79644329999999,-23.491218],[-45.789277,-23.4926537],[-45.7876036,-23.495805599999994],[-45.7897907,-23.4966973],[-45.788634099999996,-23.5018605],[-45.791148299999996,-23.5063271],[-45.7884429,-23.509150699999992],[-45.7720752,-23.507153],[-45.76360509999999,-23.511206],[-45.75588449999999,-23.5113349],[-45.7619432,-23.518480499999992],[-45.7605365,-23.524009199999995],[-45.754198,-23.5261875],[-45.75398059999999,-23.531966],[-45.7460907,-23.5398288],[-45.7470908,-23.554633299999995],[-45.741246999999994,-23.561361499999997],[-45.74612739999999,-23.566128299999995],[-45.7415361,-23.572152300000003],[-45.73337359999999,-23.57208749999999],[-45.730937,-23.574487100000002],[-45.740381299999996,-23.5850474],[-45.73393209999999,-23.5867135],[-45.7340867,-23.5930682],[-45.743752699999995,-23.6020893],[-45.7334344,-23.6031548],[-45.72391679999999,-23.598177999999997],[-45.7214957,-23.5999336],[-45.721454,-23.606336100000004],[-45.7153279,-23.608783],[-45.706390299999995,-23.601751599999997],[-45.70302259999999,-23.6042034],[-45.7035437,-23.611174299999995],[-45.6975231,-23.6201945],[-45.694814099999995,-23.630828100000002],[-45.7016741,-23.635467799999997],[-45.70749820000001,-23.644773199999996],[-45.7138286,-23.643039899999994],[-45.727767199999995,-23.655667199999996],[-45.73365669999999,-23.656420999999998],[-45.7416925,-23.668168699999992],[-45.763488,-23.671052999999993],[-45.76943239999999,-23.6785313],[-45.77765699999999,-23.683061],[-45.784444,-23.681609],[-45.786410999999994,-23.678393999999997],[-45.791386,-23.683131],[-45.796058,-23.682972],[-45.794025999999995,-23.680210999999993],[-45.798179,-23.675399999999996],[-45.814109,-23.676927],[-45.83023099999999,-23.674749999999996],[-45.829401999999995,-23.672386],[-45.83260899999999,-23.669918000000003],[-45.83800399999999,-23.66913299999999],[-45.831052,-23.663118999999995],[-45.833130999999995,-23.656377],[-45.83114299999999,-23.651561999999995],[-45.83393199999999,-23.648403],[-45.841984999999994,-23.648469000000002],[-45.84508099999999,-23.643627],[-45.847297,-23.645598],[-45.849843,-23.643861],[-45.85065699999999,-23.647720000000003],[-45.85468399999999,-23.646661],[-45.857676999999995,-23.655256999999995],[-45.862744,-23.652066],[-45.87005,-23.655171],[-45.873196,-23.652619],[-45.883038,-23.653311999999996],[-45.88706299999999,-23.657272],[-45.89955499999999,-23.655856],[-45.90553,-23.660843],[-45.905644,-23.664311],[-45.91506199999999,-23.66556],[-45.918170999999994,-23.677570999999997],[-45.92441199999999,-23.681334000000003],[-45.919763999999994,-23.688432999999993],[-45.93609699999999,-23.701209],[-45.95662599999999,-23.700566],[-45.95503699999999,-23.694133],[-45.96950999999999,-23.696945999999997],[-45.97651299999999,-23.694005999999998],[-45.987058,-23.699417000000004],[-45.992233,-23.705578999999997],[-45.996866000000004,-23.704537999999996],[-46.008499,-23.708676999999994],[-46.016655,-23.714846999999995],[-46.025849,-23.715609999999998],[-46.030912,-23.720115],[-46.043774,-23.720027000000005],[-46.056949,-23.716064000000003],[-46.065133,-23.722336000000002],[-46.06774,-23.729038999999997],[-46.102395,-23.736325],[-46.10717799999999,-23.731060999999997],[-46.096976999999995,-23.725851],[-46.101615,-23.722723],[-46.10020599999999,-23.719872],[-46.103825,-23.711661999999997],[-46.113919,-23.717800999999994],[-46.118190999999996,-23.715766],[-46.122657,-23.718726999999998],[-46.12240799999999,-23.714879],[-46.12612,-23.712894999999996],[-46.13181699999999,-23.724869],[-46.14779299999999,-23.728265000000004],[-46.155867,-23.736212999999996],[-46.158596,-23.732221000000003],[-46.16584399999999,-23.734364999999997],[-46.17035,-23.732328],[-46.176869,-23.735897],[-46.17841799999999,-23.745671999999995],[-46.18640599999999,-23.744682999999995],[-46.194086999999996,-23.754228],[-46.208104,-23.751281],[-46.21024499999999,-23.741721],[-46.21772299999999,-23.744114],[-46.227005999999996,-23.73697599999999],[-46.238383,-23.735263999999994],[-46.247876999999995,-23.746288999999997],[-46.24885799999999,-23.756895999999998],[-46.255655,-23.759956999999996],[-46.257983,-23.766186],[-46.26028,-23.767913],[-46.273713,-23.766109999999998],[-46.29666499999999,-23.787746999999996],[-46.30400499999999,-23.788934999999995],[-46.316528,-23.801996],[-46.320291999999995,-23.803097000000005],[-46.320324,-23.785135000000004],[-46.331781,-23.781258],[-46.338721,-23.781718],[-46.345174,-23.78746],[-46.35362799999999,-23.788484],[-46.354444,-23.791471999999995],[-46.36743499999999,-23.792489],[-46.372349,-23.789694999999995],[-46.377069999999996,-23.793588000000003],[-46.373327,-23.795459999999995],[-46.377598000000006,-23.804134],[-46.383397,-23.809643999999995],[-46.389391999999994,-23.809905999999998],[-46.39433199999999,-23.814359999999997],[-46.39605199999999,-23.811778000000004],[-46.40570799999999,-23.812307999999998],[-46.42659400000001,-23.825272999999996],[-46.434169999999995,-23.824054999999998],[-46.43781,-23.826306999999996],[-46.437403999999994,-23.829302],[-46.444562,-23.829165],[-46.438817,-23.831427],[-46.443859,-23.841105],[-46.439298,-23.839590999999995],[-46.43789799999999,-23.842583],[-46.44354799999999,-23.850172999999998],[-46.454552,-23.853908999999994],[-46.4597,-23.863177],[-46.458485,-23.866030999999996],[-46.465827999999995,-23.861013],[-46.46937599999999,-23.872927999999998],[-46.48261300000001,-23.885704],[-46.48525099999999,-23.883454000000004],[-46.48787649999999,-23.8847019],[-46.49809199999999,-23.901935000000005],[-46.50378299999999,-23.90478],[-46.519946999999995,-23.905341999999997],[-46.52241899999999,-23.907747999999998],[-46.521283999999994,-23.912254999999995],[-46.532262,-23.917575999999997],[-46.535346,-23.923256000000002],[-46.540724,-23.923630000000003],[-46.545684,-23.930149],[-46.548273,-23.929731],[-46.552173999999994,-23.940402999999996],[-46.563484,-23.948588],[-46.564654999999995,-23.953117999999993],[-46.567556,-23.953908],[-46.566157999999994,-23.949689999999997],[-46.56967099999999,-23.946788999999995],[-46.571346,-23.952489],[-46.577193,-23.956873],[-46.580286,-23.95577],[-46.59493,-23.965226],[-46.600287,-23.963557],[-46.6125394,-23.9699316],[-46.615819699999996,-23.967288199999995],[-46.62963599999999,-23.973185],[-46.635757,-23.977461999999996],[-46.633264,-23.987838999999997],[-46.629209,-23.990858],[-46.649908,-24.001601],[-46.661937,-23.988101999999994],[-46.67537399999999,-23.989425],[-46.68513299999999,-23.982396999999995],[-46.692632,-23.984610999999997],[-46.69891799999999,-23.990137000000004],[-46.70788399999999,-23.990888],[-46.714482,-23.996115],[-46.720858,-23.993001999999997],[-46.7311,-23.995495000000002],[-46.74331899999999,-23.991892],[-46.755047999999995,-23.996783],[-46.763033,-24.006201999999995],[-46.7669,-24.005349999999996],[-46.771199,-24.008186],[-46.774736999999995,-24.002989000000003],[-46.768083999999995,-23.998663999999998],[-46.754887999999994,-23.972800999999997],[-46.762884,-23.968057],[-46.764892999999994,-23.961727000000003],[-46.771333,-23.961340999999997],[-46.77511299999999,-23.956785],[-46.77417199999999,-23.950344],[-46.781102999999995,-23.948723999999995],[-46.78616099999999,-23.94187],[-46.789595999999996,-23.940766],[-46.793259,-23.943087],[-46.800124,-23.938],[-46.806898000000004,-23.938153000000003],[-46.829923300000004,-23.947305199999995],[-46.8230386,-23.9551592],[-46.8262628,-23.958263],[-46.8347854,-23.9562705],[-46.839589,-23.9620097],[-46.848559699999996,-23.965066099999998],[-46.85531339999999,-23.973497299999995],[-46.862291,-23.974188399999996],[-46.8676163,-23.980148799999995],[-46.873616,-23.9786189],[-46.8825104,-23.9839614],[-46.88303990000001,-23.989568199999997],[-46.8751178,-24.0018095],[-46.871035,-23.9985732],[-46.86917559999999,-24.000715700000004],[-46.868485799999995,-24.0096306],[-46.873313499999995,-24.016106099999995],[-46.8676694,-24.0191746],[-46.8718671,-24.0238795],[-46.885313200000006,-24.024384199999997],[-46.8854556,-24.0285872],[-46.8930081,-24.0342443],[-46.89334099999999,-24.0360569],[-46.88823219999999,-24.036737299999995],[-46.889310699999996,-24.038592500000004],[-46.897926,-24.0415778],[-46.900341299999994,-24.0461444],[-46.90842429999999,-24.0450169],[-46.9113159,-24.0415283],[-46.9302883,-24.0445141],[-46.9362067,-24.0333867],[-46.9418975,-24.0363666],[-46.93970770000001,-24.0387635],[-46.945842,-24.0405744],[-46.9461481,-24.043605700000004],[-46.9504804,-24.042471999999997],[-46.9530395,-24.04518519999999],[-46.9608235,-24.045947300000005],[-46.9666505,-24.043779199999996],[-46.9681839,-24.046175],[-46.9649593,-24.048437800000002],[-46.9673461,-24.053190299999994],[-46.963591099999995,-24.056306499999998],[-46.9706763,-24.0616087],[-46.9786056,-24.064250700000002],[-46.9836265,-24.0581438],[-46.991363,-24.0585277],[-46.9965667,-24.052102499999997]]]}},{"type":"Feature","properties":{"u":1},"geometry":{"type":"Polygon","coordinates":[[[-50.60070939999999,-21.6584425],[-50.61407259999999,-21.656778400000004],[-50.62057089999999,-21.660966900000002],[-50.6189066,-21.651577999999997],[-50.6215992,-21.650458499999996],[-50.6207779,-21.6450146],[-50.62430869999999,-21.642745999999995],[-50.62760639999999,-21.642947300000003],[-50.63245369999999,-21.656575099999998],[-50.6404274,-21.649568099999996],[-50.64663269999999,-21.650680200000004],[-50.6497457,-21.638619199999997],[-50.65462819999999,-21.6340372],[-50.65215229999999,-21.6235328],[-50.66080209999999,-21.618506099999998],[-50.66119080000001,-21.614831000000002],[-50.6675145,-21.610748799999996],[-50.6703738,-21.604935599999997],[-50.677475599999994,-21.6010093],[-50.680855599999994,-21.602270899999997],[-50.682804999999995,-21.598032299999996],[-50.70787430000001,-21.5855038],[-50.7061664,-21.579032199999997],[-50.7082688,-21.5769891],[-50.7260874,-21.576994299999996],[-50.734291899999995,-21.5719502],[-50.7463268,-21.578102099999995],[-50.7490566,-21.574100499999993],[-50.74494049999999,-21.564857],[-50.7491651,-21.5654962],[-50.7544465,-21.571129399999997],[-50.7576404,-21.5703828],[-50.76137709999999,-21.563100599999995],[-50.767500399999996,-21.563597600000005],[-50.77099479999999,-21.5694849],[-50.769755499999995,-21.5660237],[-50.77389469999999,-21.564141699999997],[-50.7735681,-21.567578499999993],[-50.78229279999999,-21.5674492],[-50.7817072,-21.562931299999995],[-50.7745615,-21.5614098],[-50.76904139999999,-21.554133400000005],[-50.76926159999999,-21.5481703],[-50.7735203,-21.5446233],[-50.776563,-21.5459451],[-50.7774612,-21.542771999999992],[-50.7893367,-21.549380099999997],[-50.786273,-21.557546599999995],[-50.79421179999999,-21.559059199999997],[-50.7991567,-21.554942499999992],[-50.7933811,-21.543046099999998],[-50.7974785,-21.5417269],[-50.806575699999996,-21.5547352],[-50.80646819999999,-21.560163300000003],[-50.80924269999999,-21.560081899999993],[-50.8106628,-21.555359199999998],[-50.8148828,-21.5634928],[-50.817594899999996,-21.5633483],[-50.8221753,-21.557564499999998],[-50.8154091,-21.554272],[-50.8193499,-21.5507008],[-50.81360409999999,-21.547989999999995],[-50.81586000000001,-21.539886499999994],[-50.8473851,-21.535662799999997],[-50.8552628,-21.529664799999995],[-50.8695237,-21.525092599999997],[-50.8726849,-21.514169899999995],[-50.8647206,-21.509579600000002],[-50.86786839999999,-21.504495299999995],[-50.866122299999994,-21.499010799999997],[-50.8742864,-21.488898399999997],[-50.8880699,-21.485568],[-50.8940951,-21.486381399999996],[-50.89485659999999,-21.489707199999994],[-50.898983699999995,-21.490737],[-50.89924119999999,-21.487379800000003],[-50.9044807,-21.484772],[-50.9024354,-21.481277499999994],[-50.9070156,-21.476122499999995],[-50.9051362,-21.470517],[-50.9201691,-21.4606784],[-50.91991819999999,-21.455464900000003],[-50.916019199999994,-21.454266900000004],[-50.92487119999999,-21.4413593],[-50.943027199999996,-21.4449075],[-50.94695949999999,-21.4478554],[-50.96042049999999,-21.4386378],[-50.9814978,-21.431860399999998],[-50.99856679999999,-21.439398799999996],[-51.00481,-21.4383362],[-51.0258517,-21.4256077],[-51.025028299999995,-21.421120099999996],[-51.0341283,-21.4084459],[-51.045467099999996,-21.406389399999995],[-51.0462449,-21.403852599999997],[-51.05425050000001,-21.4046512],[-51.0604101,-21.396423199999997],[-51.08598560000001,-21.384099],[-51.0901054,-21.3793009],[-51.0899257,-21.3722767],[-51.0927426,-21.3709709],[-51.1009539,-21.370226800000005],[-51.122436,-21.381594300000003],[-51.1396351,-21.3737848],[-51.148078399999996,-21.374586599999997],[-51.1656989,-21.384148299999996],[-51.1718146,-21.383567999999997],[-51.1834425,-21.3762254],[-51.1897265,-21.377086800000004],[-51.1954046,-21.3718397],[-51.200129499999996,-21.3600082],[-51.2039258,-21.3610286],[-51.2141811,-21.3549673],[-51.211964699999996,-21.352132099999995],[-51.22156950000001,-21.347683],[-51.2268932,-21.3404596],[-51.23012489999999,-21.340650900000004],[-51.232773099999996,-21.3329613],[-51.2376703,-21.3312628],[-51.2377772,-21.326807999999996],[-51.2616879,-21.3275783],[-51.26515959999999,-21.331481700000005],[-51.2709364,-21.321252899999998],[-51.2863032,-21.3192723],[-51.288250399999995,-21.313249199999998],[-51.293126699999995,-21.314362999999997],[-51.2970207,-21.310037899999998],[-51.3040189,-21.308641099999996],[-51.3140734,-21.295716899999995],[-51.3208619,-21.29913609999999],[-51.32414949999999,-21.293440299999993],[-51.326478400000006,-21.29508],[-51.325357,-21.2916894],[-51.3346858,-21.292656099999995],[-51.3388276,-21.2883613],[-51.3378922,-21.293347999999998],[-51.343295999999995,-21.287908599999998],[-51.34674919999999,-21.2879929],[-51.3478448,-21.2921011],[-51.3497006,-21.2878693],[-51.358069699999994,-21.2883476],[-51.360542,-21.2858499],[-51.36212439999999,-21.289565599999996],[-51.3687268,-21.2902138],[-51.374797699999995,-21.285218600000004],[-51.38160009999999,-21.282893599999998],[-51.38534829999999,-21.284356500000005],[-51.392549499999994,-21.2799062],[-51.3940418,-21.275661699999997],[-51.3975515,-21.2761363],[-51.395384500000006,-21.2727486],[-51.401704499999994,-21.272550999999996],[-51.3978695,-21.2701329],[-51.3994479,-21.2669321],[-51.4028973,-21.2658017],[-51.404923999999994,-21.268759],[-51.4076672,-21.263963300000004],[-51.4151947,-21.2626009],[-51.42263779999999,-21.256122999999995],[-51.4252046,-21.2580217],[-51.4309863,-21.2548491],[-51.4291939,-21.2511738],[-51.4353074,-21.245734299999995],[-51.44658499999999,-21.2436743],[-51.45941199999999,-21.2371413],[-51.4673896,-21.237800800000002],[-51.4712756,-21.2343422],[-51.47142819999999,-21.238569699999996],[-51.478948,-21.235429799999995],[-51.4798269,-21.231747399999993],[-51.4866929,-21.233111],[-51.492738599999996,-21.230509699999995],[-51.4963795,-21.226558899999997],[-51.49488959999999,-21.220298899999996],[-51.5018367,-21.221074399999996],[-51.5044947,-21.216929899999997],[-51.509738899999995,-21.216801299999997],[-51.51194639999999,-21.210709099999995],[-51.5181052,-21.209020000000002],[-51.518659899999996,-21.2044642],[-51.5230098,-21.2028718],[-51.52401259999999,-21.199188799999998],[-51.5328767,-21.195416000000005],[-51.5355954,-21.2007837],[-51.5385085,-21.198269],[-51.5379635,-21.1938079],[-51.5413556,-21.1967853],[-51.544159199999996,-21.194845],[-51.5430206,-21.1916777],[-51.5646093,-21.190145499999996],[-51.5647578,-21.185264599999996],[-51.5685362,-21.187326800000005],[-51.570460999999995,-21.1849323],[-51.576182,-21.189193],[-51.57779,-21.184059199999997],[-51.57570439999999,-21.180843199999998],[-51.59344589999999,-21.170995],[-51.5959578,-21.1590202],[-51.590309299999994,-21.151836899999996],[-51.5914512,-21.1486358],[-51.6008366,-21.144257399999997],[-51.604316299999994,-21.1448192],[-51.6016347,-21.149004499999997],[-51.6136783,-21.141653700000003],[-51.6194341,-21.1477137],[-51.6275231,-21.146163599999998],[-51.6334569,-21.152314199999996],[-51.638138999999995,-21.1516959],[-51.63800090000001,-21.1600478],[-51.6418814,-21.16554959999999],[-51.65875979999999,-21.169552699999997],[-51.67231410000001,-21.1604989],[-51.6674569,-21.156864400000003],[-51.6743961,-21.153313699999998],[-51.6721517,-21.149172999999998],[-51.6767799,-21.151399],[-51.6855359,-21.1497979],[-51.6906032,-21.1446882],[-51.69005489999999,-21.134407900000003],[-51.6948905,-21.131859],[-51.69119059999999,-21.127382899999997],[-51.69281159999999,-21.123043999999997],[-51.68792069999999,-21.122525599999996],[-51.6913138,-21.119445299999995],[-51.69075589999999,-21.116093999999993],[-51.7014535,-21.107818499999993],[-51.6944604,-21.096309599999998],[-51.69784899999999,-21.0954084],[-51.699497699999995,-21.088198499999997],[-51.7019579,-21.0909809],[-51.70328909999999,-21.087269399999997],[-51.7060659,-21.0893588],[-51.70843489999999,-21.0875351],[-51.7068448,-21.0835357],[-51.7137121,-21.0832982],[-51.71110800000001,-21.0795118],[-51.718472299999995,-21.075709599999993],[-51.716791099999995,-21.0730156],[-51.719457999999996,-21.069624599999997],[-51.7222232,-21.0722227],[-51.725820999999996,-21.0687494],[-51.728613800000005,-21.074139699999996],[-51.731482899999996,-21.069508000000003],[-51.737512499999994,-21.0743361],[-51.7408913,-21.0688148],[-51.7445833,-21.067598100000005],[-51.7476826,-21.070207300000003],[-51.7456899,-21.066484099999997],[-51.753134499999994,-21.0641957],[-51.7521675,-21.060818399999995],[-51.75566839999999,-21.065919],[-51.761857799999994,-21.0642675],[-51.7611769,-21.055498],[-51.76512259999999,-21.055175599999995],[-51.76459150000001,-21.0600583],[-51.7677318,-21.0569193],[-51.76599269999999,-21.051361399999998],[-51.772476399999995,-21.051121299999995],[-51.77125819999999,-21.042660600000005],[-51.759647599999994,-21.0221968],[-51.7222304,-20.976767999999996],[-51.713695699999995,-20.971458000000002],[-51.705683,-20.970356399999996],[-51.6787264,-20.972944399999996],[-51.65964629999999,-20.968503499999997],[-51.644275699999994,-20.9555242],[-51.6281707,-20.9490296],[-51.62093170000001,-20.9393656],[-51.61347769999999,-20.890078399999997],[-51.626679499999995,-20.8724955],[-51.629701499999996,-20.861452899999996],[-51.63297719999999,-20.8215582],[-51.6261492,-20.796265699999996],[-51.6274829,-20.7846969],[-51.622398399999994,-20.776872000000004],[-51.63489919999999,-20.7548484],[-51.624287499999994,-20.7125187],[-51.59414819999999,-20.643847700000002],[-51.5775049,-20.625172499999998],[-51.53300509999999,-20.596993900000005],[-51.50022229999999,-20.5682163],[-51.49285609999999,-20.5465063],[-51.4637827,-20.5014527],[-51.44436809999999,-20.4789171],[-51.4092796,-20.459570600000003],[-51.39895789999999,-20.445761099999995],[-51.3751155,-20.396527],[-51.361224400000005,-20.3845403],[-51.34808519999999,-20.359518],[-51.32144499999999,-20.3396192],[-51.3055352,-20.3319905],[-51.23990549999999,-20.3169359],[-51.1607664,-20.305224099999993],[-51.13241429999999,-20.2955315],[-51.10938959999999,-20.280092199999995],[-51.10464799999999,-20.286392000000003],[-51.09456200000001,-20.285279],[-51.0826315,-20.306639399999998],[-51.07892199999999,-20.328211],[-51.06392,-20.341769000000003],[-51.04963039999999,-20.3634605],[-51.02065999999999,-20.385857200000004],[-51.0135565,-20.4077966],[-50.998580999999994,-20.414428],[-50.99420899999999,-20.429417],[-50.9863424,-20.440311199999996],[-50.9861034,-20.4517709],[-50.980219299999995,-20.4585708],[-50.97901589999999,-20.472542899999997],[-50.9825714,-20.4831805],[-50.9801275,-20.491751499999996],[-50.98241929999999,-20.4961873],[-50.968937499999996,-20.5111024],[-50.9675816,-20.5205447],[-50.96443819999999,-20.522727499999995],[-50.9681771,-20.5276967],[-50.9662849,-20.549228000000003],[-50.9576659,-20.5579794],[-50.9468025,-20.5510706],[-50.93157109999999,-20.554758299999992],[-50.92764629999999,-20.5528403],[-50.92444679999999,-20.5452938],[-50.92149589999999,-20.549809599999996],[-50.91705629999999,-20.550418],[-50.913000399999994,-20.5408666],[-50.902509099999996,-20.538910400000002],[-50.89346799999999,-20.5442183],[-50.89650569999999,-20.549432599999996],[-50.896414,-20.557528599999998],[-50.887222599999994,-20.558840099999998],[-50.884311499999995,-20.556367899999994],[-50.8843034,-20.549247199999996],[-50.8784802,-20.5498535],[-50.8818879,-20.543026799999996],[-50.8774605,-20.538514299999996],[-50.868271699999994,-20.545345699999995],[-50.8548142,-20.542871799999993],[-50.8489762,-20.5484693],[-50.84126189999999,-20.533345199999996],[-50.823603399999996,-20.5326747],[-50.81788039999999,-20.534840599999995],[-50.813241399999995,-20.5310794],[-50.807715200000004,-20.5353036],[-50.80640819999999,-20.541331699999997],[-50.81034819999999,-20.542438999999998],[-50.8078346,-20.546767499999998],[-50.7995595,-20.541456399999998],[-50.7905759,-20.5458609],[-50.7880177,-20.541861199999996],[-50.7791421,-20.5454362],[-50.7693504,-20.544167699999996],[-50.7702804,-20.552332700000004],[-50.7648312,-20.552983499999996],[-50.75594809999999,-20.5484191],[-50.7543543,-20.5390411],[-50.73853,-20.5447874],[-50.73725259999999,-20.5360994],[-50.7293518,-20.5331372],[-50.730449199999995,-20.531129799999995],[-50.72499299999999,-20.5268534],[-50.712756399999996,-20.5275023],[-50.705700199999995,-20.5344483],[-50.6958283,-20.528870999999995],[-50.69184479999999,-20.53851179999999],[-50.6879507,-20.535281399999995],[-50.691009199999996,-20.533566200000003],[-50.688471199999995,-20.533306900000003],[-50.6891151,-20.523546800000002],[-50.6830912,-20.5245127],[-50.6821798,-20.529425100000005],[-50.679307,-20.5300961],[-50.6788256,-20.5276081],[-50.66537699999999,-20.531655200000003],[-50.66139019999999,-20.527387099999995],[-50.6614156,-20.519467499999998],[-50.6497662,-20.514598],[-50.6480926,-20.507065700000002],[-50.64461669999999,-20.506540199999993],[-50.6371876,-20.508343200000002],[-50.63687229999999,-20.5135496],[-50.634077,-20.5151893],[-50.624921699999994,-20.508061599999994],[-50.6132706,-20.51925],[-50.602756799999995,-20.519058199999993],[-50.6045899,-20.521365099999997],[-50.60064659999999,-20.524285299999995],[-50.59172829999999,-20.5227754],[-50.5860686,-20.515130100000004],[-50.5861163,-20.517615699999997],[-50.58335139999999,-20.5156572],[-50.58335069999999,-20.5187933],[-50.57334349999999,-20.5178406],[-50.5698264,-20.5213335],[-50.5656909,-20.5211917],[-50.55094,-20.530812999999995],[-50.5341373,-20.533317099999998],[-50.5274131,-20.537437499999996],[-50.518450699999995,-20.536993699999996],[-50.5083027,-20.5504406],[-50.51528269999999,-20.5698743],[-50.51189029999999,-20.574273599999998],[-50.51326159999999,-20.579613899999995],[-50.50658459999999,-20.587895800000002],[-50.5114954,-20.623333400000003],[-50.49069159999999,-20.646435899999997],[-50.4823524,-20.645497999999996],[-50.479671499999995,-20.6535421],[-50.48324989999999,-20.6602876],[-50.476618099999996,-20.685599199999995],[-50.4810445,-20.696759099999994],[-50.4942447,-20.704578100000003],[-50.4982134,-20.7197152],[-50.5021175,-20.724365599999995],[-50.49976319999999,-20.736495200000004],[-50.505738699999995,-20.7512329],[-50.50558269999999,-20.7616059],[-50.4567487,-20.778596499999995],[-50.45308159999999,-20.797588499999996],[-50.449937,-20.8008697],[-50.440205799999994,-20.7982711],[-50.4328513,-20.8001831],[-50.4322217,-20.796520900000004],[-50.42437929999999,-20.7907724],[-50.4206315,-20.77392],[-50.423859699999994,-20.770797099999996],[-50.42307679999999,-20.761874499999998],[-50.418286599999995,-20.7490418],[-50.419923299999994,-20.74227099999999],[-50.4150549,-20.741298499999996],[-50.4132409,-20.737506200000002],[-50.41296559999999,-20.7267426],[-50.416664299999994,-20.7213378],[-50.4186723,-20.7091316],[-50.397328599999994,-20.724035399999998],[-50.3343323,-20.723100599999995],[-50.3156984,-20.7175584],[-50.3070422,-20.7100929],[-50.2961927,-20.712773099999996],[-50.2943054,-20.734472499999992],[-50.27289129999999,-20.733671599999997],[-50.2654228,-20.752183200000005],[-50.26738749999999,-20.760602499999997],[-50.27612669999999,-20.7737893],[-50.28252239999999,-20.798990299999996],[-50.29058679999999,-20.808820999999995],[-50.28703329999999,-20.8265377],[-50.2905883,-20.8357308],[-50.276759999999996,-20.8345269],[-50.265369,-20.839043599999997],[-50.261792299999996,-20.8355335],[-50.25301519999999,-20.835416999999996],[-50.24664099999999,-20.8386224],[-50.2396884,-20.837517],[-50.23542199999999,-20.847178699999997],[-50.2138143,-20.866050899999994],[-50.1976716,-20.860742299999995],[-50.187192499999995,-20.868323899999993],[-50.15830230000001,-20.8756694],[-50.149515799999996,-20.8732029],[-50.1328484,-20.882313499999995],[-50.1234953,-20.880039999999997],[-50.11641699999999,-20.8825432],[-50.1120543,-20.8763193],[-50.111890599999995,-20.8799885],[-50.105445599999996,-20.886298899999996],[-50.09268159999999,-20.886765199999996],[-50.0711837,-20.9104263],[-50.072638,-20.9137797],[-50.0655885,-20.920393599999993],[-50.06176,-20.930927899999997],[-50.0621449,-20.939256],[-50.0568162,-20.939873199999997],[-50.0506798,-20.931473999999998],[-50.04594349999999,-20.9407673],[-50.03639359999999,-20.9437568],[-50.0319042,-20.9332582],[-50.023374,-20.941264499999996],[-50.0329217,-20.97839009999999],[-50.0394456,-20.981057100000005],[-50.0438293,-20.9913107],[-50.0550375,-20.9973332],[-50.0680951,-21.013648299999996],[-50.07446939999999,-21.017472000000005],[-50.0813147,-21.0271398],[-50.0779351,-21.0323573],[-50.083787599999994,-21.034683799999996],[-50.0835627,-21.0390867],[-50.0899903,-21.0397474],[-50.0976364,-21.057108899999996],[-50.10747719999999,-21.0630001],[-50.109234,-21.0874118],[-50.1128443,-21.094086299999997],[-50.1034398,-21.1017431],[-50.1096611,-21.103440999999997],[-50.113112,-21.107749599999995],[-50.11561009999999,-21.1174066],[-50.1223692,-21.1169273],[-50.13299189999999,-21.129445599999997],[-50.151316099999995,-21.1398861],[-50.1467745,-21.143349099999995],[-50.1483,-21.155583299999993],[-50.13939729999999,-21.1698553],[-50.132862,-21.192754399999995],[-50.1139664,-21.2088479],[-50.09098,-21.2203344],[-50.0706251,-21.213296299999993],[-50.06059559999999,-21.215023999999996],[-50.0277253,-21.210727599999995],[-50.0002179,-21.2266555],[-49.97798589999999,-21.2297469],[-49.96206089999999,-21.2277122],[-49.9366518,-21.2327001],[-49.9282596,-21.2267755],[-49.92112109999999,-21.22594],[-49.9127403,-21.239572599999992],[-49.8846692,-21.248168399999997],[-49.868912099999996,-21.260726799999997],[-49.855755499999994,-21.260496499999995],[-49.8476578,-21.2718421],[-49.8316287,-21.2749525],[-49.8331372,-21.277264499999998],[-49.830589399999994,-21.280817],[-49.8254927,-21.280277],[-49.83178759999999,-21.284571],[-49.8231699,-21.295308799999997],[-49.82443489999999,-21.2999404],[-49.81805529999999,-21.303103899999996],[-49.81661819999999,-21.315597099999998],[-49.8239847,-21.318477799999993],[-49.8228711,-21.323544499999997],[-49.825949,-21.325682900000004],[-49.8239765,-21.3303331],[-49.82732519999999,-21.333404799999993],[-49.82688619999999,-21.3392685],[-49.83298150000001,-21.3377389],[-49.848126,-21.3656872],[-49.8520091,-21.369009499999997],[-49.8557317,-21.367865999999996],[-49.8562553,-21.372746199999995],[-49.8615499,-21.3771462],[-49.8640532,-21.389951399999998],[-49.86855250000001,-21.392625699999996],[-49.86113319999999,-21.409487099999996],[-49.8634445,-21.4184104],[-49.8611456,-21.4304801],[-49.866301,-21.4364435],[-49.8647586,-21.439614900000002],[-49.870799299999995,-21.4427124],[-49.867113499999995,-21.448437899999995],[-49.87134259999999,-21.4517538],[-49.86850599999999,-21.4541928],[-49.8705411,-21.457032299999998],[-49.868592,-21.459482099999995],[-49.8722429,-21.4688611],[-49.886316599999994,-21.471205799999996],[-49.8910983,-21.468525],[-49.89350519999999,-21.481938099999997],[-49.9085973,-21.504451699999997],[-49.911449399999995,-21.5197795],[-49.910042399999995,-21.5230273],[-49.902405099999996,-21.523809399999998],[-49.9118588,-21.553215600000005],[-49.91578239999999,-21.557460099999993],[-49.9335047,-21.5538485],[-49.95407590000001,-21.577034099999995],[-49.96346669999999,-21.579598199999996],[-49.96754750000001,-21.576503699999993],[-49.979877099999996,-21.578250799999996],[-49.98664459999999,-21.5878634],[-49.99325259999999,-21.590919699999997],[-50.0043295,-21.587264699999995],[-50.0132667,-21.5900433],[-50.0282063,-21.589234899999994],[-50.038540899999994,-21.5953417],[-50.0481975,-21.609928299999996],[-50.05530449999999,-21.608632500000002],[-50.05835009999999,-21.6032022],[-50.0607405,-21.595954999999993],[-50.05774149999999,-21.586997399999998],[-50.0608534,-21.5839415],[-50.0611094,-21.5894354],[-50.07366549999999,-21.595959599999997],[-50.0797967,-21.610321999999996],[-50.1001188,-21.620998599999997],[-50.1001248,-21.6434938],[-50.10330149999999,-21.646105300000002],[-50.10962529999999,-21.6732023],[-50.106014,-21.681051999999998],[-50.11024909999999,-21.685106399999995],[-50.1104546,-21.689925900000002],[-50.1145425,-21.692235500000002],[-50.120145199999996,-21.6849832],[-50.1246698,-21.690065899999997],[-50.1290283,-21.689209699999996],[-50.13030549999999,-21.6914654],[-50.13314549999999,-21.688464599999996],[-50.1438759,-21.686578],[-50.147509799999995,-21.682436],[-50.1553819,-21.6810553],[-50.16255159999999,-21.685763499999997],[-50.1645607,-21.6939519],[-50.1682558,-21.696229699999996],[-50.168127399999996,-21.693826699999992],[-50.1729222,-21.6950876],[-50.17613469999999,-21.689920600000004],[-50.183018,-21.6932362],[-50.1898304,-21.689722299999996],[-50.19542359999999,-21.691907499999996],[-50.207620999999996,-21.6868129],[-50.2122176,-21.6923654],[-50.2115756,-21.69657039999999],[-50.2202195,-21.6973716],[-50.2228134,-21.699152399999996],[-50.2216058,-21.701778899999994],[-50.231664,-21.699412400000003],[-50.231733199999994,-21.697256700000004],[-50.2367718,-21.699094499999998],[-50.243870599999994,-21.6971157],[-50.2444168,-21.699362099999995],[-50.24589619999999,-21.6967492],[-50.2511234,-21.704576300000003],[-50.2655365,-21.7032814],[-50.2716355,-21.709783999999996],[-50.2743608,-21.7075521],[-50.285294799999996,-21.7091857],[-50.2919493,-21.7155416],[-50.2954368,-21.714491499999998],[-50.2944414,-21.7173232],[-50.299802799999995,-21.714203099999995],[-50.301296699999995,-21.7158247],[-50.3045968,-21.711095],[-50.3093599,-21.714418600000002],[-50.3212553,-21.706398600000004],[-50.3233427,-21.709252999999997],[-50.3267722,-21.7074517],[-50.3297275,-21.711103499999997],[-50.3303387,-21.709154499999997],[-50.335142999999995,-21.717257599999996],[-50.3392321,-21.7142261],[-50.342073199999994,-21.7155457],[-50.3434256,-21.710559],[-50.34877169999999,-21.709666499999997],[-50.355447999999996,-21.715671400000005],[-50.3540882,-21.71892589999999],[-50.3579268,-21.7193648],[-50.36063039999999,-21.7257848],[-50.3653702,-21.720117],[-50.36838319999999,-21.7197704],[-50.371925499999996,-21.723608100000003],[-50.3795788,-21.718343599999997],[-50.391151400000005,-21.719322099999996],[-50.39478749999999,-21.7158636],[-50.399674899999994,-21.7165645],[-50.4099906,-21.7069428],[-50.40999620000001,-21.703631799999997],[-50.41144469999999,-21.707094199999997],[-50.414316199999995,-21.704926199999996],[-50.4143143,-21.707309],[-50.4169142,-21.704591899999997],[-50.421422899999996,-21.705652899999997],[-50.4266121,-21.694867999999996],[-50.4330339,-21.6946197],[-50.433960299999995,-21.6977365],[-50.450589599999994,-21.693121899999998],[-50.4508826,-21.6900823],[-50.4572668,-21.6872966],[-50.464388099999994,-21.688153],[-50.4614535,-21.689965599999997],[-50.46473550000001,-21.6925542],[-50.46241929999999,-21.6939895],[-50.46455379999999,-21.7067827],[-50.466143699999996,-21.704098099999996],[-50.469422099999996,-21.705892],[-50.474927199999996,-21.7019041],[-50.4808709,-21.702039799999998],[-50.4813482,-21.704163500000003],[-50.4848274,-21.7023299],[-50.4900107,-21.705181900000003],[-50.489900899999995,-21.7097132],[-50.4959667,-21.7152867],[-50.50320249999999,-21.7157962],[-50.5107805,-21.703329000000004],[-50.5162834,-21.7103072],[-50.52071299999999,-21.705857799999997],[-50.522282499999996,-21.709027199999998],[-50.5377685,-21.699517899999996],[-50.5441132,-21.698987300000002],[-50.5451075,-21.7016504],[-50.548491199999994,-21.6995694],[-50.5498664,-21.702504099999995],[-50.55195379999999,-21.697751499999995],[-50.5544686,-21.6989058],[-50.55387259999999,-21.694372500000004],[-50.560766099999995,-21.693265299999997],[-50.5612036,-21.690839799999996],[-50.5705542,-21.6918729],[-50.57296130000001,-21.6871354],[-50.579134,-21.6863472],[-50.577443699999996,-21.6840405],[-50.5854801,-21.6796021],[-50.5888653,-21.680697999999996],[-50.58729829999999,-21.6781959],[-50.5900636,-21.6737441],[-50.598168799999996,-21.672338699999997],[-50.598624599999994,-21.6687217],[-50.603165499999996,-21.666663999999997],[-50.59771909999999,-21.6624846],[-50.60070939999999,-21.6584425]]]}},{"type":"Feature","properties":{"u":2},"geometry":{"type":"Polygon","coordinates":[[[-48.4454675,-22.062251],[-48.45511129999999,-22.0492994],[-48.463433599999995,-22.049198399999998],[-48.4768576,-22.041826799999996],[-48.4809113,-22.0322053],[-48.4873685,-22.0271133],[-48.4814822,-22.014171699999995],[-48.4909572,-22.011327299999998],[-48.49773979999999,-22.012185199999998],[-48.5070461,-22.0216133],[-48.53027519999999,-22.0288414],[-48.5365882,-22.0350777],[-48.54429319999999,-22.0345397],[-48.54712239999999,-22.024598699999995],[-48.552170600000004,-22.024050400000004],[-48.55383059999999,-22.016373099999996],[-48.564001,-22.005088499999996],[-48.587409099999995,-22.000413999999996],[-48.590125,-21.9966775],[-48.593294199999995,-21.996889599999996],[-48.5960684,-21.988421699999996],[-48.61160829999999,-21.985909899999996],[-48.612756999999995,-21.978192100000005],[-48.620181499999994,-21.978699399999996],[-48.62648819999999,-21.9712288],[-48.633635299999995,-21.9676488],[-48.64287689999999,-21.971304599999996],[-48.6467082,-21.9693007],[-48.648552699999996,-21.9630436],[-48.6511803,-21.964057199999996],[-48.65309229999999,-21.9602208],[-48.6571772,-21.95933],[-48.6566311,-21.9541783],[-48.669801,-21.9498335],[-48.67211979999999,-21.943631199999995],[-48.66848029999999,-21.941407099999996],[-48.67813759999999,-21.9331077],[-48.68011429999999,-21.925642],[-48.6856153,-21.921735499999997],[-48.68397529999999,-21.917081199999995],[-48.6884491,-21.912617200000003],[-48.696848,-21.912882099999997],[-48.69929760000001,-21.9102358],[-48.705287299999995,-21.9133143],[-48.70678759999999,-21.9095449],[-48.7165464,-21.909736899999995],[-48.7180453,-21.9077209],[-48.7181404,-21.909797199999993],[-48.7192601,-21.907044399999997],[-48.7210009,-21.90884],[-48.7200267,-21.9008447],[-48.72585260000001,-21.896707999999997],[-48.72452559999999,-21.893045500000003],[-48.7311545,-21.8893588],[-48.73742909999999,-21.890363099999995],[-48.735930700000004,-21.888804099999998],[-48.740049299999995,-21.8894683],[-48.7422561,-21.886714999999995],[-48.7453761,-21.8895772],[-48.749245099999996,-21.885061799999992],[-48.7529378,-21.886978199999994],[-48.754711699999994,-21.883804999999995],[-48.76055169999999,-21.883966799999996],[-48.768074399999996,-21.889663299999995],[-48.7672363,-21.891900299999993],[-48.773823199999995,-21.892062000000003],[-48.77908779999999,-21.895767],[-48.78538240000001,-21.8940156],[-48.7857551,-21.896407999999997],[-48.7942292,-21.891705099999996],[-48.7989653,-21.895153399999998],[-48.7991009,-21.89235469999999],[-48.800407699999994,-21.894176000000005],[-48.806612400000006,-21.893105199999997],[-48.808952899999994,-21.890642299999996],[-48.80985369999999,-21.893622200000003],[-48.81722119999999,-21.8905444],[-48.82082969999999,-21.892417999999996],[-48.8218121,-21.8895926],[-48.8273341,-21.892982899999996],[-48.8306142,-21.890420199999998],[-48.83550799999999,-21.894886499999995],[-48.8325588,-21.8948572],[-48.832946699999994,-21.898805199999995],[-48.839979,-21.898329999999994],[-48.84082909999999,-21.903134299999998],[-48.84793839999999,-21.909874800000004],[-48.8654555,-21.9166727],[-48.8715254,-21.914458],[-48.87915699999999,-21.920865199999998],[-48.892171,-21.906656999999992],[-48.90798929999999,-21.8663141],[-48.918072099999996,-21.860535900000002],[-48.969077,-21.848169100000003],[-48.9819347,-21.8394249],[-48.9878402,-21.8320343],[-48.990063899999996,-21.824946299999997],[-48.98849709999999,-21.815410999999994],[-48.96192179999999,-21.784994499999996],[-48.96022979999999,-21.7717361],[-48.9648739,-21.762534499999997],[-48.97312279999999,-21.758612199999998],[-48.9801409,-21.7589615],[-49.0191057,-21.770807299999998],[-49.0440737,-21.774224699999994],[-49.0762001,-21.7577145],[-49.10521119999999,-21.750685199999996],[-49.1157764,-21.738030400000003],[-49.1243023,-21.720214699999993],[-49.13958559999999,-21.7062882],[-49.151120299999995,-21.6832834],[-49.15025519999999,-21.661649699999995],[-49.15608430000001,-21.6535178],[-49.1694039,-21.6461119],[-49.1883414,-21.647335499999997],[-49.20795919999999,-21.655550799999993],[-49.2100702,-21.6668547],[-49.2144241,-21.671642700000003],[-49.2274006,-21.659535900000005],[-49.2410986,-21.6224333],[-49.2309799,-21.6208524],[-49.218428599999996,-21.604305799999995],[-49.2122184,-21.6048151],[-49.2014754,-21.5974954],[-49.1874622,-21.595947],[-49.18012629999999,-21.591135799999996],[-49.176516299999996,-21.577209699999994],[-49.165666099999996,-21.570488700000002],[-49.1636944,-21.560699599999996],[-49.1547551,-21.554394699999996],[-49.1544912,-21.541224],[-49.1493074,-21.5289358],[-49.13928299999999,-21.525670599999998],[-49.1330823,-21.516380099999996],[-49.11845329999999,-21.5154724],[-49.114140899999995,-21.498717099999997],[-49.0958366,-21.4825548],[-49.0871378,-21.466283599999997],[-49.0821645,-21.464533700000004],[-49.07247859999999,-21.476846699999996],[-49.050805,-21.489541999999997],[-49.040959599999994,-21.491572899999998],[-49.0384967,-21.48480719999999],[-49.0196104,-21.482431500000004],[-48.993258299999994,-21.456263500000002],[-48.9829612,-21.455380499999997],[-48.98654839999999,-21.4382734],[-48.9810953,-21.416050099999996],[-48.970041499999994,-21.425147999999997],[-48.955501299999995,-21.423789099999997],[-48.949288599999996,-21.425989],[-48.94574,-21.412615900000002],[-48.9483302,-21.3991662],[-48.9027133,-21.371053300000003],[-48.8987952,-21.371175100000002],[-48.890155799999995,-21.385737500000005],[-48.8796397,-21.389511499999994],[-48.8766187,-21.3934079],[-48.85274119999999,-21.392849299999998],[-48.84918819999999,-21.3904399],[-48.8381764,-21.395534000000005],[-48.836067299999996,-21.3927607],[-48.82389669999999,-21.407977099999997],[-48.8190665,-21.407418699999997],[-48.814159,-21.4116336],[-48.804609199999994,-21.4130785],[-48.7942132,-21.4087816],[-48.790931400000005,-21.4180082],[-48.7821211,-21.4208882],[-48.774872499999994,-21.427379999999996],[-48.7568576,-21.4240061],[-48.75347579999999,-21.4205062],[-48.74735669999999,-21.4238789],[-48.7453041,-21.421613199999996],[-48.7398885,-21.4228045],[-48.73296080000001,-21.4176186],[-48.723060999999994,-21.419459],[-48.7146167,-21.4047981],[-48.7165917,-21.400628899999997],[-48.713665999999996,-21.3975408],[-48.7028542,-21.3929211],[-48.690816999999996,-21.394330100000005],[-48.6847235,-21.388336799999998],[-48.68296,-21.3755062],[-48.67679699999999,-21.3616955],[-48.6698089,-21.3536449],[-48.66974389999999,-21.3376534],[-48.66251449999999,-21.3340676],[-48.6626322,-21.325139199999995],[-48.654123299999995,-21.316016300000005],[-48.6525935,-21.299245199999998],[-48.64657059999999,-21.295390399999995],[-48.6399537,-21.3020207],[-48.633037,-21.303618999999998],[-48.619296999999996,-21.2869331],[-48.61198079999999,-21.2930709],[-48.6039324,-21.3150493],[-48.588362,-21.315151299999997],[-48.585884899999996,-21.3242655],[-48.5767212,-21.3302365],[-48.577325699999996,-21.3397412],[-48.57385579999999,-21.3416838],[-48.5650267,-21.337877999999996],[-48.553070399999996,-21.339009100000002],[-48.54547,-21.351735499999997],[-48.537709799999995,-21.3541064],[-48.5266974,-21.351763499999997],[-48.51393999999999,-21.344359400000002],[-48.49450029999999,-21.347256099999996],[-48.48514019999999,-21.334682999999995],[-48.4784821,-21.331769499999996],[-48.47453089999999,-21.338044199999995],[-48.4510234,-21.346588900000004],[-48.43811339999999,-21.342815499999997],[-48.43245139999999,-21.3362565],[-48.433299399999996,-21.3249622],[-48.4268243,-21.318652699999998],[-48.41670729999999,-21.3204217],[-48.40981839999999,-21.3174901],[-48.4000703,-21.31957179999999],[-48.3914934,-21.3169049],[-48.378552299999996,-21.324780299999997],[-48.36963229999999,-21.321529299999998],[-48.35170569999999,-21.3211564],[-48.3416479,-21.331663600000002],[-48.3365434,-21.331485199999996],[-48.3342369,-21.348138000000002],[-48.3233455,-21.357301699999997],[-48.31181639999999,-21.3607467],[-48.3358396,-21.3852449],[-48.3371411,-21.426354499999995],[-48.32725039999999,-21.4262596],[-48.3193571,-21.4320503],[-48.3079315,-21.4357439],[-48.292016399999994,-21.4346464],[-48.286235399999995,-21.4365476],[-48.2825552,-21.4812972],[-48.23465289999999,-21.473750399999997],[-48.23106739999999,-21.470780300000005],[-48.221020900000006,-21.471223899999995],[-48.2146933,-21.467189099999995],[-48.197954,-21.464960599999998],[-48.1815808,-21.4477508],[-48.177848499999996,-21.437572500000005],[-48.1714885,-21.4365657],[-48.16783989999999,-21.438786600000004],[-48.163828599999995,-21.4355299],[-48.1620699,-21.4375831],[-48.1580918,-21.4326279],[-48.145432199999995,-21.429872700000004],[-48.14356699999999,-21.426622899999998],[-48.1313833,-21.431442399999998],[-48.1295657,-21.436156299999997],[-48.119566299999995,-21.4357888],[-48.1122412,-21.4254798],[-48.11350269999999,-21.420585700000004],[-48.1090493,-21.4282793],[-48.10906859999999,-21.444458400000002],[-48.1037043,-21.448542699999997],[-48.10302039999999,-21.453482],[-48.08208239999999,-21.4615721],[-48.085039699999996,-21.468724799999997],[-48.07741519999999,-21.4704532],[-48.07427,-21.479238499999997],[-48.071764599999995,-21.4784916],[-48.0720532,-21.474048699999997],[-48.06872499999999,-21.479856],[-48.05730199999999,-21.475272],[-48.058119999999995,-21.479398000000003],[-48.054209,-21.481364],[-48.055355,-21.489226],[-48.047343,-21.490785999999996],[-48.0444692,-21.4940867],[-48.0510604,-21.495550599999998],[-48.0519956,-21.499563699999992],[-48.038658299999994,-21.504624699999994],[-48.0430701,-21.5100341],[-48.0422279,-21.515652600000003],[-48.028310299999994,-21.5135427],[-48.0318472,-21.519154199999996],[-48.028028899999995,-21.522642499999993],[-48.0331044,-21.5266131],[-48.026405,-21.530039199999994],[-48.027869,-21.538805400000005],[-48.0172817,-21.5396168],[-48.0172938,-21.533498600000005],[-48.012026,-21.53317459999999],[-48.01472119999999,-21.5420494],[-48.0058357,-21.5445283],[-48.009134599999996,-21.559888899999997],[-47.99566459999999,-21.5614883],[-47.9984681,-21.568515800000004],[-47.99474159999999,-21.5646317],[-47.990964299999995,-21.5656661],[-47.98910219999999,-21.5770982],[-47.9950708,-21.5769483],[-48.000317599999995,-21.580847599999995],[-47.9936792,-21.5794748],[-47.99376809999999,-21.584533],[-47.9897362,-21.585031899999997],[-47.992189599999996,-21.588996099999992],[-47.987822599999994,-21.589898599999998],[-47.9907509,-21.595587999999996],[-47.9841829,-21.5954501],[-47.984765499999995,-21.5882906],[-47.9824212,-21.5866129],[-47.98171229999999,-21.5928082],[-47.97762329999999,-21.591275399999997],[-47.964245999999996,-21.5982622],[-47.9551815,-21.590547199999996],[-47.950138,-21.598399499999992],[-47.9422669,-21.598112899999997],[-47.9459342,-21.5917621],[-47.93773319999999,-21.593166199999995],[-47.9415666,-21.587513100000002],[-47.9341461,-21.586952999999998],[-47.9384189,-21.579502999999995],[-47.93348949999999,-21.579987600000003],[-47.92435360000001,-21.573098999999996],[-47.923307,-21.584599099999995],[-47.9183009,-21.5833362],[-47.913168199999994,-21.589308399999997],[-47.90500990000001,-21.5794817],[-47.9024988,-21.5801432],[-47.9047128,-21.5840838],[-47.90049919999999,-21.589470699999996],[-47.89983079999999,-21.581518900000003],[-47.8967232,-21.5870502],[-47.889710799999996,-21.5819865],[-47.8850768,-21.586200999999996],[-47.8861132,-21.5905954],[-47.881850899999996,-21.589278],[-47.882518999999995,-21.5915323],[-47.878106599999995,-21.594802099999995],[-47.8809941,-21.598236900000003],[-47.87134019999999,-21.6030018],[-47.8712162,-21.606051599999994],[-47.879504,-21.6081343],[-47.88072429999999,-21.611081299999995],[-47.8723227,-21.6104184],[-47.8699038,-21.615815799999996],[-47.8689538,-21.610784999999996],[-47.862580200000004,-21.610949499999993],[-47.864462700000004,-21.6069157],[-47.85617709999999,-21.6078183],[-47.8539272,-21.6041454],[-47.8582894,-21.601328899999995],[-47.85353919999999,-21.597428299999997],[-47.8499626,-21.599815899999996],[-47.84625629999999,-21.597967999999995],[-47.8399135,-21.606789799999998],[-47.8404799,-21.6003301],[-47.83714429999999,-21.6045194],[-47.830074999999994,-21.601457299999996],[-47.8339686,-21.614441400000004],[-47.830920299999995,-21.6160007],[-47.8258602,-21.612347899999996],[-47.818555999999994,-21.6147668],[-47.8177635,-21.6249562],[-47.8111445,-21.631409],[-47.80379529999999,-21.630309999999994],[-47.8016138,-21.633125600000003],[-47.80229130000001,-21.635386400000005],[-47.8068276,-21.6355115],[-47.81182179999999,-21.6483938],[-47.8181783,-21.6469522],[-47.8256114,-21.653354399999998],[-47.825974099999996,-21.6567015],[-47.816927799999995,-21.662541999999995],[-47.830577999999996,-21.669462300000003],[-47.8122673,-21.6793154],[-47.8121742,-21.689834600000005],[-47.816997099999995,-21.695433700000002],[-47.81185959999999,-21.6991117],[-47.79565329999999,-21.694626699999997],[-47.7865442,-21.699829400000002],[-47.781430099999994,-21.691610899999997],[-47.7681522,-21.691463799999998],[-47.7591231,-21.695690399999997],[-47.7561062,-21.700079699999996],[-47.75016209999999,-21.7014143],[-47.7453391,-21.709301],[-47.73413,-21.7142784],[-47.7217836,-21.705949900000004],[-47.7052003,-21.720683499999996],[-47.6814804,-21.715786500000004],[-47.676802699999996,-21.7219981],[-47.67863189999999,-21.7330648],[-47.6733383,-21.7350637],[-47.6671571,-21.7426131],[-47.6473168,-21.7372218],[-47.6449198,-21.726450899999993],[-47.63637669999999,-21.7250528],[-47.63150890000001,-21.7269103],[-47.62998219999999,-21.734087499999998],[-47.62417429999999,-21.7342715],[-47.6235415,-21.7404543],[-47.61456019999999,-21.751227499999995],[-47.6157357,-21.7434446],[-47.60808659999999,-21.7457752],[-47.5986362,-21.738305800000003],[-47.58791469999999,-21.734525299999994],[-47.5819739,-21.741851499999996],[-47.579023299999996,-21.7672451],[-47.5714905,-21.774413700000004],[-47.5698608,-21.784334900000005],[-47.5580577,-21.788064999999996],[-47.5415925,-21.802401300000003],[-47.53483589999999,-21.797643599999997],[-47.5305229,-21.7979241],[-47.5107459,-21.808191099999995],[-47.487154399999994,-21.795933999999992],[-47.4826971,-21.789564],[-47.4740613,-21.792642399999995],[-47.4646275,-21.7854968],[-47.4510961,-21.781172700000003],[-47.440524999999994,-21.785128499999995],[-47.4385429,-21.780828499999995],[-47.4437535,-21.7651608],[-47.4248063,-21.7556969],[-47.411402,-21.762632699999997],[-47.4090264,-21.770923299999996],[-47.39778449999999,-21.772914699999998],[-47.394305,-21.7673236],[-47.37663499999999,-21.777110799999992],[-47.3668468,-21.7787012],[-47.35918629999999,-21.7859248],[-47.35147669999999,-21.80459],[-47.3351106,-21.8142571],[-47.3378367,-21.8215444],[-47.3348819,-21.823462099999997],[-47.3355256,-21.828769600000005],[-47.3382286,-21.8289186],[-47.3408302,-21.838367699999996],[-47.3861722,-21.8496713],[-47.3973809,-21.857691199999998],[-47.404047899999995,-21.8781118],[-47.3933869,-21.887744899999998],[-47.395358099999996,-21.890587299999993],[-47.402373299999994,-21.8919959],[-47.39965560000001,-21.903284100000004],[-47.4056191,-21.9148394],[-47.4091997,-21.9135791],[-47.413743,-21.917794799999996],[-47.4193356,-21.9135954],[-47.47131809999999,-21.9154411],[-47.4864712,-21.922918],[-47.4974733,-21.9175658],[-47.5061627,-21.934921099999993],[-47.50779399999999,-21.933201799999996],[-47.5242415,-21.9435234],[-47.5354037,-21.955653399999996],[-47.5435693,-21.979738799999996],[-47.558976799999996,-21.9855077],[-47.5741292,-21.9862283],[-47.58070229999999,-21.9891427],[-47.5826912,-21.9949343],[-47.578102099999995,-22.002410599999997],[-47.57494129999999,-22.0177035],[-47.5794538,-22.0213236],[-47.5811421,-22.032301600000004],[-47.6007475,-22.0515968],[-47.6089304,-22.051953599999997],[-47.61742089999999,-22.0454414],[-47.6175271,-22.041726999999998],[-47.62224609999999,-22.041526999999995],[-47.636384,-22.055082299999995],[-47.6433933,-22.051931399999997],[-47.6515759,-22.054264099999997],[-47.658076099999995,-22.0517978],[-47.66893339999999,-22.039433199999998],[-47.6683226,-22.033440500000005],[-47.6756493,-22.013051099999995],[-47.69167029999999,-22.0272274],[-47.6976277,-22.027854000000005],[-47.70104359999999,-22.034105299999997],[-47.72124019999999,-22.0367366],[-47.738772899999994,-22.0534043],[-47.7449148,-22.055432899999992],[-47.74818119999999,-22.063808299999998],[-47.7461916,-22.078254899999997],[-47.7511179,-22.0792374],[-47.7526353,-22.089938399999998],[-47.76332020000001,-22.0876908],[-47.7717173,-22.092835699999995],[-47.7765643,-22.0913649],[-47.78983229999999,-22.097822200000003],[-47.78739529999999,-22.1138395],[-47.80007659999999,-22.128512599999993],[-47.80835630000001,-22.1324514],[-47.811264599999994,-22.140482199999997],[-47.8092484,-22.148378299999997],[-47.81567849999999,-22.154739999999997],[-47.814887199999994,-22.1613425],[-47.8204799,-22.1596857],[-47.82214179999999,-22.152097999999995],[-47.83081289999999,-22.148193299999996],[-47.85157589999999,-22.15653],[-47.85730459999999,-22.1561694],[-47.8620609,-22.1506619],[-47.87559319999999,-22.158512599999998],[-47.886784299999995,-22.1524271],[-47.88726069999999,-22.157888],[-47.8919755,-22.153649700000003],[-47.8968389,-22.156819700000003],[-47.8971055,-22.1600737],[-47.91433119999999,-22.1496599],[-47.91978939999999,-22.150699899999996],[-47.92853649999999,-22.139662499999996],[-47.9275407,-22.1311259],[-47.9321805,-22.127781499999998],[-47.9313686,-22.1246055],[-47.9473797,-22.111123699999997],[-47.96207759999999,-22.116121699999994],[-47.9637889,-22.1133115],[-47.96744129999999,-22.114184000000005],[-47.9704161,-22.1189432],[-47.9714179,-22.1170597],[-47.9745688,-22.118999],[-47.97519779999999,-22.114724999999996],[-47.97785569999999,-22.1158971],[-47.9807466,-22.1125019],[-47.98407709999999,-22.114753799999995],[-47.98284429999999,-22.116976499999996],[-47.993112499999995,-22.116005599999998],[-47.9985231,-22.1101328],[-47.9987561,-22.1041865],[-48.00330869999999,-22.099362299999996],[-48.0105902,-22.096865700000002],[-48.02246619999999,-22.0799139],[-48.0265796,-22.0769278],[-48.03623029999999,-22.078135799999995],[-48.04487209999999,-22.0732246],[-48.04797659999999,-22.0779394],[-48.0436928,-22.0884153],[-48.04603819999999,-22.103217500000003],[-48.04372029999999,-22.1288703],[-48.057818100000006,-22.1507292],[-48.0655426,-22.149854199999993],[-48.0802878,-22.1570296],[-48.0899442,-22.168720099999998],[-48.1047199,-22.180081100000002],[-48.116698799999995,-22.178648099999997],[-48.1195979,-22.1827244],[-48.1347001,-22.183234999999996],[-48.1385466,-22.179085],[-48.157058799999994,-22.174855399999995],[-48.17588239999999,-22.166417599999996],[-48.181898700000005,-22.155068099999998],[-48.1986225,-22.1480414],[-48.2158414,-22.158824199999998],[-48.2444883,-22.1590627],[-48.25595359999999,-22.1546405],[-48.2550345,-22.1630342],[-48.2447856,-22.177897999999995],[-48.2554989,-22.1772074],[-48.269511,-22.181578],[-48.2742852,-22.192289499999998],[-48.28673989999999,-22.189146399999995],[-48.3085713,-22.1921565],[-48.314972000000004,-22.1987684],[-48.31608339999999,-22.1939783],[-48.32282229999999,-22.1935609],[-48.32339269999999,-22.189137],[-48.3310941,-22.189101799999996],[-48.3329294,-22.1846569],[-48.343230299999995,-22.1806768],[-48.3432383,-22.173565],[-48.3457144,-22.171363900000003],[-48.3530112,-22.17091569999999],[-48.35547969999999,-22.166814399999996],[-48.3621438,-22.164786200000005],[-48.36815359999999,-22.1647043],[-48.371682099999994,-22.1681807],[-48.37592239999999,-22.162260799999995],[-48.3874387,-22.1596196],[-48.385987799999995,-22.153051399999995],[-48.39256019999999,-22.1518106],[-48.39008979999999,-22.147943399999996],[-48.39539109999999,-22.147506599999996],[-48.3921926,-22.1388177],[-48.3976095,-22.131891399999997],[-48.395114799999995,-22.1297622],[-48.397209999999994,-22.1262636],[-48.395117899999995,-22.1212485],[-48.397692,-22.116575599999997],[-48.394565699999994,-22.114558099999996],[-48.3986469,-22.1132081],[-48.39578029999999,-22.112028399999993],[-48.4028341,-22.108495700000002],[-48.402023799999995,-22.1025534],[-48.4086971,-22.0941042],[-48.413708899999996,-22.093652999999996],[-48.415081799999996,-22.089331099999992],[-48.41968369999999,-22.0901978],[-48.422473,-22.094145600000004],[-48.4244179,-22.089943900000005],[-48.4331199,-22.087941599999997],[-48.433501099999994,-22.0836983],[-48.43592859999999,-22.084053299999997],[-48.4341267,-22.0773285],[-48.4374653,-22.0788754],[-48.4383204,-22.074851599999995],[-48.4450078,-22.073681099999995],[-48.4454675,-22.062251]]]}},{"type":"Feature","properties":{"u":3},"geometry":{"type":"MultiPolygon","coordinates":[[[[-47.03111179999999,-24.4284646],[-47.0312876,-24.428780700000004],[-47.0312951,-24.428444299999992],[-47.03111179999999,-24.4284646]]],[[[-46.9937817,-24.411423299999996],[-46.99433189999999,-24.41103109999999],[-46.993502299999996,-24.4110835],[-46.9937817,-24.411423299999996]]],[[[-47.000578399999995,-24.4084642],[-47.002479199999996,-24.4106012],[-47.0034042,-24.409643999999997],[-47.000578399999995,-24.4084642]]],[[[-46.9995119,-24.408035300000005],[-46.99948859999999,-24.408543999999992],[-46.9996753,-24.4084896],[-46.9995119,-24.408035300000005]]],[[[-47.0075912,-24.396462999999997],[-47.00739539999999,-24.3961086],[-47.0072498,-24.3962908],[-47.0075912,-24.396462999999997]]],[[[-46.98828099999999,-24.384026800000004],[-46.98640569999999,-24.3845064],[-46.98852589999999,-24.385310399999998],[-46.98828099999999,-24.384026800000004]]],[[[-46.986879,-24.3794379],[-46.98459809999999,-24.382420600000003],[-46.9875936,-24.381542],[-46.986879,-24.3794379]]],[[[-46.8053414,-24.3745644],[-46.80802059999999,-24.375943899999996],[-46.8079535,-24.3744092],[-46.8053414,-24.3745644]]],[[[-46.803409300000006,-24.373636],[-46.8039607,-24.3752986],[-46.8048921,-24.375362100000004],[-46.80510379999999,-24.3747446],[-46.803409300000006,-24.373636]]],[[[-47.005085199999996,-24.367838099999997],[-47.004940299999994,-24.3672837],[-47.00456019999999,-24.367618500000003],[-47.005085199999996,-24.367838099999997]]],[[[-46.9793444,-24.36122749999999],[-46.981039700000004,-24.362695900000002],[-46.979707,-24.360523299999997],[-46.9793444,-24.36122749999999]]],[[[-46.99979239999999,-24.349523899999998],[-46.9995087,-24.349548099999993],[-46.9997149,-24.3495925],[-46.99979239999999,-24.349523899999998]]],[[[-46.9100558,-24.260739199999996],[-46.9718344,-24.305053599999997],[-47.00186759999999,-24.335596299999995],[-47.0002809,-24.3489669],[-46.9988714,-24.3508224],[-46.996,-24.350524399999998],[-46.9986706,-24.351630800000002],[-47.0024817,-24.362065899999997],[-47.0182394,-24.378836099999997],[-47.0163207,-24.387383100000005],[-47.0084794,-24.388658399999997],[-47.010816199999994,-24.3903724],[-47.009366799999995,-24.396633599999998],[-47.0012903,-24.398262],[-47.00501349999999,-24.401638],[-47.003712199999995,-24.4094793],[-47.0093206,-24.410172300000003],[-47.0075735,-24.4138581],[-47.01534509999999,-24.412470000000003],[-47.021474999999995,-24.417007499999997],[-47.0202683,-24.4199844],[-47.025037499999996,-24.424961300000003],[-47.04693639999999,-24.429931999999997],[-47.0778999,-24.448204499999996],[-47.081262,-24.434134],[-47.085798,-24.430655999999995],[-47.093662,-24.435518000000002],[-47.10806999999999,-24.42982],[-47.108005999999996,-24.426937],[-47.111814,-24.426002999999998],[-47.11772599999999,-24.416916999999994],[-47.113703,-24.410363999999998],[-47.111902,-24.399062],[-47.100675,-24.391294999999996],[-47.113164,-24.385944999999996],[-47.110998,-24.382550999999996],[-47.116412,-24.376719],[-47.11416899999999,-24.371697999999995],[-47.119904,-24.363227999999996],[-47.109576,-24.351162999999996],[-47.095877,-24.353939],[-47.07485199999999,-24.343133],[-47.064426999999995,-24.343804999999996],[-47.062858,-24.337939999999996],[-47.05617899999999,-24.338758000000002],[-47.044990999999996,-24.334389],[-47.034558999999994,-24.321466000000004],[-47.02109,-24.283267],[-47.027992,-24.278022999999997],[-47.03343499999999,-24.279165999999996],[-47.040290999999996,-24.273633999999994],[-47.049020999999996,-24.276624],[-47.057077,-24.264198999999998],[-47.054841,-24.257854999999996],[-47.04848899999999,-24.252218999999993],[-47.049532,-24.249748],[-47.044411,-24.249100999999992],[-47.046277999999994,-24.245272999999997],[-47.04343899999999,-24.23924],[-47.038629,-24.233731999999993],[-47.031276,-24.231722999999995],[-47.029131,-24.219846999999998],[-47.03944899999999,-24.222053],[-47.042903,-24.216710000000003],[-47.048669,-24.216624],[-47.055181999999995,-24.211345000000005],[-47.05942999999999,-24.211135999999996],[-47.070758999999995,-24.195225999999998],[-47.065045999999995,-24.192314],[-47.064635,-24.186969],[-47.041988999999994,-24.177096999999996],[-47.04085799999999,-24.170453999999996],[-47.031041,-24.157625],[-47.033756,-24.14717],[-47.031119999999994,-24.148310999999996],[-47.013115,-24.141195],[-47.009941999999995,-24.137551999999996],[-47.010285,-24.131890000000002],[-47.005416999999994,-24.127744999999997],[-46.99194299999999,-24.122041],[-46.98604000000001,-24.125114],[-46.978373,-24.122424999999993],[-46.97211299999999,-24.113506999999995],[-46.96831,-24.107476000000002],[-46.969428,-24.092549999999996],[-46.97867399999999,-24.086383999999992],[-46.978196999999994,-24.081170999999998],[-46.980899,-24.080640999999996],[-46.983197999999994,-24.074137],[-46.9767572,-24.0625493],[-46.96467479999999,-24.058394300000003],[-46.96384259999999,-24.055129499999996],[-46.9673461,-24.053190299999994],[-46.9649593,-24.048437800000002],[-46.967810199999995,-24.044730500000004],[-46.9461481,-24.043605700000004],[-46.945842,-24.0405744],[-46.93970770000001,-24.0387635],[-46.9418975,-24.0363666],[-46.9362067,-24.0333867],[-46.9326489,-24.042204300000005],[-46.92820269999999,-24.045011199999998],[-46.920588599999995,-24.041526399999995],[-46.9165957,-24.043748299999997],[-46.9113159,-24.0415283],[-46.90842429999999,-24.0450169],[-46.900341299999994,-24.0461444],[-46.897926,-24.0415778],[-46.889310699999996,-24.038592500000004],[-46.88823219999999,-24.036737299999995],[-46.89334099999999,-24.0360569],[-46.8930081,-24.0342443],[-46.8854556,-24.0285872],[-46.885313200000006,-24.024384199999997],[-46.8718671,-24.0238795],[-46.8676694,-24.0191746],[-46.873313499999995,-24.016106099999995],[-46.868485799999995,-24.0096306],[-46.86917559999999,-24.000715700000004],[-46.871035,-23.9985732],[-46.8751178,-24.0018095],[-46.88303990000001,-23.989568199999997],[-46.8825104,-23.9839614],[-46.873616,-23.9786189],[-46.8676163,-23.980148799999995],[-46.862291,-23.974188399999996],[-46.85531339999999,-23.973497299999995],[-46.848559699999996,-23.965066099999998],[-46.839589,-23.9620097],[-46.8347854,-23.9562705],[-46.8262628,-23.958263],[-46.8230386,-23.9551592],[-46.829923300000004,-23.947305199999995],[-46.820199499999994,-23.9422363],[-46.8172348,-23.9435454],[-46.8135525,-23.9398464],[-46.801268,-23.937846999999998],[-46.793259,-23.943087],[-46.786695,-23.941589],[-46.781102999999995,-23.948723999999995],[-46.77417199999999,-23.950344],[-46.77511299999999,-23.956785],[-46.77145399999999,-23.961221],[-46.764892999999994,-23.961727000000003],[-46.763051,-23.967872],[-46.754815,-23.973033],[-46.768083999999995,-23.998663999999998],[-46.774736999999995,-24.002989000000003],[-46.771199,-24.008186],[-46.7669,-24.005349999999996],[-46.763033,-24.006201999999995],[-46.755047999999995,-23.996783],[-46.74331899999999,-23.991892],[-46.7311,-23.995495000000002],[-46.720858,-23.993001999999997],[-46.714482,-23.996115],[-46.70788399999999,-23.990888],[-46.69891799999999,-23.990137000000004],[-46.692632,-23.984610999999997],[-46.68513299999999,-23.982396999999995],[-46.67537399999999,-23.989425],[-46.661937,-23.988101999999994],[-46.649908,-24.001601],[-46.629209,-23.990858],[-46.633264,-23.987838999999997],[-46.635757,-23.977461999999996],[-46.62963599999999,-23.973185],[-46.615819699999996,-23.967288199999995],[-46.6125394,-23.9699316],[-46.600287,-23.963557],[-46.59493,-23.965226],[-46.580286,-23.95577],[-46.577193,-23.956873],[-46.571346,-23.952489],[-46.56967099999999,-23.946788999999995],[-46.56578699999999,-23.953835999999992],[-46.55644699999999,-23.941519999999997],[-46.552173999999994,-23.940402999999996],[-46.548273,-23.929731],[-46.545684,-23.930149],[-46.540724,-23.923630000000003],[-46.535346,-23.923256000000002],[-46.532262,-23.917575999999997],[-46.521283999999994,-23.912254999999995],[-46.52241899999999,-23.907747999999998],[-46.519946999999995,-23.905341999999997],[-46.50378299999999,-23.90478],[-46.497423,-23.901472999999996],[-46.48787649999999,-23.8847019],[-46.48525099999999,-23.883454000000004],[-46.48261300000001,-23.885704],[-46.46937599999999,-23.872927999999998],[-46.465827999999995,-23.861013],[-46.458621,-23.866135999999997],[-46.4597,-23.863177],[-46.454552,-23.853908999999994],[-46.441107,-23.847307],[-46.43789799999999,-23.842583],[-46.43901199999999,-23.839832],[-46.443865,-23.841000000000005],[-46.438829,-23.831359],[-46.444514999999996,-23.829133],[-46.437403999999994,-23.829302],[-46.43781,-23.826306999999996],[-46.434169999999995,-23.824054999999998],[-46.42659400000001,-23.825272999999996],[-46.40570799999999,-23.812307999999998],[-46.39605199999999,-23.811778000000004],[-46.39433199999999,-23.814359999999997],[-46.389391999999994,-23.809905999999998],[-46.383397,-23.809643999999995],[-46.377598000000006,-23.804134],[-46.373327,-23.795459999999995],[-46.377069999999996,-23.793588000000003],[-46.372387,-23.789710999999997],[-46.36743499999999,-23.792489],[-46.354444,-23.791471999999995],[-46.35362799999999,-23.788484],[-46.345174,-23.78746],[-46.338191,-23.781534999999998],[-46.320324,-23.785135000000004],[-46.320291999999995,-23.803097000000005],[-46.316528,-23.801996],[-46.30400499999999,-23.788934999999995],[-46.29666499999999,-23.787746999999996],[-46.273713,-23.766109999999998],[-46.26028,-23.767913],[-46.257983,-23.766186],[-46.255655,-23.759956999999996],[-46.24885799999999,-23.756895999999998],[-46.247876999999995,-23.746288999999997],[-46.23876099999999,-23.735358999999995],[-46.227005999999996,-23.73697599999999],[-46.21772299999999,-23.744114],[-46.21024499999999,-23.741721],[-46.208104,-23.751281],[-46.194086999999996,-23.754228],[-46.18640599999999,-23.744682999999995],[-46.17841799999999,-23.745671999999995],[-46.176869,-23.735897],[-46.17035,-23.732328],[-46.16584399999999,-23.734364999999997],[-46.158596,-23.732221000000003],[-46.155867,-23.736212999999996],[-46.14779299999999,-23.728265000000004],[-46.13181699999999,-23.724869],[-46.12612,-23.712894999999996],[-46.12240799999999,-23.714879],[-46.122657,-23.718726999999998],[-46.118190999999996,-23.715766],[-46.113919,-23.717800999999994],[-46.103825,-23.711661999999997],[-46.10020599999999,-23.719872],[-46.101615,-23.722723],[-46.096976999999995,-23.725851],[-46.10717799999999,-23.731060999999997],[-46.102395,-23.736325],[-46.06774,-23.729038999999997],[-46.065133,-23.722336000000002],[-46.056949,-23.716064000000003],[-46.043774,-23.720027000000005],[-46.030912,-23.720115],[-46.025849,-23.715609999999998],[-46.016655,-23.714846999999995],[-46.008499,-23.708676999999994],[-45.996866000000004,-23.704537999999996],[-45.992233,-23.705578999999997],[-45.987058,-23.699417000000004],[-45.97651299999999,-23.694005999999998],[-45.96950999999999,-23.696945999999997],[-45.95503699999999,-23.694133],[-45.95662599999999,-23.700566],[-45.93609699999999,-23.701209],[-45.919763999999994,-23.688432999999993],[-45.92441199999999,-23.681334000000003],[-45.918170999999994,-23.677570999999997],[-45.91506199999999,-23.66556],[-45.905644,-23.664311],[-45.90553,-23.660843],[-45.89955499999999,-23.655856],[-45.88706299999999,-23.657272],[-45.883038,-23.653311999999996],[-45.873196,-23.652619],[-45.87005,-23.655171],[-45.862744,-23.652066],[-45.857676999999995,-23.655256999999995],[-45.85468399999999,-23.646661],[-45.85065699999999,-23.647720000000003],[-45.849843,-23.643861],[-45.847297,-23.645598],[-45.84508099999999,-23.643627],[-45.841984999999994,-23.648469000000002],[-45.83393199999999,-23.648403],[-45.83114299999999,-23.651561999999995],[-45.833130999999995,-23.656377],[-45.831052,-23.663118999999995],[-45.83800399999999,-23.66913299999999],[-45.83260899999999,-23.669918000000003],[-45.829401999999995,-23.672386],[-45.83023099999999,-23.674749999999996],[-45.814109,-23.676927],[-45.798179,-23.675399999999996],[-45.794071,-23.680083],[-45.799601,-23.693110999999995],[-45.79487799999999,-23.715684],[-45.842402299999996,-23.758195999999995],[-45.8983204,-23.765352899999996],[-45.972647,-23.7853503],[-45.9905798,-23.792974599999997],[-45.9928466,-23.800275],[-45.9977578,-23.803210899999996],[-46.0002298,-23.803560799999996],[-46.0021108,-23.7998989],[-46.008131,-23.8002687],[-46.03426369999999,-23.810556800000004],[-46.039342100000006,-23.817787799999998],[-46.0349849,-23.821396500000002],[-46.03853139999999,-23.822021199999995],[-46.03898,-23.8259194],[-46.0470781,-23.832034299999997],[-46.0515922,-23.8293085],[-46.0449883,-23.825382700000002],[-46.048271,-23.818890599999992],[-46.0574811,-23.8143373],[-46.0662216,-23.8145953],[-46.1006122,-23.827719499999997],[-46.1283974,-23.8440863],[-46.132934199999994,-23.8514023],[-46.1331326,-23.8580087],[-46.1257431,-23.857023199999997],[-46.1238255,-23.860771100000004],[-46.1312855,-23.863068099999996],[-46.13632689999999,-23.868112599999993],[-46.139386699999996,-23.875324799999998],[-46.1375473,-23.8772004],[-46.14087249999999,-23.8808439],[-46.1374469,-23.885539000000005],[-46.13816,-23.8901131],[-46.1481776,-23.8937757],[-46.1520958,-23.901125599999997],[-46.1505823,-23.9058546],[-46.1461764,-23.9057761],[-46.15572869999999,-23.909256200000005],[-46.160650999999994,-23.9065103],[-46.1788713,-23.9241838],[-46.1805433,-23.933093599999996],[-46.17835409999999,-23.939027699999997],[-46.1738656,-23.941559800000004],[-46.1683385,-23.9377364],[-46.16559339999999,-23.9441573],[-46.16041109999999,-23.9455243],[-46.167010499999996,-23.947007199999998],[-46.1725675,-23.9578727],[-46.1819031,-23.961175899999994],[-46.1847043,-23.9653793],[-46.18724739999999,-23.9774306],[-46.184810799999994,-23.978807999999994],[-46.186325,-23.9868537],[-46.1817147,-23.989138999999998],[-46.182980699999995,-23.991546599999992],[-46.1912849,-23.989939899999992],[-46.200362999999996,-23.995111099999995],[-46.202490399999995,-24.000607499999997],[-46.20777459999999,-23.998976],[-46.202709899999995,-23.9941285],[-46.2036661,-23.9913103],[-46.21190030000001,-23.986407799999995],[-46.24739759999999,-23.993858099999997],[-46.26519799999999,-24.004051900000004],[-46.267444,-24.009072499999995],[-46.2629812,-24.014076999999997],[-46.269321399999995,-24.013246799999997],[-46.278566299999994,-24.0204935],[-46.280310799999995,-24.0259671],[-46.2781132,-24.036387],[-46.281957799999994,-24.0383807],[-46.282615699999994,-24.043030899999994],[-46.28892249999999,-24.045150899999996],[-46.28982109999999,-24.039810899999992],[-46.2868421,-24.038256300000004],[-46.28915070000001,-24.0366905],[-46.2847189,-24.032385200000004],[-46.28407870000001,-24.0264748],[-46.292123,-24.0231459],[-46.29082369999999,-24.019705099999996],[-46.294965499999996,-24.0159868],[-46.30456199999999,-24.019484599999995],[-46.31118039999999,-24.028664799999998],[-46.3130021,-24.0208092],[-46.319257199999996,-24.0245976],[-46.32466769999999,-24.021565499999998],[-46.32119649999999,-23.998790399999997],[-46.3132824,-23.998256599999998],[-46.305665999999995,-23.9911797],[-46.3174591,-23.9790532],[-46.3323278,-23.972723199999994],[-46.3577438,-23.9709544],[-46.3686878,-23.9748571],[-46.3688866,-23.981882300000002],[-46.3724888,-23.980182900000003],[-46.3717254,-23.974912099999997],[-46.37508369999999,-23.969936699999998],[-46.3817174,-23.970719799999998],[-46.38874499999999,-23.976289399999995],[-46.380977800000004,-23.9772579],[-46.378804499999994,-23.984174399999997],[-46.37451289999999,-23.986727499999997],[-46.377995999999996,-23.993781899999995],[-46.391793699999994,-23.9983834],[-46.38874549999999,-24.005226199999996],[-46.3922537,-24.007949599999996],[-46.39115580000001,-24.0129819],[-46.3836651,-24.018434400000004],[-46.3901253,-24.0170088],[-46.39026810000001,-24.0238268],[-46.3989054,-24.033519099999996],[-46.4017174,-24.0321703],[-46.399098,-24.026558500000004],[-46.3998782,-24.01882369999999],[-46.4081497,-24.015842399999993],[-46.4248092,-24.0166916],[-46.4650745,-24.027436299999994],[-46.5203696,-24.050471999999996],[-46.6350914,-24.1044789],[-46.6953364,-24.13628],[-46.7888464,-24.187245799999996],[-46.7938932,-24.1938765],[-46.8002671,-24.195117499999995],[-46.8048125,-24.200358799999997],[-46.820292599999995,-24.204243399999996],[-46.9100558,-24.260739199999996]]],[[[-46.8908754,-24.2543882],[-46.8900403,-24.254040399999997],[-46.889516699999994,-24.2544552],[-46.8908754,-24.2543882]]],[[[-46.67594739999999,-24.4758825],[-46.6713848,-24.488663199999994],[-46.67624719999999,-24.491996799999995],[-46.6779366,-24.484705499999997],[-46.67743359999999,-24.4779733],[-46.67594739999999,-24.4758825]]],[[[-46.6911045,-24.237062099999996],[-46.69024259999999,-24.2370562],[-46.690544,-24.237724300000004],[-46.6911045,-24.237062099999996]]],[[[-46.792059,-24.1940832],[-46.79244679999999,-24.1952267],[-46.79330279999999,-24.193725599999997],[-46.792059,-24.1940832]]],[[[-46.2710242,-24.0497252],[-46.2706519,-24.049858099999998],[-46.271080399999995,-24.0498812],[-46.2710242,-24.0497252]]],[[[-46.2628091,-24.0452908],[-46.2612123,-24.052731199999997],[-46.267365299999994,-24.050158199999995],[-46.2628091,-24.0452908]]],[[[-46.29500099999999,-24.028480000000002],[-46.2943337,-24.027487199999996],[-46.29398689999999,-24.027756499999995],[-46.29500099999999,-24.028480000000002]]],[[[-46.29210839999999,-24.0249218],[-46.2937256,-24.025364399999997],[-46.29219559999999,-24.0245568],[-46.29210839999999,-24.0249218]]],[[[-46.324925099999994,-24.008030499999997],[-46.3241577,-24.009388900000005],[-46.3254115,-24.0093892],[-46.324925099999994,-24.008030499999997]]],[[[-46.367817599999995,-23.982538299999998],[-46.36819549999999,-23.982043100000002],[-46.3676497,-23.982101199999995],[-46.367817599999995,-23.982538299999998]]],[[[-46.3527526,-23.9750978],[-46.35260769999999,-23.9732069],[-46.351363,-23.9731927],[-46.3527526,-23.9750978]]],[[[-46.163058,-24.329881400000005],[-46.1605911,-24.328407],[-46.16297689999999,-24.3313187],[-46.163058,-24.329881400000005]]],[[[-46.1828565,-24.320104699999998],[-46.180349099999994,-24.3197731],[-46.1833823,-24.321320900000003],[-46.1828565,-24.320104699999998]]],[[[-46.216788199999996,-24.0087402],[-46.219552400000005,-24.010449999999995],[-46.2165306,-24.007586900000003],[-46.216788199999996,-24.0087402]]],[[[-46.25505439999999,-24.0009019],[-46.2543155,-24.0024837],[-46.2559402,-24.001220599999996],[-46.25505439999999,-24.0009019]]],[[[-46.1825445,-23.971122899999997],[-46.1813568,-23.9753375],[-46.1842285,-23.975037999999998],[-46.1825445,-23.971122899999997]]],[[[-46.17715449999999,-23.9705528],[-46.176364099999994,-23.969765599999995],[-46.175801,-23.969902899999997],[-46.17715449999999,-23.9705528]]],[[[-46.1678292,-23.966357499999997],[-46.1659676,-23.9675009],[-46.1680772,-23.967773599999994],[-46.1678292,-23.966357499999997]]],[[[-46.170024,-23.927838199999993],[-46.169952099999996,-23.927057299999994],[-46.1695968,-23.927329499999995],[-46.170024,-23.927838199999993]]],[[[-46.166690499999994,-23.915239],[-46.16811069999999,-23.915897999999995],[-46.1682921,-23.914721799999995],[-46.166690499999994,-23.915239]]],[[[-46.1359179,-23.891852900000004],[-46.1369286,-23.8933122],[-46.1375382,-23.892268000000005],[-46.1359179,-23.891852900000004]]],[[[-46.12833,-23.8852399],[-46.130391200000005,-23.88486629999999],[-46.12920239999999,-23.8838367],[-46.12833,-23.8852399]]],[[[-46.13418659999999,-23.872096399999997],[-46.135749499999996,-23.8716675],[-46.133900000000004,-23.871262800000004],[-46.13418659999999,-23.872096399999997]]],[[[-46.0260698,-23.825646199999998],[-46.0258932,-23.826961600000004],[-46.0267629,-23.8267032],[-46.0260698,-23.825646199999998]]]]}},{"type":"Feature","properties":{"u":4},"geometry":{"type":"Polygon","coordinates":[[[-50.58099399999999,-22.9052719],[-50.60380839999999,-22.9231785],[-50.6116035,-22.9236028],[-50.6203155,-22.9121601],[-50.6372967,-22.906937199999998],[-50.6485066,-22.897084899999996],[-50.66354609999999,-22.8956692],[-50.679942,-22.9032102],[-50.713083399999995,-22.9559906],[-50.736369999999994,-22.963350999999996],[-50.7452231,-22.9599835],[-50.75032989999999,-22.9514991],[-50.758662099999995,-22.947654399999998],[-50.77794699999999,-22.9463236],[-50.795935,-22.951179399999997],[-50.803992,-22.945736599999996],[-50.8061462,-22.940299299999996],[-50.7931381,-22.905117299999997],[-50.792951699999996,-22.8943535],[-50.7978171,-22.8885524],[-50.8170131,-22.879540999999993],[-50.82375029999999,-22.865779899999993],[-50.830665399999994,-22.862173299999995],[-50.8423871,-22.831398499999995],[-50.8544726,-22.8199684],[-50.8922507,-22.794925799999998],[-50.919054,-22.7959305],[-50.9276919,-22.797749900000003],[-50.937347,-22.8047991],[-50.9445885,-22.804660099999996],[-50.96161529999999,-22.7862284],[-50.982129699999994,-22.781652899999994],[-50.978534999999994,-22.779907899999998],[-50.9801932,-22.7782099],[-50.9774584,-22.773912799999998],[-50.9805869,-22.7678077],[-50.97781009999999,-22.766308199999997],[-50.9777354,-22.768459199999995],[-50.972090200000004,-22.768733099999995],[-50.9674777,-22.764367800000002],[-50.96444799999999,-22.770918299999998],[-50.9637565,-22.7656368],[-50.95908089999999,-22.763430599999996],[-50.963173299999994,-22.7627263],[-50.96305939999999,-22.757309599999996],[-50.9675441,-22.756560299999997],[-50.9611591,-22.749886099999998],[-50.9617476,-22.7472775],[-50.957892699999995,-22.750513199999997],[-50.95168129999999,-22.750396699999996],[-50.95307269999999,-22.753740299999997],[-50.95021129999999,-22.7551968],[-50.950516199999996,-22.746646999999996],[-50.945032700000006,-22.7448403],[-50.9339785,-22.726300599999995],[-50.9407385,-22.720659100000002],[-50.9376219,-22.711266399999992],[-50.9451229,-22.708598700000003],[-50.942236699999995,-22.7030669],[-50.948314399999994,-22.701165699999997],[-50.952878199999994,-22.694871],[-50.9458551,-22.6877558],[-50.9499054,-22.684632199999996],[-50.9490671,-22.677916300000003],[-50.943040399999994,-22.6730482],[-50.9423673,-22.668947],[-50.9326845,-22.672533799999997],[-50.9299413,-22.669452999999997],[-50.9314729,-22.666320399999996],[-50.9250617,-22.664293300000004],[-50.9280266,-22.6617403],[-50.92342589999999,-22.656391099999997],[-50.9265361,-22.6522415],[-50.9228688,-22.650043099999998],[-50.9256867,-22.6469073],[-50.9233578,-22.643301200000003],[-50.9144232,-22.648388000000004],[-50.91043989999999,-22.6388854],[-50.905280499999996,-22.637730499999996],[-50.8975668,-22.6448498],[-50.8982974,-22.6494032],[-50.888881,-22.656201199999998],[-50.8827558,-22.653063999999993],[-50.886093,-22.651067499999996],[-50.88294510000001,-22.6493358],[-50.86906269999999,-22.656065600000005],[-50.86620169999999,-22.6614158],[-50.863659999999996,-22.655244],[-50.8596633,-22.660625699999997],[-50.8548734,-22.6551753],[-50.8498489,-22.6611004],[-50.8463633,-22.6611722],[-50.84407099999999,-22.6573342],[-50.8399935,-22.6593249],[-50.8382107,-22.6550326],[-50.8327177,-22.6587735],[-50.8329204,-22.654313500000004],[-50.82678609999999,-22.648973500000004],[-50.833900099999994,-22.630440399999998],[-50.8437976,-22.626168499999995],[-50.84614129999999,-22.617965699999996],[-50.8393195,-22.586250699999997],[-50.842398,-22.582076],[-50.851059799999994,-22.5787224],[-50.85307269999999,-22.574759299999997],[-50.8418058,-22.5496904],[-50.85794489999999,-22.528703699999994],[-50.849598699999994,-22.5194623],[-50.8483198,-22.510569999999998],[-50.8364357,-22.502827700000005],[-50.8370943,-22.493408600000002],[-50.8313471,-22.4840922],[-50.8454247,-22.474073499999996],[-50.83984259999999,-22.4562442],[-50.843651,-22.445174399999996],[-50.838763199999995,-22.4354584],[-50.8295581,-22.4282799],[-50.800169499999996,-22.4437106],[-50.7951422,-22.443068899999997],[-50.782337,-22.434192999999997],[-50.76979099999999,-22.437493],[-50.761284,-22.432858],[-50.752589,-22.432538],[-50.736185000000006,-22.41766],[-50.723263,-22.413989],[-50.718579,-22.403506000000004],[-50.711237,-22.402308999999995],[-50.70623899999999,-22.404783000000002],[-50.695044,-22.399901999999997],[-50.697587,-22.387695999999995],[-50.69327599999999,-22.379541],[-50.696208999999996,-22.369972],[-50.694168,-22.364673999999997],[-50.68748599999999,-22.361015999999992],[-50.689525,-22.347507000000004],[-50.682911,-22.330959],[-50.689196,-22.32343],[-50.686507,-22.318124999999995],[-50.687450999999996,-22.308608],[-50.68081399999999,-22.294734999999996],[-50.665527000000004,-22.282869],[-50.66410599999999,-22.287927999999997],[-50.667539,-22.303399999999996],[-50.64555099999999,-22.312278999999997],[-50.626498999999995,-22.302545999999996],[-50.623771,-22.288117999999997],[-50.618435999999996,-22.296046000000004],[-50.599294,-22.295986000000003],[-50.587421,-22.30309],[-50.576131,-22.300927],[-50.571041,-22.304300999999995],[-50.564885,-22.297290999999998],[-50.5584677,-22.2952904],[-50.5609528,-22.2834758],[-50.5555537,-22.2735245],[-50.553331699999994,-22.2582255],[-50.5565219,-22.2508749],[-50.5519547,-22.2450783],[-50.5516315,-22.233255599999996],[-50.54451279999999,-22.230316000000002],[-50.54270989999999,-22.225841599999995],[-50.5395041,-22.2267754],[-50.5239315,-22.220357400000005],[-50.50426709999999,-22.187067599999995],[-50.49855199999999,-22.183191099999995],[-50.497377799999995,-22.165942],[-50.485246,-22.152159999999995],[-50.496021199999994,-22.144753299999998],[-50.49947639999999,-22.1381609],[-50.511148799999994,-22.1356803],[-50.51441249999999,-22.129907799999998],[-50.513362799999996,-22.1203155],[-50.51746270000001,-22.1187928],[-50.5187697,-22.112715699999995],[-50.550581699999995,-22.094888700000002],[-50.5468535,-22.0883881],[-50.5501465,-22.0824733],[-50.5549251,-22.084101700000005],[-50.5593774,-22.078449399999997],[-50.570161299999995,-22.077999299999995],[-50.573438,-22.082316499999997],[-50.5790704,-22.071133800000002],[-50.5857585,-22.074074500000002],[-50.5948254,-22.0733809],[-50.600938299999996,-22.069098299999997],[-50.60070259999999,-22.063659899999998],[-50.61976119999999,-22.0618926],[-50.628128999999994,-22.0491883],[-50.6374901,-22.049998200000005],[-50.6552445,-22.0353496],[-50.6633317,-22.0357091],[-50.668861,-22.028351099999995],[-50.6962673,-22.023239299999997],[-50.6984307,-22.0193838],[-50.7042869,-22.0219017],[-50.70944769999999,-22.019845],[-50.71129239999999,-22.0140636],[-50.717960899999994,-22.013220700000005],[-50.721230199999994,-22.0099677],[-50.7430568,-22.007975],[-50.7467711,-22.003238399999997],[-50.7803838,-22.0024722],[-50.805707999999996,-21.996606799999995],[-50.8323694,-21.986828399999997],[-50.833287299999995,-21.980621199999998],[-50.8388666,-21.979513999999998],[-50.84546769999999,-21.9736745],[-50.8646619,-21.968986700000002],[-50.87007249999999,-21.9643943],[-50.879114200000004,-21.9669305],[-50.8851735,-21.9647851],[-50.8895418,-21.967090599999995],[-50.897481600000006,-21.9590959],[-50.9018155,-21.9565024],[-50.9078215,-21.957833299999997],[-50.90929739999999,-21.9537578],[-50.9153165,-21.954195699999996],[-50.9159227,-21.9512357],[-50.939088999999996,-21.950784699999996],[-50.94769,-21.946485999999997],[-50.9512365,-21.938045999999996],[-50.9615881,-21.932515799999997],[-50.9611735,-21.928956199999995],[-50.96585799999999,-21.9257503],[-50.9790651,-21.9247494],[-50.9912906,-21.9194687],[-51.0050565,-21.920301],[-51.0361624,-21.906396599999997],[-51.048032299999996,-21.8987345],[-51.0529081,-21.889106699999996],[-51.0583971,-21.889474299999993],[-51.0667718,-21.8829404],[-51.0715336,-21.8844363],[-51.08941999999999,-21.8801936],[-51.0958222,-21.886590899999998],[-51.11132739999999,-21.888845400000005],[-51.1184894,-21.881044000000003],[-51.11914529999999,-21.8720364],[-51.123554,-21.8732114],[-51.13795939999999,-21.867107300000004],[-51.1372071,-21.859509599999996],[-51.141947699999996,-21.8561495],[-51.141585799999994,-21.8535275],[-51.149530199999994,-21.854862199999996],[-51.151391499999995,-21.861464],[-51.1563657,-21.864950599999997],[-51.16432699999999,-21.862583699999995],[-51.170546699999996,-21.855186899999996],[-51.1781185,-21.837735799999997],[-51.2004591,-21.823493800000005],[-51.2035818,-21.8239906],[-51.2099607,-21.8333167],[-51.224035,-21.828824399999995],[-51.228759399999994,-21.8066315],[-51.232105399999995,-21.801333299999996],[-51.2450789,-21.800629199999996],[-51.24844469999999,-21.7950579],[-51.24915849999999,-21.782832100000004],[-51.23163559999999,-21.767065399999996],[-51.23157239999999,-21.7629344],[-51.236052799999996,-21.7590271],[-51.2238006,-21.7449783],[-51.2236209,-21.741662399999996],[-51.247496299999995,-21.7355127],[-51.2590347,-21.7433596],[-51.27043659999999,-21.7431526],[-51.27527429999999,-21.7352795],[-51.2749837,-21.727464599999998],[-51.283561199999994,-21.7216686],[-51.2805278,-21.716060199999998],[-51.2853591,-21.709470700000004],[-51.2790109,-21.7038441],[-51.2785925,-21.695155399999997],[-51.271420199999994,-21.6910943],[-51.266085,-21.680359399999997],[-51.266564499999994,-21.6693375],[-51.2729369,-21.6638167],[-51.292977099999995,-21.6618929],[-51.302086,-21.6636735],[-51.3136335,-21.6562],[-51.322699699999994,-21.6572478],[-51.3214762,-21.6360656],[-51.3352561,-21.637624299999995],[-51.34600519999999,-21.634027599999996],[-51.3547002,-21.635663199999996],[-51.3488874,-21.614328599999997],[-51.3444789,-21.612360400000004],[-51.339425,-21.604685199999995],[-51.33321029999999,-21.603861899999995],[-51.3327723,-21.5934455],[-51.324819999999995,-21.585429099999995],[-51.326921899999995,-21.5830152],[-51.3261383,-21.570666899999996],[-51.318887999999994,-21.5612318],[-51.3202336,-21.557951499999994],[-51.3101745,-21.5425406],[-51.310015,-21.537524199999993],[-51.30499939999999,-21.533447499999998],[-51.3082736,-21.531484299999992],[-51.307654,-21.522733499999998],[-51.316674,-21.5050901],[-51.3186948,-21.481843599999998],[-51.31820749999999,-21.471308999999998],[-51.31524079999999,-21.467477599999995],[-51.31876059999999,-21.4613876],[-51.3188846,-21.4505],[-51.31147119999999,-21.4411467],[-51.308237,-21.4207018],[-51.310614699999995,-21.408360799999993],[-51.3068598,-21.405288099999996],[-51.308244499999994,-21.401122899999997],[-51.305288999999995,-21.393677299999997],[-51.31063569999999,-21.383520600000004],[-51.31202079999999,-21.367725],[-51.30293979999999,-21.3387515],[-51.2978357,-21.333490599999998],[-51.298324699999995,-21.326952199999997],[-51.2856005,-21.3183429],[-51.2709364,-21.321252899999998],[-51.26467819999999,-21.331569699999996],[-51.2616879,-21.3275783],[-51.2377772,-21.326807999999996],[-51.2376703,-21.3312628],[-51.232773099999996,-21.3329613],[-51.23012489999999,-21.340650900000004],[-51.2268932,-21.3404596],[-51.22156950000001,-21.347683],[-51.211964699999996,-21.352132099999995],[-51.2141811,-21.3549673],[-51.2039258,-21.3610286],[-51.200129499999996,-21.3600082],[-51.19374619999999,-21.374292199999996],[-51.1897265,-21.377086800000004],[-51.1834425,-21.3762254],[-51.1718146,-21.383567999999997],[-51.1641169,-21.3840223],[-51.148078399999996,-21.374586599999997],[-51.1396351,-21.3737848],[-51.1216406,-21.381478700000002],[-51.1009539,-21.370226800000005],[-51.0927426,-21.3709709],[-51.0899257,-21.3722767],[-51.0901054,-21.3793009],[-51.08598560000001,-21.384099],[-51.0604101,-21.396423199999997],[-51.05425050000001,-21.4046512],[-51.0462449,-21.403852599999997],[-51.045467099999996,-21.406389399999995],[-51.0341283,-21.4084459],[-51.025028299999995,-21.421120099999996],[-51.0258517,-21.4256077],[-51.00481,-21.4383362],[-50.99856679999999,-21.439398799999996],[-50.9814978,-21.431860399999998],[-50.96042049999999,-21.4386378],[-50.94695949999999,-21.4478554],[-50.943027199999996,-21.4449075],[-50.92487119999999,-21.4413593],[-50.916019199999994,-21.454266900000004],[-50.91991819999999,-21.455464900000003],[-50.9201691,-21.4606784],[-50.9051362,-21.470517],[-50.9070156,-21.476122499999995],[-50.9024354,-21.481277499999994],[-50.9044807,-21.484772],[-50.89924119999999,-21.487379800000003],[-50.898983699999995,-21.490737],[-50.89485659999999,-21.489707199999994],[-50.8940951,-21.486381399999996],[-50.8880699,-21.485568],[-50.8742864,-21.488898399999997],[-50.866122299999994,-21.499010799999997],[-50.86786839999999,-21.504495299999995],[-50.8647206,-21.509579600000002],[-50.8726849,-21.514169899999995],[-50.8695237,-21.525092599999997],[-50.8552628,-21.529664799999995],[-50.8473851,-21.535662799999997],[-50.81586000000001,-21.539886499999994],[-50.81360409999999,-21.547989999999995],[-50.8193499,-21.5507008],[-50.8154091,-21.554272],[-50.8221753,-21.557564499999998],[-50.817594899999996,-21.5633483],[-50.8148828,-21.5634928],[-50.8106628,-21.555359199999998],[-50.80924269999999,-21.560081899999993],[-50.80646819999999,-21.560163300000003],[-50.806575699999996,-21.5547352],[-50.7974785,-21.5417269],[-50.7933811,-21.543046099999998],[-50.7991567,-21.554942499999992],[-50.79421179999999,-21.559059199999997],[-50.786273,-21.557546599999995],[-50.7893367,-21.549380099999997],[-50.778314599999995,-21.542660499999997],[-50.7760305,-21.546244900000005],[-50.77400529999999,-21.544570499999995],[-50.77074019999999,-21.546303399999996],[-50.7689319,-21.553513399999996],[-50.7745615,-21.5614098],[-50.7817072,-21.562931299999995],[-50.78229279999999,-21.5674492],[-50.7735681,-21.567578499999993],[-50.77389469999999,-21.564141699999997],[-50.769755499999995,-21.5660237],[-50.77099479999999,-21.5694849],[-50.767500399999996,-21.563597600000005],[-50.76137709999999,-21.563100599999995],[-50.7576404,-21.5703828],[-50.7544465,-21.571129399999997],[-50.7491651,-21.5654962],[-50.74494049999999,-21.564857],[-50.7490566,-21.574100499999993],[-50.7463268,-21.578102099999995],[-50.734291899999995,-21.5719502],[-50.7260874,-21.576994299999996],[-50.7082688,-21.5769891],[-50.7061664,-21.579032199999997],[-50.70787430000001,-21.5855038],[-50.682804999999995,-21.598032299999996],[-50.680855599999994,-21.602270899999997],[-50.677475599999994,-21.6010093],[-50.6703738,-21.604935599999997],[-50.6675145,-21.610748799999996],[-50.66119080000001,-21.614831000000002],[-50.66080209999999,-21.618506099999998],[-50.65215229999999,-21.6235328],[-50.65462819999999,-21.6340372],[-50.6497457,-21.638619199999997],[-50.64663269999999,-21.650680200000004],[-50.6404274,-21.649568099999996],[-50.63245369999999,-21.656575099999998],[-50.62760639999999,-21.642947300000003],[-50.6231041,-21.6429918],[-50.6203287,-21.645953099999996],[-50.6215992,-21.650458499999996],[-50.6189066,-21.651577999999997],[-50.62057089999999,-21.660966900000002],[-50.61407259999999,-21.656778400000004],[-50.6010462,-21.658223999999997],[-50.59771909999999,-21.6624846],[-50.603165499999996,-21.666663999999997],[-50.598624599999994,-21.6687217],[-50.59675599999999,-21.673366199999997],[-50.58827639999999,-21.67526],[-50.5888653,-21.680697999999996],[-50.5854801,-21.6796021],[-50.577443699999996,-21.6840405],[-50.579134,-21.6863472],[-50.57296130000001,-21.6871354],[-50.5705542,-21.6918729],[-50.5667436,-21.692477],[-50.565148199999996,-21.6898561],[-50.5563938,-21.695282700000003],[-50.5545076,-21.6938845],[-50.5544686,-21.6989058],[-50.55195379999999,-21.697751499999995],[-50.5498664,-21.702504099999995],[-50.548491199999994,-21.6995694],[-50.5451075,-21.7016504],[-50.5441132,-21.698987300000002],[-50.5377685,-21.699517899999996],[-50.522282499999996,-21.709027199999998],[-50.52071299999999,-21.705857799999997],[-50.5162834,-21.7103072],[-50.5111642,-21.7031986],[-50.5044911,-21.715048899999996],[-50.496466999999996,-21.7153906],[-50.489900899999995,-21.7097132],[-50.4900107,-21.705181900000003],[-50.4848274,-21.7023299],[-50.4813482,-21.704163500000003],[-50.4808709,-21.702039799999998],[-50.474927199999996,-21.7019041],[-50.4641169,-21.7064889],[-50.46241929999999,-21.6939895],[-50.46473550000001,-21.6925542],[-50.4614535,-21.689965599999997],[-50.464388099999994,-21.688153],[-50.4572668,-21.6872966],[-50.4508826,-21.6900823],[-50.450589599999994,-21.693121899999998],[-50.433960299999995,-21.6977365],[-50.4330339,-21.6946197],[-50.4266121,-21.694867999999996],[-50.421422899999996,-21.705652899999997],[-50.4169142,-21.704591899999997],[-50.4143143,-21.707309],[-50.414316199999995,-21.704926199999996],[-50.41144469999999,-21.707094199999997],[-50.40999620000001,-21.703631799999997],[-50.4099906,-21.7069428],[-50.399674899999994,-21.7165645],[-50.39478749999999,-21.7158636],[-50.391151400000005,-21.719322099999996],[-50.3795788,-21.718343599999997],[-50.371925499999996,-21.723608100000003],[-50.36838319999999,-21.7197704],[-50.3653702,-21.720117],[-50.36063039999999,-21.7257848],[-50.3579268,-21.7193648],[-50.3540882,-21.71892589999999],[-50.355447999999996,-21.715671400000005],[-50.34877169999999,-21.709666499999997],[-50.3434256,-21.710559],[-50.342073199999994,-21.7155457],[-50.3392321,-21.7142261],[-50.335142999999995,-21.717257599999996],[-50.3303387,-21.709154499999997],[-50.3297275,-21.711103499999997],[-50.3267722,-21.7074517],[-50.3233427,-21.709252999999997],[-50.3212553,-21.706398600000004],[-50.3093599,-21.714418600000002],[-50.3045968,-21.711095],[-50.301296699999995,-21.7158247],[-50.299802799999995,-21.714203099999995],[-50.2944414,-21.7173232],[-50.2954368,-21.714491499999998],[-50.2919493,-21.7155416],[-50.285294799999996,-21.7091857],[-50.2743608,-21.7075521],[-50.2715517,-21.721770299999996],[-50.2614241,-21.727514099999993],[-50.26257929999999,-21.732613599999997],[-50.2585196,-21.738661899999997],[-50.25690839999999,-21.7370613],[-50.25205369999999,-21.7409643],[-50.2448518,-21.740307800000004],[-50.2406377,-21.747231799999998],[-50.237135,-21.7453551],[-50.2291936,-21.752459999999996],[-50.2252185,-21.7525095],[-50.2230375,-21.760258399999994],[-50.21866849999999,-21.762742499999998],[-50.2124233,-21.759042799999996],[-50.201098099999996,-21.7667272],[-50.189754699999995,-21.762797599999992],[-50.1885927,-21.768010699999998],[-50.1817489,-21.770599099999995],[-50.179551399999994,-21.775004500000005],[-50.167118699999996,-21.7758777],[-50.1630763,-21.7784232],[-50.1609087,-21.785097899999997],[-50.15328050000001,-21.7859126],[-50.144583499999996,-21.795274],[-50.147458099999994,-21.7987594],[-50.14444559999999,-21.8037555],[-50.1386888,-21.80721919999999],[-50.1340638,-21.805822599999996],[-50.130618999999996,-21.80888669999999],[-50.13188529999999,-21.8140149],[-50.1257743,-21.819794200000004],[-50.119862499999996,-21.819720299999997],[-50.1133584,-21.83571789999999],[-50.1020562,-21.8376751],[-50.0975382,-21.845777299999998],[-50.093247299999994,-21.846256699999998],[-50.091420799999995,-21.850008299999995],[-50.0874173,-21.8493223],[-50.0830765,-21.854213199999997],[-50.0709375,-21.856465299999993],[-50.06376709999999,-21.871069],[-50.0492243,-21.879145999999995],[-50.0470138,-21.884235900000004],[-50.0442235,-21.883576],[-50.04135349999999,-21.887706199999997],[-50.0306737,-21.8871025],[-50.027545,-21.890798700000005],[-50.030947499999996,-21.897886099999997],[-50.024488299999994,-21.899983499999998],[-50.0197767,-21.9065634],[-50.01782380000001,-21.905554399999996],[-50.0155945,-21.910016799999998],[-50.0180368,-21.9140578],[-50.0119326,-21.924464499999996],[-49.98883479999999,-21.933437099999995],[-49.98053349999999,-21.942632199999995],[-49.97228059999999,-21.940938],[-49.970711,-21.9383266],[-49.9667091,-21.940165499999996],[-49.962735099999996,-21.938030300000005],[-49.954444099999996,-21.915050199999996],[-49.9468887,-21.903117599999998],[-49.91954139999999,-21.879939499999995],[-49.918398,-21.8743448],[-49.897719499999994,-21.871138799999997],[-49.8908297,-21.8643672],[-49.8891874,-21.858421100000005],[-49.8676483,-21.8276605],[-49.86389749999999,-21.810631],[-49.8578356,-21.8038796],[-49.8538216,-21.7874156],[-49.8471178,-21.776357499999996],[-49.842664,-21.772712700000003],[-49.8406812,-21.774454499999997],[-49.8431813,-21.768947699999995],[-49.83631299999999,-21.7591351],[-49.8292831,-21.759019599999995],[-49.8231969,-21.7656695],[-49.818740999999996,-21.776623699999995],[-49.80771759999999,-21.779431999999996],[-49.799112099999995,-21.786669400000005],[-49.7921561,-21.7867473],[-49.788491799999996,-21.7957725],[-49.7788706,-21.796918299999994],[-49.7719073,-21.803289299999996],[-49.79194249999999,-21.8460733],[-49.798095999999994,-21.8526592],[-49.803497899999996,-21.853031700000003],[-49.807693199999996,-21.8597541],[-49.8072424,-21.863121000000003],[-49.798959399999994,-21.868245600000005],[-49.79760949999999,-21.876290000000004],[-49.8049628,-21.88171],[-49.8093552,-21.8902663],[-49.7834703,-21.909503299999997],[-49.7785544,-21.9159157],[-49.76866269999999,-21.916425599999997],[-49.771843499999996,-21.92699049999999],[-49.767756799999994,-21.9321087],[-49.7588036,-21.931276699999994],[-49.73443269999999,-21.940566800000003],[-49.729022799999996,-21.9366696],[-49.7282521,-21.930396],[-49.724177899999994,-21.927692999999998],[-49.7217048,-21.9208748],[-49.7165413,-21.9214804],[-49.6991448,-21.909449399999996],[-49.7020103,-21.901003799999998],[-49.6925527,-21.8960267],[-49.6794949,-21.880275799999996],[-49.6692442,-21.874055399999996],[-49.6585622,-21.860076399999997],[-49.6507314,-21.855137499999998],[-49.6398513,-21.850294699999992],[-49.636021,-21.860268199999997],[-49.60516869999999,-21.8708162],[-49.59832779999999,-21.863110199999998],[-49.5975224,-21.857540499999995],[-49.58291239999999,-21.8535439],[-49.57845129999999,-21.8420409],[-49.5656454,-21.8316157],[-49.552844699999994,-21.841773299999996],[-49.5462216,-21.8564799],[-49.538899,-21.8511865],[-49.527282099999994,-21.8527793],[-49.5235189,-21.849933599999996],[-49.5257339,-21.8375636],[-49.5164747,-21.835892700000002],[-49.49981549999999,-21.820177599999994],[-49.4924581,-21.820939699999993],[-49.4885696,-21.807614],[-49.47990479999999,-21.803818399999997],[-49.459461899999994,-21.785082099999997],[-49.4508481,-21.783712299999998],[-49.43756210000001,-21.787196299999998],[-49.4313487,-21.7793582],[-49.420294,-21.787865100000005],[-49.4153119,-21.797302399999996],[-49.416604,-21.805236499999996],[-49.41082479999999,-21.8127575],[-49.4126426,-21.8200692],[-49.4029041,-21.8261249],[-49.40489959999999,-21.844192299999996],[-49.422957499999995,-21.865416599999996],[-49.4503955,-21.8804055],[-49.453565399999995,-21.888862599999996],[-49.4687924,-21.891886299999996],[-49.474550099999995,-21.898853599999992],[-49.4835159,-21.9035812],[-49.486371299999995,-21.912193399999996],[-49.50395949999999,-21.9180037],[-49.51051519999999,-21.9317321],[-49.5225184,-21.93376],[-49.52349,-21.939464199999996],[-49.52079419999999,-21.941461699999998],[-49.52843049999999,-21.9428145],[-49.52657260000001,-21.9520653],[-49.5336754,-21.957485399999996],[-49.539761199999994,-21.972208],[-49.5360642,-21.981726299999995],[-49.543095099999995,-21.995994199999995],[-49.54095029999999,-22.002919800000004],[-49.5426861,-22.0057774],[-49.5499847,-22.009952799999997],[-49.55718499999999,-22.0027376],[-49.5728496,-21.9937811],[-49.5711534,-21.9872679],[-49.57476299999999,-21.982024800000005],[-49.570512799999996,-21.9779282],[-49.5722595,-21.973993100000005],[-49.584989199999995,-21.984724099999998],[-49.6039246,-21.9859078],[-49.6152055,-21.9919868],[-49.612262199999996,-21.999791],[-49.61354049999999,-22.007782],[-49.6216556,-22.001927099999996],[-49.62932479999999,-22.0097184],[-49.641548,-22.013296399999998],[-49.6554751,-22.009570699999994],[-49.65942359999999,-22.0175971],[-49.6767382,-22.024383999999994],[-49.6808226,-22.032543099999998],[-49.69087319999999,-22.031138099999996],[-49.695517900000006,-22.0445012],[-49.6879176,-22.048760600000005],[-49.684503299999996,-22.0573945],[-49.6661296,-22.061743899999996],[-49.661738299999996,-22.0767879],[-49.6562291,-22.077219799999998],[-49.65069139999999,-22.067680000000003],[-49.639314899999995,-22.0699571],[-49.6212727,-22.096571299999997],[-49.6227178,-22.112674499999997],[-49.6176673,-22.1135803],[-49.6101209,-22.108956899999995],[-49.6014739,-22.108163100000002],[-49.5923926,-22.112846799999996],[-49.584993999999995,-22.112745699999994],[-49.588105799999994,-22.124916299999995],[-49.57902829999999,-22.128603799999997],[-49.5693832,-22.1394044],[-49.5624397,-22.138546299999998],[-49.55642069999999,-22.129803300000003],[-49.5558011,-22.136897299999998],[-49.562142099999996,-22.145276899999995],[-49.55143089999999,-22.1500492],[-49.5237596,-22.152620899999995],[-49.5287972,-22.165457200000002],[-49.530037899999996,-22.1815931],[-49.5110853,-22.1897261],[-49.50726379999999,-22.2098901],[-49.5001088,-22.212628600000002],[-49.49347039999999,-22.2230176],[-49.49575,-22.229679199999996],[-49.4656232,-22.2449548],[-49.4624305,-22.245216499999998],[-49.458981099999995,-22.241072899999995],[-49.451667,-22.258575099999998],[-49.4366993,-22.2706077],[-49.438728999999995,-22.273627999999995],[-49.43510419999999,-22.284107],[-49.4409049,-22.303096399999998],[-49.434923500000004,-22.300191299999998],[-49.431917299999995,-22.294207999999998],[-49.422776199999994,-22.293743],[-49.4292879,-22.3053553],[-49.4282354,-22.310535299999998],[-49.44120159999999,-22.328116899999994],[-49.45024769999999,-22.329006599999996],[-49.4521636,-22.3344799],[-49.4591806,-22.3374586],[-49.4650723,-22.3362094],[-49.473782199999995,-22.3468477],[-49.4739715,-22.351805999999996],[-49.482865399999994,-22.356192300000004],[-49.48281209999999,-22.364847199999996],[-49.490914399999994,-22.372873899999995],[-49.495032099999996,-22.382997299999996],[-49.51467339999999,-22.3906698],[-49.5127924,-22.3956827],[-49.5197513,-22.3936177],[-49.533599699999996,-22.395160299999993],[-49.54568189999999,-22.3908315],[-49.55635509999999,-22.392032399999998],[-49.56997079999999,-22.383618199999997],[-49.5712394,-22.400647199999998],[-49.57610759999999,-22.4170817],[-49.60393010000001,-22.443077],[-49.6040995,-22.4535548],[-49.596792,-22.453817599999997],[-49.5961621,-22.4593829],[-49.6102206,-22.4662219],[-49.62851179999999,-22.469153399999996],[-49.6249451,-22.475122699999996],[-49.608966499999994,-22.4856249],[-49.61109679999999,-22.4902922],[-49.608284299999994,-22.496533799999998],[-49.6121816,-22.498208699999992],[-49.61624749999999,-22.5178824],[-49.6075454,-22.5305077],[-49.60728580000001,-22.5352009],[-49.59628489999999,-22.5416183],[-49.58456979999999,-22.558157600000005],[-49.57428029999999,-22.5615093],[-49.5667736,-22.5685323],[-49.5662138,-22.575746200000005],[-49.55928,-22.5745597],[-49.5588319,-22.565545399999998],[-49.554291899999996,-22.558317399999996],[-49.5453672,-22.56376909999999],[-49.541406499999994,-22.562055099999995],[-49.5388707,-22.5566801],[-49.5445443,-22.551911799999996],[-49.54419279999999,-22.549303499999997],[-49.541971399999994,-22.547000099999998],[-49.534054999999995,-22.546696299999997],[-49.53143849999999,-22.538088699999996],[-49.524720099999996,-22.534671],[-49.524072999999994,-22.531223],[-49.52716399999999,-22.528144100000002],[-49.52564199999999,-22.522683699999998],[-49.5200961,-22.5237659],[-49.519912399999996,-22.519002899999997],[-49.5145774,-22.516247300000003],[-49.50925879999999,-22.518011899999998],[-49.5063119,-22.5124009],[-49.50075069999999,-22.517136299999997],[-49.4896875,-22.541859600000002],[-49.472753,-22.5564883],[-49.465578,-22.5581355],[-49.45440659999999,-22.567696999999995],[-49.451864900000004,-22.5764498],[-49.45686239999999,-22.5786686],[-49.4503063,-22.586475499999995],[-49.4507093,-22.590252300000003],[-49.444351,-22.600498100000003],[-49.43980479999999,-22.6018037],[-49.439464099999995,-22.60428449999999],[-49.4247221,-22.607085300000005],[-49.41757989999999,-22.6218573],[-49.3639471,-22.632782199999998],[-49.35347170000001,-22.6388278],[-49.351006999999996,-22.642557499999995],[-49.357103699999996,-22.645126600000005],[-49.3538876,-22.648504499999998],[-49.3572044,-22.648473300000003],[-49.3578577,-22.653801699999995],[-49.3610918,-22.652458699999997],[-49.3616388,-22.6549165],[-49.339689699999994,-22.6659058],[-49.3356656,-22.67635479999999],[-49.3589935,-22.682581499999998],[-49.3563068,-22.6874138],[-49.371334399999995,-22.7073299],[-49.3841081,-22.709050299999998],[-49.383735200000004,-22.7163499],[-49.377072,-22.722373499999996],[-49.375489599999995,-22.727773199999994],[-49.379801,-22.733335599999997],[-49.37954479999999,-22.742156500000004],[-49.3856966,-22.762914399999996],[-49.375890899999995,-22.7774519],[-49.37913209999999,-22.7860892],[-49.3682353,-22.818824699999993],[-49.37678869999999,-22.838806900000005],[-49.374855000000004,-22.848110499999994],[-49.3777549,-22.8636501],[-49.3694983,-22.8748687],[-49.3695115,-22.8837839],[-49.36206829999999,-22.889355],[-49.353619,-22.8866722],[-49.3452961,-22.889272599999998],[-49.3422542,-22.8841541],[-49.338113299999996,-22.8901237],[-49.3320175,-22.8866882],[-49.3090505,-22.88501739999999],[-49.3087863,-22.8978162],[-49.30231659999999,-22.913718199999998],[-49.2949388,-22.918217100000003],[-49.28940639999999,-22.933685],[-49.279903299999994,-22.9388103],[-49.304423099999994,-22.9532055],[-49.31861829999999,-22.969925500000002],[-49.352818799999994,-22.9779192],[-49.3610703,-22.9936066],[-49.3648551,-22.9860034],[-49.3684582,-22.9842733],[-49.37632399999999,-23.0165774],[-49.38280019999999,-23.02978],[-49.3832571,-23.039210799999996],[-49.3873091,-23.043217999999996],[-49.3842227,-23.0497555],[-49.387637,-23.053663200000003],[-49.395288799999996,-23.057934499999998],[-49.4066728,-23.056574699999995],[-49.41211549999999,-23.0515455],[-49.4203596,-23.052820899999993],[-49.42398589999999,-23.058253099999998],[-49.4432211,-23.056593700000004],[-49.44591139999999,-23.068302799999998],[-49.4420918,-23.0829331],[-49.4444677,-23.0965487],[-49.441973999999995,-23.111147699999997],[-49.44463989999999,-23.112429999999996],[-49.44750259999999,-23.122283599999992],[-49.45138899999999,-23.122576599999995],[-49.4507761,-23.127590099999995],[-49.4559205,-23.135036999999997],[-49.4713164,-23.137016],[-49.4732923,-23.149131799999996],[-49.48213909999999,-23.148822799999998],[-49.48360459999999,-23.140731200000005],[-49.4943479,-23.136657999999997],[-49.5147522,-23.1428744],[-49.532669399999996,-23.136955599999997],[-49.54522219999999,-23.1388923],[-49.54784949999999,-23.127092],[-49.552120099999996,-23.123714199999995],[-49.556077,-23.131614399999997],[-49.573352899999996,-23.138555599999997],[-49.558754,-23.153317500000004],[-49.555284699999994,-23.1523179],[-49.5538599,-23.156021800000005],[-49.549838400000006,-23.1534909],[-49.55076389999999,-23.159859700000002],[-49.54682009999999,-23.168842999999995],[-49.535437599999995,-23.1763274],[-49.5429787,-23.1887357],[-49.5423661,-23.193410199999995],[-49.5293868,-23.1977058],[-49.523626699999994,-23.2014548],[-49.5221998,-23.2057871],[-49.524587,-23.2165206],[-49.532130099999996,-23.2238422],[-49.53440359999999,-23.2304745],[-49.5497086,-23.2452139],[-49.5403568,-23.280607100000005],[-49.545496699999994,-23.2792822],[-49.54646569999999,-23.2734139],[-49.5605012,-23.2589617],[-49.570473,-23.264750199999998],[-49.592487899999995,-23.267377799999995],[-49.6053936,-23.2786522],[-49.6126989,-23.277946899999993],[-49.61851709999999,-23.280781899999997],[-49.62414549999999,-23.279117399999993],[-49.627145899999995,-23.2817728],[-49.6351717,-23.271306299999996],[-49.640066999999995,-23.2563244],[-49.647103800000004,-23.251712],[-49.6444797,-23.240235799999997],[-49.6530665,-23.234459600000005],[-49.6537516,-23.212036999999995],[-49.6667051,-23.1887793],[-49.677707999999996,-23.174942599999994],[-49.6832659,-23.1736114],[-49.6783199,-23.1650617],[-49.697489899999994,-23.1649832],[-49.70354439999999,-23.158308099999996],[-49.7013687,-23.1530805],[-49.7112719,-23.1562011],[-49.7164932,-23.148393299999995],[-49.730488799999996,-23.1414461],[-49.7349051,-23.1328893],[-49.726157,-23.1169036],[-49.725551,-23.1094381],[-49.7402393,-23.099168299999995],[-49.75138200000001,-23.097757399999995],[-49.754981400000005,-23.1026577],[-49.76294819999999,-23.105576],[-49.77867309999999,-23.1012963],[-49.78917909999999,-23.103345499999996],[-49.7955726,-23.0945901],[-49.8066035,-23.094334099999998],[-49.8139066,-23.078626799999995],[-49.8269878,-23.0748713],[-49.8336586,-23.065942899999996],[-49.850575799999994,-23.0732551],[-49.8674153,-23.071691900000005],[-49.8732388,-23.068981099999995],[-49.87904999999999,-23.059685399999992],[-49.88532909999999,-23.065068399999998],[-49.8992431,-23.054017100000003],[-49.9116022,-23.0511186],[-49.9159033,-23.0347875],[-49.909301899999996,-23.013572900000003],[-49.9014831,-23.007464399999996],[-49.8995854,-23.002005300000004],[-49.9130065,-22.990904899999997],[-49.91955959999999,-22.990438700000002],[-49.930759599999995,-22.9830312],[-49.9545019,-22.978420499999995],[-49.9693326,-22.964478400000004],[-49.97419829999999,-22.954496799999998],[-49.9656571,-22.944634999999998],[-49.9613778,-22.930863000000002],[-49.9620495,-22.923313099999994],[-49.9657414,-22.914143700000004],[-49.98616489999999,-22.897504799999997],[-49.995590899999996,-22.8979864],[-49.998853,-22.901749899999995],[-49.990407499999996,-22.923482199999995],[-49.99487369999999,-22.9297191],[-50.006057899999995,-22.9269291],[-50.0162405,-22.9103352],[-50.0343852,-22.909034],[-50.0478527,-22.9019641],[-50.05273939999999,-22.905268499999995],[-50.058922100000004,-22.9189829],[-50.06747039999999,-22.9275153],[-50.07154980000001,-22.928123700000004],[-50.080869,-22.9217941],[-50.0928258,-22.922504700000005],[-50.115409799999995,-22.939791199999995],[-50.12106719999999,-22.941341199999997],[-50.151432899999996,-22.9351596],[-50.1648922,-22.946409199999998],[-50.1850821,-22.954004100000002],[-50.1931627,-22.9516585],[-50.203891899999995,-22.952786399999997],[-50.21688210000001,-22.9478995],[-50.22753219999999,-22.953474],[-50.237537599999996,-22.954146199999997],[-50.2441636,-22.949549999999995],[-50.24761109999999,-22.93779839999999],[-50.273387899999996,-22.9310013],[-50.2840964,-22.937310999999998],[-50.300446199999996,-22.9379366],[-50.30619089999999,-22.946212400000004],[-50.318495299999995,-22.950682599999997],[-50.3361588,-22.950396499999997],[-50.3401866,-22.948072900000003],[-50.34541389999999,-22.9345737],[-50.3590514,-22.922516],[-50.3592495,-22.916058799999995],[-50.379074599999996,-22.905405599999998],[-50.3871428,-22.9078316],[-50.3981913,-22.9071893],[-50.418947599999996,-22.913933099999994],[-50.41894210000001,-22.9340822],[-50.4257125,-22.9441855],[-50.430302499999996,-22.9464074],[-50.448353,-22.941527],[-50.459425,-22.945201199999996],[-50.48273940000001,-22.9369345],[-50.4914137,-22.937668199999997],[-50.50226849999999,-22.944469],[-50.51101919999999,-22.9446388],[-50.5256965,-22.936454800000003],[-50.5300104,-22.9191495],[-50.53476619999999,-22.9143112],[-50.5543999,-22.911648799999995],[-50.572500399999996,-22.9040729],[-50.58099399999999,-22.9052719]]]}},{"type":"Feature","properties":{"u":5},"geometry":{"type":"Polygon","coordinates":[[[-48.62333159999999,-21.196736400000002],[-48.633759,-21.200516399999998],[-48.63894309999999,-21.207237900000003],[-48.6516649,-21.210999600000005],[-48.667052,-21.205611100000002],[-48.673218,-21.2069673],[-48.678610199999994,-21.2125087],[-48.6830604,-21.208707799999996],[-48.6982748,-21.211843999999992],[-48.7243671,-21.189809499999996],[-48.72558159999999,-21.179860799999997],[-48.7288149,-21.178119199999998],[-48.7268692,-21.172595299999998],[-48.728747799999994,-21.164888699999995],[-48.7187213,-21.161745200000002],[-48.7098984,-21.1624807],[-48.7062946,-21.158342399999995],[-48.697176299999995,-21.157309699999995],[-48.678014899999994,-21.1465537],[-48.66680449999999,-21.147911299999997],[-48.66488139999999,-21.145264399999995],[-48.6568212,-21.1453001],[-48.6406809,-21.139084099999998],[-48.597694999999995,-21.1431171],[-48.5902096,-21.1250901],[-48.57940099999999,-21.1220471],[-48.57172919999999,-21.114239999999995],[-48.577354099999994,-21.1008658],[-48.57046179999999,-21.091394399999995],[-48.5668126,-21.076170299999998],[-48.5716186,-21.0754841],[-48.57394889999999,-21.070670400000004],[-48.589711900000005,-21.058952399999995],[-48.5986714,-21.056980599999996],[-48.60027829999999,-21.0502023],[-48.6125471,-21.0504798],[-48.6111045,-21.048447299999996],[-48.614813299999994,-21.0403677],[-48.61985479999999,-21.039042799999994],[-48.6267995,-21.0427439],[-48.6311202,-21.0419572],[-48.629889199999994,-21.0374542],[-48.633125899999996,-21.034519499999995],[-48.63802689999999,-21.039468300000003],[-48.6412833,-21.033859399999997],[-48.6594435,-21.029838299999998],[-48.664547899999995,-21.0189659],[-48.6694577,-21.019958299999995],[-48.6774359,-21.011891199999997],[-48.6870733,-21.0103906],[-48.68842279999999,-21.0030666],[-48.6938133,-21.006897499999997],[-48.69917769999999,-21.005693500000003],[-48.701426399999995,-21.000300099999997],[-48.69771299999999,-20.994281499999992],[-48.7088371,-20.9910633],[-48.70847989999999,-20.980997000000002],[-48.72087200000001,-20.974480699999997],[-48.7279591,-20.981146199999998],[-48.736899,-20.970900600000004],[-48.7373301,-20.9631815],[-48.7453295,-20.966219],[-48.74694959999999,-20.9617798],[-48.7440241,-20.9556319],[-48.7528266,-20.9532267],[-48.760119499999995,-20.9450486],[-48.7674384,-20.950534399999995],[-48.7750539,-20.945468199999997],[-48.777196,-20.9391425],[-48.7833425,-20.937485799999997],[-48.785875499999996,-20.9338757],[-48.792769,-20.9334993],[-48.79800529999999,-20.9376753],[-48.802624,-20.9375769],[-48.8096872,-20.929561100000004],[-48.8122792,-20.930683300000002],[-48.8165788,-20.926304],[-48.823600299999995,-20.9315814],[-48.82753480000001,-20.929136700000004],[-48.8279804,-20.9254951],[-48.837408599999996,-20.921453699999997],[-48.8364939,-20.918290699999996],[-48.841107699999995,-20.913407700000004],[-48.847895,-20.910847399999998],[-48.8550048,-20.9135292],[-48.87545119999999,-20.910013],[-48.88302939999999,-20.9130157],[-48.8874501,-20.9105668],[-48.886615899999995,-20.904890200000004],[-48.8969921,-20.90294799999999],[-48.8997784,-20.895529500000002],[-48.90711559999999,-20.892289399999996],[-48.90625239999999,-20.8871919],[-48.903793199999996,-20.8870054],[-48.9094608,-20.8815687],[-48.9132234,-20.883243699999998],[-48.925561300000005,-20.8761542],[-48.9296197,-20.8817892],[-48.942487699999994,-20.8834568],[-48.9478811,-20.8779754],[-48.9473372,-20.870824000000002],[-48.95060889999999,-20.8670973],[-48.956083299999996,-20.868247999999998],[-48.984072299999994,-20.848482499999996],[-49.0004307,-20.8483469],[-49.00827199999999,-20.855237999999996],[-49.0161368,-20.854424399999996],[-49.023151999999996,-20.8504784],[-49.0343749,-20.837458800000004],[-49.04166299999999,-20.835495],[-49.046675699999994,-20.825585099999998],[-49.0543309,-20.8225738],[-49.05486629999999,-20.8187513],[-49.06405449999999,-20.8122158],[-49.0777777,-20.8114138],[-49.0840772,-20.813844],[-49.0930758,-20.8112961],[-49.0913665,-20.789268399999997],[-49.1052536,-20.779661899999997],[-49.0954672,-20.7670478],[-49.0954638,-20.7564883],[-49.0993513,-20.747577899999996],[-49.10565419999999,-20.7447151],[-49.1045586,-20.7425267],[-49.1106254,-20.742451000000003],[-49.1084355,-20.739103],[-49.114727699999996,-20.737241999999995],[-49.1183337,-20.739841],[-49.1217861,-20.7303306],[-49.12639229999999,-20.726741299999993],[-49.126328699999995,-20.715567499999995],[-49.1236096,-20.7134441],[-49.1270973,-20.71056],[-49.12195199999999,-20.7028929],[-49.1242462,-20.692128899999997],[-49.121076599999995,-20.683584499999995],[-49.12968649999999,-20.674668499999992],[-49.1214414,-20.6668242],[-49.12833599999999,-20.6627175],[-49.130019299999994,-20.658241699999998],[-49.1065712,-20.65164529999999],[-49.1249544,-20.6380795],[-49.1237932,-20.631577499999995],[-49.11600949999999,-20.624456499999997],[-49.1243166,-20.6231667],[-49.1241167,-20.6112752],[-49.11918039999999,-20.601025899999996],[-49.124978399999996,-20.5948495],[-49.1370012,-20.593632500000002],[-49.13357349999999,-20.587102099999996],[-49.136114199999994,-20.582828],[-49.14658889999999,-20.5821056],[-49.150301,-20.576115099999996],[-49.155374699999996,-20.576958499999996],[-49.1564116,-20.5742496],[-49.16156709999999,-20.57404349999999],[-49.1595462,-20.5721827],[-49.1683974,-20.5606008],[-49.1662632,-20.5548904],[-49.16821819999999,-20.5518128],[-49.175705099999995,-20.545916899999998],[-49.20014509999999,-20.5357099],[-49.202517,-20.5294726],[-49.188880399999995,-20.511458099999995],[-49.2111655,-20.5026453],[-49.2138808,-20.482204299999992],[-49.21175999999999,-20.4776556],[-49.2196068,-20.4718949],[-49.205054,-20.4668251],[-49.1810907,-20.4756935],[-49.1763233,-20.4743644],[-49.16510399999999,-20.459455799999994],[-49.1527508,-20.4640196],[-49.14221299999999,-20.4549518],[-49.13962109999999,-20.457729699999998],[-49.144164599999996,-20.468328900000003],[-49.132928899999996,-20.463972900000005],[-49.12285850000001,-20.456684399999997],[-49.1110522,-20.4248452],[-49.0996057,-20.4160735],[-49.0889594,-20.418981299999995],[-49.081413999999995,-20.408456499999996],[-49.0851962,-20.3992663],[-49.079814600000006,-20.393720499999997],[-49.0809886,-20.38772399999999],[-49.07580999999999,-20.374335699999996],[-49.0781749,-20.3696103],[-49.075516699999994,-20.356044399999995],[-49.0860538,-20.346406],[-49.090346,-20.338151199999995],[-49.0900388,-20.314277199999996],[-49.09454439999999,-20.297758199999997],[-49.093630899999994,-20.2895556],[-49.12071869999999,-20.270528199999994],[-49.1122377,-20.2506926],[-49.0893002,-20.2121746],[-49.0718032,-20.161497200000003],[-49.0630925,-20.151847599999996],[-49.0244734,-20.151149600000004],[-49.0004263,-20.160748099999996],[-48.9840956,-20.1737217],[-48.97202320000001,-20.2077903],[-48.961785799999994,-20.263301199999997],[-48.965783,-20.2792918],[-48.9650002,-20.328871900000003],[-48.968059700000005,-20.3460769],[-48.9656668,-20.3628993],[-48.9703528,-20.389790499999997],[-48.9630303,-20.4031215],[-48.923011699999996,-20.424784700000004],[-48.8982024,-20.4418731],[-48.89213329999999,-20.440719499999997],[-48.878606899999994,-20.429669199999996],[-48.8672304,-20.4024613],[-48.86928319999999,-20.379275599999993],[-48.880030399999995,-20.348349099999997],[-48.87566569999999,-20.3149986],[-48.888760399999995,-20.294847199999996],[-48.8859252,-20.285352299999996],[-48.88654580000001,-20.2711626],[-48.8722273,-20.241869499999993],[-48.8592598,-20.232306099999995],[-48.85675859999999,-20.226884],[-48.85336409999999,-20.213049499999993],[-48.8578879,-20.199343499999998],[-48.8553925,-20.180144],[-48.8257432,-20.1619575],[-48.78113729999999,-20.163852499999997],[-48.7701125,-20.1618318],[-48.75372329999999,-20.1533683],[-48.7313411,-20.149381799999997],[-48.707107699999995,-20.160217200000005],[-48.6883637,-20.1636899],[-48.674280399999994,-20.1613536],[-48.665752299999994,-20.166200999999997],[-48.64692569999999,-20.1670007],[-48.6267977,-20.160089600000003],[-48.60064119999999,-20.139710499999996],[-48.5782332,-20.131248999999997],[-48.5546289,-20.130299],[-48.500250099999995,-20.13902849999999],[-48.4762218,-20.134764899999997],[-48.465249899999996,-20.128738099999996],[-48.4565594,-20.12879],[-48.45161589999999,-20.125873700000003],[-48.44199119999999,-20.131739700000004],[-48.430980999999996,-20.148449999999997],[-48.424597999999996,-20.1536552],[-48.4209929,-20.1520115],[-48.4170868,-20.1414984],[-48.40774319999999,-20.1500889],[-48.40059569999999,-20.1423865],[-48.39868679999999,-20.135820900000002],[-48.38994339999999,-20.134020199999995],[-48.39840809999999,-20.153754299999996],[-48.39502889999999,-20.161418599999998],[-48.38772209999999,-20.151547899999997],[-48.37947719999999,-20.152634999999993],[-48.3757354,-20.149002599999996],[-48.3629551,-20.1480457],[-48.3605633,-20.154344699999996],[-48.36404159999999,-20.1595745],[-48.3752757,-20.160599300000005],[-48.37644399999999,-20.1652695],[-48.3738222,-20.1690253],[-48.36856029999999,-20.170390299999998],[-48.3601773,-20.1675796],[-48.3551111,-20.178766],[-48.3495459,-20.185144099999995],[-48.34460169999999,-20.1864626],[-48.33511480000001,-20.1850435],[-48.3336189,-20.1770078],[-48.3246687,-20.171947400000004],[-48.3252923,-20.158321299999997],[-48.31859969999999,-20.1596784],[-48.31004839999999,-20.154398199999996],[-48.311372600000006,-20.1704138],[-48.314214199999995,-20.174555699999996],[-48.3123044,-20.182371800000002],[-48.3166517,-20.1876781],[-48.31479889999999,-20.196133200000002],[-48.302670799999994,-20.2026532],[-48.2939849,-20.2041065],[-48.291831499999994,-20.202227299999997],[-48.276683,-20.207232799999996],[-48.27268200000001,-20.2177688],[-48.26985869999999,-20.2165847],[-48.26548629999999,-20.2069349],[-48.2653251,-20.1990211],[-48.26121839999999,-20.1946602],[-48.2496249,-20.1958558],[-48.2468769,-20.198516900000005],[-48.2425917,-20.1968034],[-48.2349845,-20.200560999999997],[-48.22939749999999,-20.198533899999997],[-48.227984199999995,-20.2141494],[-48.239845200000005,-20.2202725],[-48.2443493,-20.2262908],[-48.24213749999999,-20.2288019],[-48.2263124,-20.228115999999996],[-48.21336049999999,-20.2181268],[-48.2046322,-20.217914],[-48.20108789999999,-20.222692100000003],[-48.1771929,-20.2231211],[-48.1742584,-20.2271089],[-48.16150329999999,-20.230413599999995],[-48.155637899999995,-20.236318300000004],[-48.1582057,-20.2491756],[-48.1535261,-20.256372700000004],[-48.1459855,-20.2614187],[-48.1507575,-20.2682881],[-48.1583859,-20.272464099999997],[-48.14946629999999,-20.279540799999996],[-48.1516354,-20.2860206],[-48.1497374,-20.2914492],[-48.1596812,-20.296566999999992],[-48.1644795,-20.3092189],[-48.1763616,-20.321824099999997],[-48.1798295,-20.331950399999997],[-48.1899021,-20.3419203],[-48.1788338,-20.390023599999996],[-48.2017851,-20.442735200000005],[-48.211282,-20.4566176],[-48.213859199999995,-20.457882599999998],[-48.21911879999999,-20.454957],[-48.22165579999999,-20.450139899999996],[-48.2280766,-20.4499409],[-48.2293013,-20.4558507],[-48.236188399999996,-20.4568061],[-48.2388253,-20.461016],[-48.2471954,-20.460712400000002],[-48.263775,-20.4676251],[-48.27871699999999,-20.4688596],[-48.2807376,-20.4706697],[-48.27878299999999,-20.474488499999993],[-48.28326319999999,-20.4744266],[-48.281371799999995,-20.4810847],[-48.28852559999999,-20.4838045],[-48.281604,-20.4923531],[-48.2840717,-20.4926715],[-48.2836022,-20.4984863],[-48.2946119,-20.511046399999994],[-48.29322069999999,-20.514278199999996],[-48.3010102,-20.5129935],[-48.3077582,-20.517153699999994],[-48.318734,-20.5186594],[-48.3172019,-20.524101500000004],[-48.3226193,-20.5260519],[-48.326337499999994,-20.5324445],[-48.33080639999999,-20.5305293],[-48.3325955,-20.532455699999996],[-48.33402399999999,-20.5290043],[-48.341927399999996,-20.5279438],[-48.341346,-20.5240156],[-48.34416039999999,-20.521918400000004],[-48.34721209999999,-20.5258278],[-48.35248740000001,-20.523675299999997],[-48.35576499999999,-20.527760200000003],[-48.366620399999995,-20.526876999999995],[-48.37219809999999,-20.5301523],[-48.3685224,-20.535489899999998],[-48.3712906,-20.5379418],[-48.37139309999999,-20.546255399999996],[-48.3836549,-20.537161399999995],[-48.38293579999999,-20.5441409],[-48.37867219999999,-20.5490484],[-48.35059569999999,-20.561762999999996],[-48.33972959999999,-20.582272499999995],[-48.32720799999999,-20.582137699999997],[-48.320347299999995,-20.589047999999995],[-48.322385999999995,-20.6091734],[-48.34161189999999,-20.6203241],[-48.3484772,-20.6300871],[-48.350404399999995,-20.6462524],[-48.33359279999999,-20.665367599999996],[-48.3405619,-20.684009600000003],[-48.33930759999999,-20.693971199999996],[-48.3205066,-20.725222099999996],[-48.2958102,-20.720279899999994],[-48.2900942,-20.723300100000003],[-48.279529200000006,-20.7410574],[-48.2712584,-20.7435898],[-48.26238779999999,-20.737942999999998],[-48.25669400000001,-20.741326099999995],[-48.2434927,-20.776570099999997],[-48.251221599999994,-20.7907247],[-48.2573389,-20.796244799999997],[-48.2561938,-20.804579499999996],[-48.252359999999996,-20.8090965],[-48.23582979999999,-20.8143954],[-48.2324756,-20.82002019999999],[-48.2342086,-20.830247699999997],[-48.2436881,-20.842152799999997],[-48.2431512,-20.848084299999996],[-48.2094221,-20.873714499999995],[-48.20930909999999,-20.879179499999996],[-48.2185235,-20.8921066],[-48.2295106,-20.900278399999998],[-48.257911,-20.9310314],[-48.2735301,-20.939599500000003],[-48.284925,-20.9529262],[-48.31509880000001,-20.951864499999996],[-48.3388395,-20.9550097],[-48.3672194,-20.9490836],[-48.37327249999999,-20.9635334],[-48.3784509,-20.968795599999996],[-48.3826459,-20.983251],[-48.3808731,-21.003128799999995],[-48.37697969999999,-21.007954999999995],[-48.4012669,-21.0055739],[-48.405992,-21.017167599999997],[-48.43306679999999,-21.037444199999996],[-48.42981619999999,-21.049875499999995],[-48.41521860000001,-21.0496672],[-48.396848799999994,-21.043100599999992],[-48.3884523,-21.044252899999996],[-48.3830695,-21.0533455],[-48.37329359999999,-21.058327599999995],[-48.35887329999999,-21.056434599999996],[-48.346818,-21.0590601],[-48.3240632,-21.0525053],[-48.3171397,-21.056961399999995],[-48.31805399999999,-21.060863199999993],[-48.3205104,-21.059315299999998],[-48.33281289999999,-21.0643619],[-48.342341,-21.0749977],[-48.3537456,-21.081861799999995],[-48.34514519999999,-21.1057351],[-48.36047169999999,-21.1037336],[-48.3744542,-21.1094295],[-48.3716984,-21.114784],[-48.363641799999996,-21.119455399999993],[-48.3548702,-21.119908799999997],[-48.3472599,-21.128729099999997],[-48.361955900000005,-21.139833600000003],[-48.3859782,-21.168568300000004],[-48.40253049999999,-21.173001899999996],[-48.4204292,-21.1722267],[-48.424506599999994,-21.179512999999996],[-48.427356,-21.195883500000004],[-48.435357599999996,-21.200829899999995],[-48.4385342,-21.2001286],[-48.4431247,-21.2090292],[-48.4534201,-21.2122034],[-48.45906,-21.202316199999995],[-48.4535453,-21.1835589],[-48.4770971,-21.179319999999997],[-48.49774609999999,-21.1841474],[-48.5091415,-21.1833357],[-48.5147727,-21.1901553],[-48.520528999999996,-21.1876634],[-48.528057999999994,-21.189062200000002],[-48.5358175,-21.185831499999995],[-48.5387917,-21.1691747],[-48.57148829999999,-21.162160600000004],[-48.58116819999999,-21.1656834],[-48.58397759999999,-21.184181199999998],[-48.58092099999999,-21.203556399999997],[-48.5848421,-21.213126599999995],[-48.5911082,-21.2145024],[-48.60027089999999,-21.211588899999995],[-48.608232400000006,-21.2019265],[-48.62333159999999,-21.196736400000002]]]}},{"type":"Feature","properties":{"u":6},"geometry":{"type":"Polygon","coordinates":[[[-49.3044025,-23.738560299999996],[-49.312132299999995,-23.7373638],[-49.31623729999999,-23.7412507],[-49.330397399999995,-23.744272499999994],[-49.337538599999995,-23.74934319999999],[-49.3370994,-23.7530425],[-49.342711099999995,-23.758443599999993],[-49.341872599999995,-23.770915200000005],[-49.3342068,-23.781545499999996],[-49.3409171,-23.776524999999992],[-49.3461541,-23.777031099999995],[-49.3506946,-23.772111],[-49.3559248,-23.774814099999997],[-49.355465599999995,-23.772455099999995],[-49.3628464,-23.770368600000005],[-49.3568537,-23.765172999999997],[-49.359918,-23.7643253],[-49.3576208,-23.761073],[-49.361444399999996,-23.759548599999995],[-49.3645092,-23.7626198],[-49.3648548,-23.759337],[-49.3671655,-23.7603917],[-49.371930500000005,-23.7686127],[-49.3760724,-23.7673361],[-49.37383450000001,-23.772000899999995],[-49.37733269999999,-23.7705594],[-49.38089349999999,-23.7727016],[-49.3835855,-23.769027],[-49.3823253,-23.762692200000004],[-49.379013699999994,-23.762059099999995],[-49.3832406,-23.758562500000004],[-49.398817599999994,-23.7644306],[-49.4138678,-23.7834948],[-49.41851419999999,-23.7851947],[-49.426237699999994,-23.7859889],[-49.4270417,-23.781926],[-49.43248289999999,-23.783247099999997],[-49.441837899999996,-23.778503699999998],[-49.447185399999995,-23.780762199999998],[-49.4502662,-23.778751699999997],[-49.45601559999999,-23.780019799999998],[-49.4589295,-23.775859],[-49.4706851,-23.7709084],[-49.47892939999999,-23.7782114],[-49.49051119999999,-23.781794599999998],[-49.49881539999999,-23.788722799999995],[-49.508683899999994,-23.786136199999998],[-49.509326,-23.790326599999993],[-49.5031031,-23.796587099999996],[-49.5033147,-23.7995035],[-49.50934569999999,-23.8042928],[-49.5174819,-23.803033199999998],[-49.5199332,-23.8067534],[-49.5227993,-23.8010608],[-49.5313238,-23.7995756],[-49.5365116,-23.793662399999995],[-49.549236099999995,-23.790451899999997],[-49.55968179999999,-23.793608399999997],[-49.5658228,-23.7807714],[-49.5705474,-23.7783666],[-49.566489999999995,-23.7778044],[-49.5665451,-23.7719289],[-49.56237879999999,-23.768861599999997],[-49.56382399999999,-23.7641977],[-49.5605048,-23.761306599999998],[-49.5734628,-23.756039599999998],[-49.56381259999999,-23.750081400000003],[-49.5676083,-23.740135099999996],[-49.56404969999999,-23.7322193],[-49.551324099999995,-23.738734],[-49.5487926,-23.7362925],[-49.5555161,-23.7221308],[-49.5491992,-23.7040164],[-49.555722599999996,-23.701043399999996],[-49.55631189999999,-23.6909608],[-49.558804499999994,-23.689743199999995],[-49.561329799999996,-23.6920785],[-49.5635004,-23.687942499999995],[-49.5617362,-23.6856962],[-49.5668457,-23.685753899999995],[-49.568121,-23.688041199999994],[-49.57585319999999,-23.6804053],[-49.5746332,-23.6759264],[-49.5798761,-23.678328499999996],[-49.5831928,-23.6702713],[-49.58021169999999,-23.664587899999997],[-49.5857375,-23.6638419],[-49.5853073,-23.6588755],[-49.6021338,-23.652116099999994],[-49.6033815,-23.6435252],[-49.617145199999996,-23.639585899999997],[-49.60824629999999,-23.6340732],[-49.6063521,-23.623714699999997],[-49.6135975,-23.6231253],[-49.6155748,-23.616748099999995],[-49.613603399999995,-23.6147182],[-49.61993199999999,-23.6122022],[-49.6211716,-23.6070475],[-49.6189093,-23.594330999999997],[-49.602017,-23.582696699999993],[-49.6011773,-23.575231700000003],[-49.6079896,-23.5652324],[-49.598743799999994,-23.554637799999995],[-49.6057172,-23.541664899999997],[-49.6002062,-23.535624399999996],[-49.6242171,-23.523302599999997],[-49.62952489999999,-23.513582699999997],[-49.62726589999999,-23.5084303],[-49.62175109999999,-23.5059441],[-49.614835199999995,-23.510294299999998],[-49.61281679999999,-23.508272300000005],[-49.618305899999996,-23.501721199999995],[-49.621096699999995,-23.492099],[-49.6133996,-23.486831299999995],[-49.614880299999996,-23.472201],[-49.603289399999994,-23.4784236],[-49.59857679999999,-23.477157399999992],[-49.602572499999994,-23.470639499999997],[-49.60122109999999,-23.4612625],[-49.59790399999999,-23.457915199999995],[-49.603186,-23.451292600000002],[-49.5956401,-23.4403824],[-49.59010659999999,-23.435871000000002],[-49.5799868,-23.436738799999997],[-49.5729514,-23.443943999999995],[-49.5690191,-23.440304200000003],[-49.572374999999994,-23.4362344],[-49.566571999999994,-23.4276904],[-49.569145799999994,-23.425457100000003],[-49.575542999999996,-23.4313959],[-49.5808046,-23.4317181],[-49.57960020000001,-23.415072899999995],[-49.59046279999999,-23.4157496],[-49.5934361,-23.4067069],[-49.60367599999999,-23.407811999999996],[-49.60474299999999,-23.402840800000003],[-49.59825219999999,-23.399429],[-49.600417799999995,-23.3967189],[-49.6078503,-23.393342799999996],[-49.61529719999999,-23.397674899999995],[-49.6210117,-23.3974193],[-49.62060689999999,-23.3887184],[-49.60110009999999,-23.383967599999995],[-49.59247349999999,-23.389574299999992],[-49.590402499999996,-23.3827925],[-49.595989499999995,-23.3760196],[-49.59541209999999,-23.367091400000003],[-49.6041569,-23.358947499999996],[-49.611806599999994,-23.3546535],[-49.6334367,-23.356421100000002],[-49.63817809999999,-23.3487762],[-49.636213,-23.339772],[-49.6294176,-23.343757299999996],[-49.621694500000004,-23.331889599999997],[-49.6232785,-23.3184366],[-49.63139739999999,-23.304415699999996],[-49.62580289999999,-23.286650099999996],[-49.627145899999995,-23.2817728],[-49.62414549999999,-23.279117399999993],[-49.61851709999999,-23.280781899999997],[-49.6126989,-23.277946899999993],[-49.6053936,-23.2786522],[-49.592487899999995,-23.267377799999995],[-49.570473,-23.264750199999998],[-49.5605012,-23.2589617],[-49.54646569999999,-23.2734139],[-49.545496699999994,-23.2792822],[-49.5403568,-23.280607100000005],[-49.5497086,-23.2452139],[-49.53440359999999,-23.2304745],[-49.532130099999996,-23.2238422],[-49.524587,-23.2165206],[-49.52220729999999,-23.206352299999992],[-49.5244717,-23.2007616],[-49.5423661,-23.193410199999995],[-49.5429787,-23.1887357],[-49.535437599999995,-23.1763274],[-49.54682009999999,-23.168842999999995],[-49.55076389999999,-23.159859700000002],[-49.549838400000006,-23.1534909],[-49.5538599,-23.156021800000005],[-49.555284699999994,-23.1523179],[-49.558754,-23.153317500000004],[-49.573352899999996,-23.138555599999997],[-49.556077,-23.131614399999997],[-49.552120099999996,-23.123714199999995],[-49.54784949999999,-23.127092],[-49.54522219999999,-23.1388923],[-49.532669399999996,-23.136955599999997],[-49.5147522,-23.1428744],[-49.4943479,-23.136657999999997],[-49.48360459999999,-23.140731200000005],[-49.48213909999999,-23.148822799999998],[-49.4732923,-23.149131799999996],[-49.4713164,-23.137016],[-49.4559205,-23.135036999999997],[-49.4507761,-23.127590099999995],[-49.45138899999999,-23.122576599999995],[-49.44750259999999,-23.122283599999992],[-49.44463989999999,-23.112429999999996],[-49.441973999999995,-23.111147699999997],[-49.4444677,-23.0965487],[-49.4420918,-23.0829331],[-49.44591139999999,-23.068302799999998],[-49.4432211,-23.056593700000004],[-49.42398589999999,-23.058253099999998],[-49.4203596,-23.052820899999993],[-49.41211549999999,-23.0515455],[-49.4066728,-23.056574699999995],[-49.395288799999996,-23.057934499999998],[-49.387637,-23.053663200000003],[-49.3842227,-23.0497555],[-49.3873091,-23.043217999999996],[-49.3832571,-23.039210799999996],[-49.38280019999999,-23.02978],[-49.37632399999999,-23.0165774],[-49.3684582,-22.9842733],[-49.3648551,-22.9860034],[-49.3610703,-22.9936066],[-49.352818799999994,-22.9779192],[-49.31861829999999,-22.969925500000002],[-49.304423099999994,-22.9532055],[-49.279903299999994,-22.9388103],[-49.28940639999999,-22.933685],[-49.2949388,-22.918217100000003],[-49.30231659999999,-22.913718199999998],[-49.3087863,-22.8978162],[-49.3090505,-22.88501739999999],[-49.3320175,-22.8866882],[-49.338113299999996,-22.8901237],[-49.3422542,-22.8841541],[-49.3452961,-22.889272599999998],[-49.353619,-22.8866722],[-49.36206829999999,-22.889355],[-49.3695115,-22.8837839],[-49.3694983,-22.8748687],[-49.3777549,-22.8636501],[-49.374855000000004,-22.848110499999994],[-49.37678869999999,-22.838806900000005],[-49.3682353,-22.818824699999993],[-49.37913209999999,-22.7860892],[-49.375890899999995,-22.7774519],[-49.3856966,-22.762914399999996],[-49.37954479999999,-22.742156500000004],[-49.379801,-22.733335599999997],[-49.375489599999995,-22.727773199999994],[-49.377072,-22.722373499999996],[-49.383735200000004,-22.7163499],[-49.3841081,-22.709050299999998],[-49.371334399999995,-22.7073299],[-49.3563068,-22.6874138],[-49.3589935,-22.682581499999998],[-49.3356656,-22.67635479999999],[-49.339689699999994,-22.6659058],[-49.3616388,-22.6549165],[-49.3610918,-22.652458699999997],[-49.3578577,-22.653801699999995],[-49.3572044,-22.648473300000003],[-49.3538876,-22.648504499999998],[-49.357103699999996,-22.645126600000005],[-49.351006999999996,-22.642557499999995],[-49.35347170000001,-22.6388278],[-49.3639471,-22.632782199999998],[-49.41757989999999,-22.6218573],[-49.4247221,-22.607085300000005],[-49.439464099999995,-22.60428449999999],[-49.43980479999999,-22.6018037],[-49.444351,-22.600498100000003],[-49.4507093,-22.590252300000003],[-49.4503063,-22.586475499999995],[-49.45686239999999,-22.5786686],[-49.451864900000004,-22.5764498],[-49.45440659999999,-22.567696999999995],[-49.465578,-22.5581355],[-49.472753,-22.5564883],[-49.4896875,-22.541859600000002],[-49.50075069999999,-22.517136299999997],[-49.5063119,-22.5124009],[-49.50925879999999,-22.518011899999998],[-49.5145774,-22.516247300000003],[-49.519912399999996,-22.519002899999997],[-49.5200961,-22.5237659],[-49.52564199999999,-22.522683699999998],[-49.52716399999999,-22.528144100000002],[-49.524072999999994,-22.531223],[-49.524720099999996,-22.534671],[-49.53143849999999,-22.538088699999996],[-49.534054999999995,-22.546696299999997],[-49.541971399999994,-22.547000099999998],[-49.54419279999999,-22.549303499999997],[-49.5445443,-22.551911799999996],[-49.5388707,-22.5566801],[-49.541406499999994,-22.562055099999995],[-49.5453672,-22.56376909999999],[-49.554291899999996,-22.558317399999996],[-49.5588319,-22.565545399999998],[-49.55928,-22.5745597],[-49.5662138,-22.575746200000005],[-49.5667736,-22.5685323],[-49.57428029999999,-22.5615093],[-49.58456979999999,-22.558157600000005],[-49.59628489999999,-22.5416183],[-49.60728580000001,-22.5352009],[-49.6075454,-22.5305077],[-49.61624749999999,-22.5178824],[-49.6121816,-22.498208699999992],[-49.608284299999994,-22.496533799999998],[-49.61109679999999,-22.4902922],[-49.608966499999994,-22.4856249],[-49.6249451,-22.475122699999996],[-49.62851179999999,-22.469153399999996],[-49.6102206,-22.4662219],[-49.5961621,-22.4593829],[-49.596792,-22.453817599999997],[-49.6040995,-22.4535548],[-49.60393010000001,-22.443077],[-49.57610759999999,-22.4170817],[-49.5712394,-22.400647199999998],[-49.56997079999999,-22.383618199999997],[-49.55635509999999,-22.392032399999998],[-49.54568189999999,-22.3908315],[-49.533599699999996,-22.395160299999993],[-49.5197513,-22.3936177],[-49.5127924,-22.3956827],[-49.51467339999999,-22.3906698],[-49.495032099999996,-22.382997299999996],[-49.490914399999994,-22.372873899999995],[-49.48281209999999,-22.364847199999996],[-49.482865399999994,-22.356192300000004],[-49.4739715,-22.351805999999996],[-49.473782199999995,-22.3468477],[-49.4650723,-22.3362094],[-49.4591806,-22.3374586],[-49.4521636,-22.3344799],[-49.45024769999999,-22.329006599999996],[-49.44120159999999,-22.328116899999994],[-49.4282354,-22.310535299999998],[-49.4292879,-22.3053553],[-49.422776199999994,-22.293743],[-49.431917299999995,-22.294207999999998],[-49.434923500000004,-22.300191299999998],[-49.4409049,-22.303096399999998],[-49.43510419999999,-22.284107],[-49.438728999999995,-22.273627999999995],[-49.4366993,-22.2706077],[-49.451667,-22.258575099999998],[-49.458981099999995,-22.241072899999995],[-49.4624305,-22.245216499999998],[-49.4656232,-22.2449548],[-49.49575,-22.229679199999996],[-49.49347039999999,-22.2230176],[-49.5001088,-22.212628600000002],[-49.50726379999999,-22.2098901],[-49.5110853,-22.1897261],[-49.530037899999996,-22.1815931],[-49.5287972,-22.165457200000002],[-49.5237596,-22.152620899999995],[-49.55143089999999,-22.1500492],[-49.562142099999996,-22.145276899999995],[-49.5558011,-22.136897299999998],[-49.55642069999999,-22.129803300000003],[-49.5624397,-22.138546299999998],[-49.5693832,-22.1394044],[-49.57902829999999,-22.128603799999997],[-49.588105799999994,-22.124916299999995],[-49.584993999999995,-22.112745699999994],[-49.5923926,-22.112846799999996],[-49.6014739,-22.108163100000002],[-49.6101209,-22.108956899999995],[-49.6176673,-22.1135803],[-49.6227178,-22.112674499999997],[-49.6212727,-22.096571299999997],[-49.639314899999995,-22.0699571],[-49.65069139999999,-22.067680000000003],[-49.6562291,-22.077219799999998],[-49.661738299999996,-22.0767879],[-49.6661296,-22.061743899999996],[-49.684503299999996,-22.0573945],[-49.6879176,-22.048760600000005],[-49.695517900000006,-22.0445012],[-49.69087319999999,-22.031138099999996],[-49.6808226,-22.032543099999998],[-49.6767382,-22.024383999999994],[-49.65942359999999,-22.0175971],[-49.6554751,-22.009570699999994],[-49.641548,-22.013296399999998],[-49.62932479999999,-22.0097184],[-49.6216556,-22.001927099999996],[-49.61354049999999,-22.007782],[-49.612262199999996,-21.999791],[-49.6152055,-21.9919868],[-49.6039246,-21.9859078],[-49.584989199999995,-21.984724099999998],[-49.5722595,-21.973993100000005],[-49.570512799999996,-21.9779282],[-49.57476299999999,-21.982024800000005],[-49.5711534,-21.9872679],[-49.5728496,-21.9937811],[-49.55718499999999,-22.0027376],[-49.5499847,-22.009952799999997],[-49.5426861,-22.0057774],[-49.54095029999999,-22.002919800000004],[-49.543095099999995,-21.995994199999995],[-49.5360642,-21.981726299999995],[-49.539761199999994,-21.972208],[-49.5336754,-21.957485399999996],[-49.52657260000001,-21.9520653],[-49.52843049999999,-21.9428145],[-49.52079419999999,-21.941461699999998],[-49.52349,-21.939464199999996],[-49.5225184,-21.93376],[-49.51051519999999,-21.9317321],[-49.50395949999999,-21.9180037],[-49.486371299999995,-21.912193399999996],[-49.4835159,-21.9035812],[-49.474550099999995,-21.898853599999992],[-49.4687924,-21.891886299999996],[-49.453565399999995,-21.888862599999996],[-49.4503955,-21.8804055],[-49.422957499999995,-21.865416599999996],[-49.40489959999999,-21.844192299999996],[-49.4029041,-21.8261249],[-49.4126426,-21.8200692],[-49.41082479999999,-21.8127575],[-49.416604,-21.805236499999996],[-49.4153119,-21.797302399999996],[-49.420294,-21.787865100000005],[-49.4313487,-21.7793582],[-49.43756210000001,-21.787196299999998],[-49.4508481,-21.783712299999998],[-49.459461899999994,-21.785082099999997],[-49.47990479999999,-21.803818399999997],[-49.4885696,-21.807614],[-49.4924581,-21.820939699999993],[-49.49981549999999,-21.820177599999994],[-49.5164747,-21.835892700000002],[-49.5257339,-21.8375636],[-49.5235189,-21.849933599999996],[-49.527282099999994,-21.8527793],[-49.538899,-21.8511865],[-49.5462216,-21.8564799],[-49.552844699999994,-21.841773299999996],[-49.5656454,-21.8316157],[-49.57845129999999,-21.8420409],[-49.58291239999999,-21.8535439],[-49.5975224,-21.857540499999995],[-49.59832779999999,-21.863110199999998],[-49.60516869999999,-21.8708162],[-49.636021,-21.860268199999997],[-49.6398513,-21.850294699999992],[-49.6507314,-21.855137499999998],[-49.6585622,-21.860076399999997],[-49.6692442,-21.874055399999996],[-49.6794949,-21.880275799999996],[-49.6925527,-21.8960267],[-49.7020103,-21.901003799999998],[-49.6991448,-21.909449399999996],[-49.7165413,-21.9214804],[-49.7217048,-21.9208748],[-49.724177899999994,-21.927692999999998],[-49.7282521,-21.930396],[-49.729022799999996,-21.9366696],[-49.73443269999999,-21.940566800000003],[-49.7588036,-21.931276699999994],[-49.767756799999994,-21.9321087],[-49.771843499999996,-21.92699049999999],[-49.76866269999999,-21.916425599999997],[-49.7785544,-21.9159157],[-49.7834703,-21.909503299999997],[-49.8093552,-21.8902663],[-49.8049628,-21.88171],[-49.79760949999999,-21.876290000000004],[-49.798959399999994,-21.868245600000005],[-49.8072424,-21.863121000000003],[-49.807693199999996,-21.8597541],[-49.803497899999996,-21.853031700000003],[-49.798095999999994,-21.8526592],[-49.79194249999999,-21.8460733],[-49.7719073,-21.803289299999996],[-49.7788706,-21.796918299999994],[-49.788491799999996,-21.7957725],[-49.7921561,-21.7867473],[-49.799112099999995,-21.786669400000005],[-49.80771759999999,-21.779431999999996],[-49.818740999999996,-21.776623699999995],[-49.8231969,-21.7656695],[-49.8292831,-21.759019599999995],[-49.83631299999999,-21.7591351],[-49.8431813,-21.768947699999995],[-49.8406812,-21.774454499999997],[-49.842664,-21.772712700000003],[-49.8471178,-21.776357499999996],[-49.8538216,-21.7874156],[-49.8578356,-21.8038796],[-49.86389749999999,-21.810631],[-49.8676483,-21.8276605],[-49.8891874,-21.858421100000005],[-49.8908297,-21.8643672],[-49.897719499999994,-21.871138799999997],[-49.918398,-21.8743448],[-49.91954139999999,-21.879939499999995],[-49.9468887,-21.903117599999998],[-49.954444099999996,-21.915050199999996],[-49.962735099999996,-21.938030300000005],[-49.9667091,-21.940165499999996],[-49.970711,-21.9383266],[-49.97228059999999,-21.940938],[-49.98053349999999,-21.942632199999995],[-49.98883479999999,-21.933437099999995],[-50.0119326,-21.924464499999996],[-50.0180368,-21.9140578],[-50.0155945,-21.910016799999998],[-50.01782380000001,-21.905554399999996],[-50.0197767,-21.9065634],[-50.024488299999994,-21.899983499999998],[-50.030947499999996,-21.897886099999997],[-50.027545,-21.890798700000005],[-50.0306737,-21.8871025],[-50.04135349999999,-21.887706199999997],[-50.0442235,-21.883576],[-50.0470138,-21.884235900000004],[-50.0492243,-21.879145999999995],[-50.06376709999999,-21.871069],[-50.0709375,-21.856465299999993],[-50.0830765,-21.854213199999997],[-50.0874173,-21.8493223],[-50.091420799999995,-21.850008299999995],[-50.093247299999994,-21.846256699999998],[-50.0975382,-21.845777299999998],[-50.1020562,-21.8376751],[-50.1133584,-21.83571789999999],[-50.119862499999996,-21.819720299999997],[-50.1257743,-21.819794200000004],[-50.13188529999999,-21.8140149],[-50.130618999999996,-21.80888669999999],[-50.1340638,-21.805822599999996],[-50.1386888,-21.80721919999999],[-50.14444559999999,-21.8037555],[-50.147458099999994,-21.7987594],[-50.144583499999996,-21.795274],[-50.15328050000001,-21.7859126],[-50.1609087,-21.785097899999997],[-50.1630763,-21.7784232],[-50.167118699999996,-21.7758777],[-50.179551399999994,-21.775004500000005],[-50.1817489,-21.770599099999995],[-50.1885927,-21.768010699999998],[-50.189754699999995,-21.762797599999992],[-50.201098099999996,-21.7667272],[-50.2124233,-21.759042799999996],[-50.2197988,-21.7621753],[-50.22355679999999,-21.759335699999998],[-50.2252185,-21.7525095],[-50.2291936,-21.752459999999996],[-50.237135,-21.7453551],[-50.2406377,-21.747231799999998],[-50.2448518,-21.740307800000004],[-50.25205369999999,-21.7409643],[-50.25690839999999,-21.7370613],[-50.2585196,-21.738661899999997],[-50.26257929999999,-21.732613599999997],[-50.2614241,-21.727514099999993],[-50.2715517,-21.721770299999996],[-50.273673599999995,-21.7151358],[-50.2733021,-21.709283499999994],[-50.26679159999999,-21.7040909],[-50.2511234,-21.704576300000003],[-50.24589619999999,-21.6967492],[-50.2444168,-21.699362099999995],[-50.243870599999994,-21.6971157],[-50.2367718,-21.699094499999998],[-50.231733199999994,-21.697256700000004],[-50.231664,-21.699412400000003],[-50.2216058,-21.701778899999994],[-50.2228134,-21.699152399999996],[-50.2202195,-21.6973716],[-50.2115756,-21.69657039999999],[-50.2122176,-21.6923654],[-50.207620999999996,-21.6868129],[-50.19542359999999,-21.691907499999996],[-50.1898304,-21.689722299999996],[-50.183018,-21.6932362],[-50.17613469999999,-21.689920600000004],[-50.1729222,-21.6950876],[-50.168127399999996,-21.693826699999992],[-50.1682558,-21.696229699999996],[-50.1645607,-21.6939519],[-50.16255159999999,-21.685763499999997],[-50.1553819,-21.6810553],[-50.147509799999995,-21.682436],[-50.1438759,-21.686578],[-50.13314549999999,-21.688464599999996],[-50.13030549999999,-21.6914654],[-50.1290283,-21.689209699999996],[-50.1246698,-21.690065899999997],[-50.120145199999996,-21.6849832],[-50.1145425,-21.692235500000002],[-50.1104546,-21.689925900000002],[-50.11024909999999,-21.685106399999995],[-50.106014,-21.681051999999998],[-50.10962529999999,-21.6732023],[-50.10330149999999,-21.646105300000002],[-50.1001248,-21.6434938],[-50.1001188,-21.620998599999997],[-50.0797967,-21.610321999999996],[-50.07366549999999,-21.595959599999997],[-50.0611094,-21.5894354],[-50.0608534,-21.5839415],[-50.05774149999999,-21.586997399999998],[-50.0607405,-21.595954999999993],[-50.05835009999999,-21.6032022],[-50.05530449999999,-21.608632500000002],[-50.0481975,-21.609928299999996],[-50.038540899999994,-21.5953417],[-50.0282063,-21.589234899999994],[-50.0132667,-21.5900433],[-50.0043295,-21.587264699999995],[-49.99325259999999,-21.590919699999997],[-49.98664459999999,-21.5878634],[-49.979877099999996,-21.578250799999996],[-49.96754750000001,-21.576503699999993],[-49.96346669999999,-21.579598199999996],[-49.95407590000001,-21.577034099999995],[-49.9335047,-21.5538485],[-49.9152826,-21.5574434],[-49.909631899999994,-21.5494976],[-49.9087784,-21.5386538],[-49.9026086,-21.526568399999995],[-49.9026341,-21.522841499999995],[-49.910477099999994,-21.5225701],[-49.91089949999999,-21.5104603],[-49.89350519999999,-21.481938099999997],[-49.8925222,-21.470715300000002],[-49.889710799999996,-21.4682332],[-49.886316599999994,-21.471205799999996],[-49.8722429,-21.4688611],[-49.868592,-21.459482099999995],[-49.8705411,-21.457032299999998],[-49.86850599999999,-21.4541928],[-49.87134259999999,-21.4517538],[-49.867113499999995,-21.448437899999995],[-49.870799299999995,-21.4427124],[-49.8647586,-21.439614900000002],[-49.866301,-21.4364435],[-49.8611456,-21.4304801],[-49.8634445,-21.4184104],[-49.86113319999999,-21.409487099999996],[-49.86855250000001,-21.392625699999996],[-49.8640532,-21.389951399999998],[-49.8615499,-21.3771462],[-49.8562553,-21.372746199999995],[-49.8557317,-21.367865999999996],[-49.8520091,-21.369009499999997],[-49.848126,-21.3656872],[-49.83298150000001,-21.3377389],[-49.82688619999999,-21.3392685],[-49.82732519999999,-21.333404799999993],[-49.8239765,-21.3303331],[-49.825949,-21.325682900000004],[-49.8228711,-21.323544499999997],[-49.8239847,-21.318477799999993],[-49.81661819999999,-21.315597099999998],[-49.81805529999999,-21.303103899999996],[-49.82443489999999,-21.2999404],[-49.8231699,-21.295308799999997],[-49.83178759999999,-21.284571],[-49.8254927,-21.280277],[-49.830589399999994,-21.280817],[-49.8331372,-21.277264499999998],[-49.8316287,-21.2749525],[-49.814346,-21.280608599999997],[-49.80297959999999,-21.2923192],[-49.7834089,-21.2977314],[-49.7718211,-21.306184599999998],[-49.753804,-21.297015999999996],[-49.7453639,-21.2971332],[-49.7430036,-21.301383799999996],[-49.74582939999999,-21.315090500000004],[-49.7277927,-21.344924799999998],[-49.7242496,-21.345619],[-49.719282699999994,-21.338960099999998],[-49.711772599999996,-21.3349737],[-49.700221,-21.3368839],[-49.6964104,-21.342835099999995],[-49.6999463,-21.358035499999996],[-49.6958607,-21.36340819999999],[-49.68558889999999,-21.363492099999995],[-49.6786378,-21.3530105],[-49.6714866,-21.3491992],[-49.6595232,-21.352094299999997],[-49.6391762,-21.352311999999998],[-49.6284218,-21.354433699999998],[-49.602068300000006,-21.374435599999998],[-49.587236,-21.3764398],[-49.5643613,-21.4096942],[-49.5584651,-21.4158736],[-49.5495357,-21.4178531],[-49.54343329999999,-21.432617900000004],[-49.5259124,-21.447344899999997],[-49.50727210000001,-21.479500499999997],[-49.495478199999994,-21.4941683],[-49.484485199999995,-21.5034626],[-49.4473963,-21.5222905],[-49.422610899999995,-21.5415641],[-49.407342899999996,-21.544333199999997],[-49.3770339,-21.5348989],[-49.3383134,-21.547540299999998],[-49.327168,-21.561982099999998],[-49.320920799999996,-21.5964303],[-49.31212949999999,-21.6163121],[-49.29129429999999,-21.6331144],[-49.2827183,-21.6501628],[-49.26630479999999,-21.6639211],[-49.217159099999996,-21.673271599999996],[-49.2100702,-21.6668547],[-49.2104744,-21.659664199999995],[-49.2062643,-21.6545156],[-49.184779899999995,-21.646635399999997],[-49.1642027,-21.647369799999996],[-49.1507848,-21.659776199999996],[-49.1518741,-21.680637299999997],[-49.13958559999999,-21.7062882],[-49.1243023,-21.720214699999993],[-49.1157764,-21.738030400000003],[-49.10521119999999,-21.750685199999996],[-49.0762001,-21.7577145],[-49.0440737,-21.774224699999994],[-49.0191057,-21.770807299999998],[-48.9801409,-21.7589615],[-48.967485999999994,-21.7606144],[-48.96098479999999,-21.7683531],[-48.96192179999999,-21.784994499999996],[-48.98849709999999,-21.815410999999994],[-48.990063899999996,-21.824946299999997],[-48.9878402,-21.8320343],[-48.9819347,-21.8394249],[-48.969077,-21.848169100000003],[-48.918072099999996,-21.860535900000002],[-48.90798929999999,-21.8663141],[-48.892171,-21.906656999999992],[-48.87915699999999,-21.920865199999998],[-48.8715254,-21.914458],[-48.8654555,-21.9166727],[-48.84793839999999,-21.909874800000004],[-48.84082909999999,-21.903134299999998],[-48.839979,-21.898329999999994],[-48.832946699999994,-21.898805199999995],[-48.8325588,-21.8948572],[-48.83550799999999,-21.894886499999995],[-48.8306142,-21.890420199999998],[-48.8273341,-21.892982899999996],[-48.8218121,-21.8895926],[-48.82082969999999,-21.892417999999996],[-48.81722119999999,-21.8905444],[-48.80985369999999,-21.893622200000003],[-48.808952899999994,-21.890642299999996],[-48.806612400000006,-21.893105199999997],[-48.800407699999994,-21.894176000000005],[-48.7991009,-21.89235469999999],[-48.7989653,-21.895153399999998],[-48.7942292,-21.891705099999996],[-48.7857551,-21.896407999999997],[-48.78538240000001,-21.8940156],[-48.77908779999999,-21.895767],[-48.773823199999995,-21.892062000000003],[-48.7672363,-21.891900299999993],[-48.768074399999996,-21.889663299999995],[-48.76091869999999,-21.884046],[-48.754711699999994,-21.883804999999995],[-48.7529378,-21.886978199999994],[-48.750492799999996,-21.884628399999997],[-48.7453761,-21.8895772],[-48.7422561,-21.886714999999995],[-48.740049299999995,-21.8894683],[-48.735930700000004,-21.888804099999998],[-48.73742909999999,-21.890363099999995],[-48.726689,-21.8909989],[-48.72452559999999,-21.893045500000003],[-48.72585260000001,-21.896707999999997],[-48.7200267,-21.9008447],[-48.7210009,-21.90884],[-48.7192601,-21.907044399999997],[-48.7181404,-21.909797199999993],[-48.7180453,-21.9077209],[-48.7165464,-21.909736899999995],[-48.70678759999999,-21.9095449],[-48.705287299999995,-21.9133143],[-48.69929760000001,-21.9102358],[-48.696848,-21.912882099999997],[-48.6884491,-21.912617200000003],[-48.68397529999999,-21.917081199999995],[-48.6856153,-21.921735499999997],[-48.68011429999999,-21.925642],[-48.67813759999999,-21.9331077],[-48.66848029999999,-21.941407099999996],[-48.67211979999999,-21.943631199999995],[-48.669801,-21.9498335],[-48.6566311,-21.9541783],[-48.6571772,-21.95933],[-48.65309229999999,-21.9602208],[-48.6511803,-21.964057199999996],[-48.648552699999996,-21.9630436],[-48.6449483,-21.970418499999997],[-48.633635299999995,-21.9676488],[-48.62648819999999,-21.9712288],[-48.620181499999994,-21.978699399999996],[-48.612756999999995,-21.978192100000005],[-48.61160829999999,-21.985909899999996],[-48.5960684,-21.988421699999996],[-48.593294199999995,-21.996889599999996],[-48.590125,-21.9966775],[-48.587409099999995,-22.000413999999996],[-48.564001,-22.005088499999996],[-48.55383059999999,-22.016373099999996],[-48.552170600000004,-22.024050400000004],[-48.54712239999999,-22.024598699999995],[-48.54429319999999,-22.0345397],[-48.5365882,-22.0350777],[-48.53027519999999,-22.0288414],[-48.5070461,-22.0216133],[-48.4965375,-22.0115257],[-48.4814822,-22.014171699999995],[-48.4873685,-22.0271133],[-48.4809113,-22.0322053],[-48.4768576,-22.041826799999996],[-48.4639229,-22.049004299999996],[-48.457584499999996,-22.048325299999995],[-48.45261229999999,-22.0514544],[-48.4501271,-22.058604],[-48.4446904,-22.063575599999993],[-48.4448687,-22.0739167],[-48.4383204,-22.074851599999995],[-48.4374653,-22.0788754],[-48.43385020000001,-22.0776773],[-48.43592859999999,-22.084053299999997],[-48.433501099999994,-22.0836983],[-48.4331199,-22.087941599999997],[-48.4244179,-22.089943900000005],[-48.422473,-22.094145600000004],[-48.41968369999999,-22.0901978],[-48.415081799999996,-22.089331099999992],[-48.413708899999996,-22.093652999999996],[-48.4086971,-22.0941042],[-48.402023799999995,-22.1025534],[-48.4028341,-22.108495700000002],[-48.39578029999999,-22.112028399999993],[-48.3986469,-22.1132081],[-48.394565699999994,-22.114558099999996],[-48.397692,-22.116575599999997],[-48.395117899999995,-22.1212485],[-48.397209999999994,-22.1262636],[-48.395114799999995,-22.1297622],[-48.3976095,-22.131891399999997],[-48.3921926,-22.1388177],[-48.39539109999999,-22.147506599999996],[-48.39008979999999,-22.147943399999996],[-48.39256019999999,-22.1518106],[-48.385987799999995,-22.153051399999995],[-48.3874387,-22.1596196],[-48.37592239999999,-22.162260799999995],[-48.371682099999994,-22.1681807],[-48.36815359999999,-22.1647043],[-48.3621438,-22.164786200000005],[-48.35547969999999,-22.166814399999996],[-48.3530112,-22.17091569999999],[-48.3457144,-22.171363900000003],[-48.3432383,-22.173565],[-48.343230299999995,-22.1806768],[-48.3329294,-22.1846569],[-48.3310941,-22.189101799999996],[-48.32339269999999,-22.189137],[-48.32282229999999,-22.1935609],[-48.31608339999999,-22.1939783],[-48.314972000000004,-22.1987684],[-48.3085713,-22.1921565],[-48.28673989999999,-22.189146399999995],[-48.2742852,-22.192289499999998],[-48.269511,-22.181578],[-48.2554989,-22.1772074],[-48.2447856,-22.177897999999995],[-48.2550345,-22.1630342],[-48.25595359999999,-22.1546405],[-48.2444883,-22.1590627],[-48.2158414,-22.158824199999998],[-48.1986225,-22.1480414],[-48.181898700000005,-22.155068099999998],[-48.17588239999999,-22.166417599999996],[-48.157058799999994,-22.174855399999995],[-48.1385466,-22.179085],[-48.1347001,-22.183234999999996],[-48.1195979,-22.1827244],[-48.116698799999995,-22.178648099999997],[-48.1047199,-22.180081100000002],[-48.0899442,-22.168720099999998],[-48.0802878,-22.1570296],[-48.0655426,-22.149854199999993],[-48.057818100000006,-22.1507292],[-48.04372029999999,-22.1288703],[-48.04603819999999,-22.103217500000003],[-48.0436928,-22.0884153],[-48.04797659999999,-22.0779394],[-48.04487209999999,-22.0732246],[-48.03623029999999,-22.078135799999995],[-48.0265796,-22.0769278],[-48.02246619999999,-22.0799139],[-48.0105902,-22.096865700000002],[-48.00330869999999,-22.099362299999996],[-47.9987561,-22.1041865],[-47.9985231,-22.1101328],[-47.993112499999995,-22.116005599999998],[-47.98284429999999,-22.116976499999996],[-47.98407709999999,-22.114753799999995],[-47.9807466,-22.1125019],[-47.97785569999999,-22.1158971],[-47.97519779999999,-22.114724999999996],[-47.9745688,-22.118999],[-47.9714179,-22.1170597],[-47.9704161,-22.1189432],[-47.96744129999999,-22.114184000000005],[-47.9637889,-22.1133115],[-47.96207759999999,-22.116121699999994],[-47.94761960000001,-22.111031699999998],[-47.9345942,-22.120036900000002],[-47.9321805,-22.127781499999998],[-47.9275407,-22.1311259],[-47.92853649999999,-22.139662499999996],[-47.91978939999999,-22.150699899999996],[-47.91433119999999,-22.1496599],[-47.9067868,-22.155745499999995],[-47.899928,-22.1575758],[-47.902645,-22.1722026],[-47.8800501,-22.205992199999997],[-47.8803318,-22.213169],[-47.897971899999995,-22.217988200000004],[-47.9012112,-22.2269107],[-47.90553169999999,-22.2306543],[-47.90434449999999,-22.2355523],[-47.90797539999999,-22.242083499999996],[-47.9073888,-22.252941600000003],[-47.9108691,-22.2642623],[-47.9150237,-22.266675699999997],[-47.9170183,-22.2739348],[-47.9244793,-22.27888],[-47.9268179,-22.305411599999996],[-47.9400195,-22.3148797],[-47.9402301,-22.3204201],[-47.9319835,-22.329586],[-47.945654,-22.320674999999998],[-47.9494306,-22.320656099999997],[-47.95168379999999,-22.3345197],[-47.9546038,-22.3365693],[-47.95414190000001,-22.357608799999994],[-47.9598785,-22.366612599999996],[-47.9547377,-22.3671375],[-47.9514939,-22.376573099999998],[-47.943322599999995,-22.3838168],[-47.949111499999994,-22.3856156],[-47.9540448,-22.398141199999998],[-47.941142,-22.399039899999995],[-47.9238289,-22.4066075],[-47.9209627,-22.4174878],[-47.9146852,-22.420816900000002],[-47.9155097,-22.424571500000003],[-47.92310009999999,-22.4262384],[-47.9364019,-22.4245423],[-47.9495371,-22.431472],[-47.9540201,-22.4442507],[-47.96559729999999,-22.446812],[-47.9825214,-22.4553919],[-47.9749393,-22.463637400000003],[-47.98553179999999,-22.473642299999998],[-47.99661729999999,-22.478800400000004],[-47.994082899999995,-22.4834298],[-47.99483469999999,-22.4938067],[-48.0016143,-22.4918129],[-48.0019974,-22.4968501],[-48.010038699999996,-22.4961593],[-48.019709799999994,-22.503295200000004],[-48.03307199999999,-22.506866],[-48.0419753,-22.506200099999997],[-48.0438583,-22.510885199999997],[-48.0500258,-22.513771399999996],[-48.06762299999999,-22.514434000000005],[-48.074391000000006,-22.527685999999996],[-48.077168,-22.525900999999998],[-48.081489,-22.510612],[-48.08446399999999,-22.506770999999997],[-48.08700799999999,-22.510254],[-48.09216299999999,-22.506533999999995],[-48.09364999999999,-22.498673999999998],[-48.098701999999996,-22.509306999999996],[-48.103133,-22.509299],[-48.105290999999994,-22.498549999999998],[-48.11181199999999,-22.503925],[-48.118935,-22.501293999999998],[-48.121145999999996,-22.498745000000003],[-48.119627,-22.495133],[-48.12373099999999,-22.494127999999993],[-48.125992,-22.490024000000002],[-48.12964399999999,-22.494962],[-48.12890899999999,-22.504019],[-48.123656999999994,-22.507047999999998],[-48.124638999999995,-22.511358999999995],[-48.120937999999995,-22.515564999999995],[-48.12341099999999,-22.5292],[-48.12918,-22.522105],[-48.133571,-22.523799999999998],[-48.13481399999999,-22.527977],[-48.138298,-22.52779],[-48.141571,-22.519120999999995],[-48.139221,-22.515115],[-48.13172899999999,-22.514244],[-48.133203,-22.509565999999996],[-48.130777,-22.505792000000003],[-48.14032399999999,-22.496861999999997],[-48.139472,-22.491253],[-48.147958,-22.488815999999996],[-48.147032,-22.483606999999992],[-48.14960000000001,-22.480974],[-48.159111,-22.490655999999998],[-48.158407,-22.479664999999997],[-48.160468,-22.478309999999997],[-48.165682,-22.482798],[-48.17276,-22.476056999999997],[-48.17621799999999,-22.483526],[-48.17084599999999,-22.492284],[-48.174312,-22.499335999999996],[-48.177403999999996,-22.497264],[-48.175206,-22.489608],[-48.18132399999999,-22.489105],[-48.18342599999999,-22.482939],[-48.188970999999995,-22.486226],[-48.192585,-22.490372999999998],[-48.188263,-22.497483],[-48.19291499999999,-22.499432],[-48.187817,-22.513836],[-48.19293199999999,-22.512842],[-48.194218,-22.50874],[-48.197824,-22.512664999999995],[-48.198016,-22.503663999999997],[-48.20750999999999,-22.502483],[-48.207267,-22.511739],[-48.209614,-22.509344],[-48.213224,-22.510679999999994],[-48.213747999999995,-22.517929999999993],[-48.21809199999999,-22.518809999999995],[-48.21695999999999,-22.536448999999998],[-48.223799,-22.529559999999996],[-48.230446,-22.529059],[-48.229136999999994,-22.523637999999995],[-48.23119299999999,-22.521012999999996],[-48.23938369999999,-22.520285499999996],[-48.24704899999999,-22.52629569999999],[-48.252734999999994,-22.535991099999997],[-48.260345599999994,-22.540770699999996],[-48.253009999999996,-22.550661599999998],[-48.2562287,-22.555900599999998],[-48.248555,-22.5697914],[-48.24767799999999,-22.578467599999996],[-48.26147989999999,-22.605432199999996],[-48.2541511,-22.61778199999999],[-48.24390939999999,-22.6185654],[-48.23384879999999,-22.595875399999994],[-48.222727799999994,-22.5949823],[-48.2170032,-22.599624199999997],[-48.215142699999994,-22.6127743],[-48.21046619999999,-22.6181138],[-48.19048279999999,-22.6252735],[-48.176189799999996,-22.626827599999995],[-48.15914449999999,-22.6380659],[-48.1417692,-22.629686399999994],[-48.11604379999999,-22.629418],[-48.096353099999995,-22.623423699999993],[-48.09303309999999,-22.625501599999996],[-48.09034299999999,-22.632384099999996],[-48.0957835,-22.647564499999998],[-48.09388489999999,-22.651012399999995],[-48.08828799999999,-22.652262],[-48.08954,-22.667004000000002],[-48.09866399999999,-22.688783],[-48.093891,-22.702239],[-48.08635699999999,-22.707111999999995],[-48.083882,-22.723930000000003],[-48.075917999999994,-22.726226],[-48.070082,-22.736921999999993],[-48.058553,-22.733906999999995],[-48.045877,-22.724662000000002],[-48.03835599999999,-22.725163],[-48.030477,-22.719304],[-48.021125999999995,-22.724561999999995],[-48.01427999999999,-22.734649],[-48.018273,-22.741369],[-48.01607299999999,-22.748918999999997],[-48.024055999999995,-22.748931],[-48.027860000000004,-22.754213000000004],[-48.029399,-22.778419],[-48.02683699999999,-22.789146999999993],[-48.031856,-22.797039],[-48.031998,-22.825744],[-48.04752860000001,-22.831892900000003],[-48.039922399999995,-22.8468873],[-48.01444349999999,-22.8522502],[-48.00308869999999,-22.8657628],[-48.0024012,-22.880393300000005],[-48.01528299999999,-22.884108699999995],[-48.009441599999995,-22.895995699999997],[-48.001227,-22.899444899999995],[-47.99263659999999,-22.895500299999995],[-47.9877712,-22.887946499999995],[-47.9913144,-22.8758456],[-47.9855367,-22.8686533],[-47.982246,-22.8702194],[-47.980985,-22.8770693],[-47.9749805,-22.885207600000005],[-47.9736774,-22.8974351],[-47.9702874,-22.900097599999995],[-47.9590028,-22.889240199999996],[-47.9477791,-22.888675199999998],[-47.9391818,-22.882892699999996],[-47.9148191,-22.883416999999994],[-47.905984499999995,-22.877352599999995],[-47.90032399999999,-22.878017],[-47.8991406,-22.8702342],[-47.8829575,-22.863679399999995],[-47.8762629,-22.864252199999996],[-47.8668216,-22.860695599999996],[-47.8578548,-22.866951699999998],[-47.864117199999995,-22.881376399999997],[-47.86327529999999,-22.885182600000004],[-47.8706915,-22.893403500000005],[-47.8687696,-22.8990093],[-47.8447611,-22.9016351],[-47.83529229999999,-22.896929499999995],[-47.8329134,-22.8879549],[-47.8088846,-22.877745099999995],[-47.8061864,-22.8862982],[-47.8085359,-22.8863488],[-47.8072707,-22.8897126],[-47.8099638,-22.8917497],[-47.80625539999999,-22.899321],[-47.8069741,-22.904313100000003],[-47.8122265,-22.905150799999998],[-47.8144163,-22.9091001],[-47.813804399999995,-22.916023599999995],[-47.81055419999999,-22.916821100000003],[-47.8121681,-22.922681599999997],[-47.8169404,-22.921395400000005],[-47.823287099999995,-22.924979599999997],[-47.81959069999999,-22.930085699999996],[-47.8227696,-22.9359385],[-47.820535899999996,-22.943481],[-47.8243575,-22.940475999999997],[-47.826704899999996,-22.9422235],[-47.8254024,-22.950102500000003],[-47.816289,-22.962901700000003],[-47.81707399999999,-22.977752999999996],[-47.8057724,-22.9826232],[-47.796651399999995,-22.9782131],[-47.78968999999999,-22.980697099999997],[-47.7725118,-22.975544199999998],[-47.7659915,-22.979994],[-47.765700499999994,-22.986311599999997],[-47.7823243,-23.003969],[-47.78113849999999,-23.009138499999995],[-47.76275640000001,-23.0024],[-47.7571633,-22.997809299999997],[-47.74761699999999,-23.001701400000005],[-47.76692,-23.015066499999993],[-47.7820244,-23.0145427],[-47.7916057,-23.017069099999997],[-47.7837572,-23.032580899999992],[-47.76770849999999,-23.0296142],[-47.7614733,-23.0377345],[-47.790045199999994,-23.0428916],[-47.7918814,-23.048998500000003],[-47.8213329,-23.0724125],[-47.8264204,-23.080655000000004],[-47.839478,-23.08374909999999],[-47.8372918,-23.087547599999997],[-47.83041879999999,-23.089286899999998],[-47.826977299999996,-23.084444900000005],[-47.821602899999995,-23.085502899999998],[-47.8106249,-23.096589799999993],[-47.80642579999999,-23.105144699999997],[-47.809641899999995,-23.108017699999998],[-47.806982999999995,-23.112715299999998],[-47.814753,-23.113561],[-47.81223169999999,-23.1173485],[-47.81389119999999,-23.1232652],[-47.8201217,-23.1255588],[-47.8362643,-23.123584100000002],[-47.8270137,-23.1307927],[-47.818912299999994,-23.132455300000004],[-47.817140499999994,-23.152644399999996],[-47.82789249999999,-23.1502878],[-47.8391956,-23.157997599999998],[-47.843184099999995,-23.1575142],[-47.8448452,-23.1631702],[-47.841386799999995,-23.162982500000002],[-47.8367908,-23.1686853],[-47.84077859999999,-23.1721206],[-47.83908989999999,-23.174281599999997],[-47.851476899999994,-23.1728147],[-47.85775769999999,-23.175925099999997],[-47.8598446,-23.171700799999996],[-47.87606689999999,-23.1600818],[-47.88509599999999,-23.1642489],[-47.8911544,-23.1605292],[-47.922800099999996,-23.162275],[-47.927006999999996,-23.1575633],[-47.9379409,-23.1615696],[-47.942807699999996,-23.167407400000002],[-47.949322599999995,-23.169918099999997],[-47.94636680000001,-23.180785799999995],[-47.956152599999996,-23.1838092],[-47.9627167,-23.183012099999996],[-47.9701269,-23.189068799999998],[-47.9793086,-23.188761299999996],[-47.978589799999995,-23.201710300000002],[-47.971966599999995,-23.2086456],[-47.9766558,-23.214581399999997],[-47.9819099,-23.215613799999996],[-47.9822192,-23.2196527],[-47.99706919999999,-23.223841299999997],[-48.01275189999999,-23.223447399999998],[-48.02029389999999,-23.227956699999996],[-48.0263047,-23.2270185],[-48.030426899999995,-23.222557799999997],[-48.05251909999999,-23.231442199999996],[-48.06900039999999,-23.2321632],[-48.06976699999999,-23.240593],[-48.07954869999999,-23.242057100000004],[-48.08241639999999,-23.247320099999996],[-48.0959896,-23.246797799999996],[-48.09684159999999,-23.2514224],[-48.1075569,-23.254058799999996],[-48.12099719999999,-23.263592300000003],[-48.138755499999995,-23.2711956],[-48.14075199999999,-23.2658645],[-48.1517878,-23.265291899999998],[-48.16012169999999,-23.260605699999992],[-48.175617100000004,-23.274403299999996],[-48.17868549999999,-23.272163799999998],[-48.18409869999999,-23.276359499999998],[-48.1834869,-23.28175789999999],[-48.1941079,-23.2947418],[-48.20329809999999,-23.296385899999997],[-48.2112434,-23.3031629],[-48.2148848,-23.2973916],[-48.2248742,-23.299206999999996],[-48.2291907,-23.2924891],[-48.2376174,-23.290548199999996],[-48.2414317,-23.280234699999998],[-48.2517865,-23.280971],[-48.26084639999999,-23.277242299999994],[-48.273266199999995,-23.288414099999997],[-48.27684369999999,-23.2841259],[-48.27313339999999,-23.2737022],[-48.27690710000001,-23.2653484],[-48.287485399999994,-23.264287999999993],[-48.2904073,-23.2601357],[-48.299528699999996,-23.257790599999993],[-48.30594359999999,-23.2598771],[-48.310475999999994,-23.2649028],[-48.3421175,-23.270000799999995],[-48.334973999999995,-23.283611700000005],[-48.34777319999999,-23.2827676],[-48.3518735,-23.2894086],[-48.3564623,-23.2866124],[-48.36387229999999,-23.2917986],[-48.3591437,-23.296974900000002],[-48.3601458,-23.3030053],[-48.3624039,-23.2988835],[-48.3739638,-23.291570099999998],[-48.3928757,-23.2911163],[-48.4011878,-23.2875251],[-48.401122799999996,-23.2750806],[-48.406044699999995,-23.267630799999996],[-48.4185853,-23.262529800000003],[-48.43606669999999,-23.273392899999997],[-48.4428673,-23.270011299999997],[-48.45186339999999,-23.272535299999998],[-48.4652557,-23.2662453],[-48.4915389,-23.261133299999997],[-48.5044245,-23.269772200000002],[-48.5078155,-23.2669643],[-48.512192399999996,-23.2719351],[-48.518210499999995,-23.270169799999998],[-48.5207837,-23.272483499999996],[-48.5370618,-23.2731957],[-48.548337399999994,-23.2810449],[-48.55409759999999,-23.279363799999995],[-48.56749589999999,-23.2965667],[-48.579020199999995,-23.296597799999997],[-48.59050880000001,-23.314920999999995],[-48.6036526,-23.316211500000005],[-48.6247878,-23.325611599999995],[-48.647460599999995,-23.329077799999997],[-48.6323401,-23.3442863],[-48.627933199999994,-23.3563704],[-48.6318217,-23.365940399999996],[-48.63497199999999,-23.386172400000003],[-48.63312379999999,-23.397875100000004],[-48.63600879999999,-23.4053376],[-48.6414746,-23.4097528],[-48.656098,-23.4096452],[-48.65631489999999,-23.414057499999995],[-48.649369300000004,-23.4221657],[-48.6533732,-23.430490000000002],[-48.6427411,-23.4718918],[-48.6313424,-23.474622200000002],[-48.61517309999999,-23.4908137],[-48.629722,-23.4885459],[-48.6245379,-23.497118699999998],[-48.63391299999999,-23.5109323],[-48.63287609999999,-23.5223141],[-48.6363998,-23.526437599999998],[-48.644623,-23.5206954],[-48.6473324,-23.5220963],[-48.65232389999999,-23.5375002],[-48.64329779999999,-23.5443835],[-48.63416079999999,-23.539083399999996],[-48.62176869999999,-23.538213199999998],[-48.62239579999999,-23.542327099999998],[-48.6303789,-23.5457743],[-48.6296571,-23.559617199999998],[-48.6267542,-23.5619649],[-48.61988469999999,-23.5602932],[-48.61484159999999,-23.562403899999996],[-48.61271539999999,-23.569886699999998],[-48.60727179999999,-23.574943099999995],[-48.61099959999999,-23.587733099999994],[-48.60922159999999,-23.591911499999995],[-48.6137593,-23.592860600000005],[-48.613404599999996,-23.587850499999995],[-48.618521599999994,-23.587672499999993],[-48.62290659999999,-23.5944449],[-48.6335877,-23.5940524],[-48.640241499999995,-23.591027099999994],[-48.6459344,-23.5933482],[-48.65021029999999,-23.591171599999996],[-48.6554554,-23.596335199999995],[-48.664945,-23.59454759999999],[-48.666213,-23.591879400000003],[-48.6779753,-23.5876263],[-48.68167679999999,-23.588823999999995],[-48.6886052,-23.5982421],[-48.6976041,-23.602512600000004],[-48.7208448,-23.60020129999999],[-48.7260036,-23.601797599999994],[-48.7315951,-23.608600499999998],[-48.7578917,-23.6150573],[-48.766728,-23.613589899999997],[-48.7734221,-23.6349613],[-48.78095689999999,-23.6428024],[-48.7866398,-23.6385938],[-48.795023199999996,-23.641357699999997],[-48.8001695,-23.6392942],[-48.8184056,-23.6167319],[-48.820856899999995,-23.6064309],[-48.832036699999996,-23.6010775],[-48.83739150000001,-23.594489400000004],[-48.84239289999999,-23.5936016],[-48.867343299999995,-23.608146499999997],[-48.8894567,-23.6123604],[-48.9052839,-23.621164500000003],[-48.92378209999999,-23.623804899999996],[-48.9251536,-23.626426000000002],[-48.935898099999996,-23.620876700000004],[-48.946426699999996,-23.624180799999998],[-48.9521489,-23.621103],[-48.9765099,-23.622965499999992],[-48.979205799999995,-23.625034599999996],[-48.97858719999999,-23.630957399999996],[-48.994198399999995,-23.6425383],[-49.00689419999999,-23.6328249],[-49.0119551,-23.643669899999995],[-49.0246204,-23.649477299999997],[-49.02779209999999,-23.6535405],[-49.0327924,-23.677592299999997],[-49.1327337,-23.7214747],[-49.1415814,-23.712080899999997],[-49.1406719,-23.700900300000004],[-49.165530999999994,-23.693325999999992],[-49.1822675,-23.7019673],[-49.1858487,-23.708393499999996],[-49.196271800000005,-23.7132464],[-49.2190821,-23.706563],[-49.2280443,-23.7058471],[-49.2341437,-23.7082496],[-49.2451525,-23.7054274],[-49.247492799999996,-23.710419199999997],[-49.2561632,-23.7109314],[-49.25923879999999,-23.718524600000002],[-49.26343899999999,-23.7212733],[-49.27484299999999,-23.7221374],[-49.2762051,-23.725011999999996],[-49.2861014,-23.727396699999993],[-49.2930452,-23.7351044],[-49.3044025,-23.738560299999996]]]}},{"type":"Feature","properties":{"u":7},"geometry":{"type":"Polygon","coordinates":[[[-46.95878129999999,-23.327346200000004],[-46.96403409999999,-23.323574499999992],[-46.9836671,-23.3336404],[-46.99280569999999,-23.333752499999992],[-46.99571929999999,-23.3310003],[-46.99999749999999,-23.333245799999997],[-47.000544299999994,-23.3381417],[-47.00396979999999,-23.3368584],[-47.0153509,-23.3403334],[-47.0173298,-23.345357499999995],[-47.031247699999994,-23.346012799999993],[-47.057072999999995,-23.3572472],[-47.0663202,-23.354519399999997],[-47.0658041,-23.357784799999997],[-47.072383699999996,-23.359043999999997],[-47.0821401,-23.357588299999996],[-47.0878128,-23.353230400000005],[-47.0921906,-23.356179899999997],[-47.0923733,-23.362717699999997],[-47.0962258,-23.367395199999997],[-47.0946348,-23.37122909999999],[-47.1026101,-23.3694847],[-47.1053189,-23.371663599999998],[-47.10110139999999,-23.386821499999996],[-47.09073370000001,-23.3864004],[-47.081736,-23.381324799999998],[-47.080912,-23.3876386],[-47.083877199999996,-23.391605399999996],[-47.080681799999994,-23.3945086],[-47.0831697,-23.4015962],[-47.09027569999999,-23.403056999999997],[-47.0960909,-23.398391],[-47.100924199999994,-23.404582399999995],[-47.10523979999999,-23.4017764],[-47.122419,-23.402946099999998],[-47.1176721,-23.3766394],[-47.120774399999995,-23.375655700000003],[-47.1323781,-23.382053300000003],[-47.1317447,-23.3749375],[-47.13805339999999,-23.369075199999997],[-47.13679989999999,-23.358642899999996],[-47.14207319999999,-23.349109699999996],[-47.1654349,-23.3427677],[-47.171085899999994,-23.337846399999993],[-47.173755699999994,-23.325600899999998],[-47.164587399999995,-23.323703699999992],[-47.1614648,-23.320544600000005],[-47.1666191,-23.312504499999996],[-47.161782099999996,-23.3115911],[-47.1612867,-23.307669100000002],[-47.16675669999999,-23.3041622],[-47.1684842,-23.294010899999996],[-47.17997269999999,-23.2938666],[-47.186446499999995,-23.2850567],[-47.19135589999999,-23.270093799999998],[-47.190983499999994,-23.246101399999997],[-47.18238229999999,-23.2480433],[-47.1763552,-23.257227499999996],[-47.1462778,-23.255707299999997],[-47.12907409999999,-23.243859799999992],[-47.1211116,-23.2290344],[-47.116464,-23.225947999999995],[-47.117395599999995,-23.222482699999997],[-47.127714600000004,-23.2143962],[-47.13029879999999,-23.2030825],[-47.15662849999999,-23.2019471],[-47.1789479,-23.1964408],[-47.191843199999994,-23.192348999999997],[-47.195375999999996,-23.186159],[-47.212647999999994,-23.182455000000004],[-47.21461399999999,-23.184400000000004],[-47.23224199999999,-23.180697000000002],[-47.238504999999996,-23.184474],[-47.24535399999999,-23.182814999999998],[-47.25176,-23.176461000000003],[-47.251690999999994,-23.17292799999999],[-47.257563,-23.169052000000004],[-47.258118,-23.161916000000005],[-47.2553,-23.156452],[-47.260270999999996,-23.146819],[-47.270271,-23.145582],[-47.2748,-23.151603999999992],[-47.287027,-23.157654],[-47.292196,-23.156125],[-47.299017,-23.139520000000005],[-47.305447,-23.134677999999997],[-47.305187999999994,-23.129704],[-47.2994789,-23.110938000000004],[-47.30075829999999,-23.099147199999994],[-47.2980638,-23.092588],[-47.27773,-23.072272099999996],[-47.2802672,-23.063987699999995],[-47.286047499999995,-23.059144699999997],[-47.2912465,-23.0418104],[-47.3005954,-23.0294666],[-47.30759629999999,-23.0272522],[-47.317258200000005,-23.030244000000003],[-47.353093799999996,-23.0077229],[-47.3788543,-22.985103699999996],[-47.3857713,-22.985980699999995],[-47.401023900000006,-22.9735114],[-47.4058002,-22.962233000000005],[-47.3983403,-22.9588791],[-47.3962485,-22.954355899999996],[-47.3873102,-22.955747099999993],[-47.3885216,-22.939803200000004],[-47.39152719999999,-22.935565899999997],[-47.3865591,-22.9185876],[-47.39380729999999,-22.915541499999996],[-47.39163829999999,-22.9112102],[-47.396474100000006,-22.907338699999997],[-47.3962103,-22.9037748],[-47.407350599999994,-22.904238699999997],[-47.4121768,-22.908211100000003],[-47.4146028,-22.9045819],[-47.43541629999999,-22.895656599999995],[-47.4363349,-22.890920499999996],[-47.4411259,-22.8894661],[-47.442279899999996,-22.879197999999995],[-47.449929,-22.8709491],[-47.44874349999999,-22.863766200000004],[-47.4513807,-22.857468799999992],[-47.4488882,-22.845766899999997],[-47.45595659999999,-22.847980599999996],[-47.4650576,-22.858204400000005],[-47.47728779999999,-22.859699599999995],[-47.48162399999999,-22.858911],[-47.4822119,-22.852255100000004],[-47.48521279999999,-22.8496869],[-47.500051799999994,-22.854483099999996],[-47.508419399999994,-22.8523859],[-47.51939709999999,-22.854414999999996],[-47.524409399999996,-22.848258699999995],[-47.530549,-22.8456833],[-47.527417,-22.830114299999995],[-47.51950279999999,-22.8202508],[-47.5200086,-22.814734599999998],[-47.5137706,-22.8076384],[-47.5052492,-22.785818400000004],[-47.496479,-22.782130499999994],[-47.4951775,-22.7758491],[-47.49796289999999,-22.7615944],[-47.4929628,-22.753465899999995],[-47.51033499999999,-22.736255099999997],[-47.50331979999999,-22.729930699999997],[-47.49046,-22.724285199999997],[-47.48272819999999,-22.735835699999996],[-47.474295999999995,-22.7383149],[-47.4714192,-22.731797899999997],[-47.465002199999994,-22.7356053],[-47.46002609999999,-22.726454399999994],[-47.4533066,-22.729472399999995],[-47.43780339999999,-22.7139549],[-47.424874800000005,-22.71059259999999],[-47.41200129999999,-22.714933599999995],[-47.4074954,-22.710733799999993],[-47.3943748,-22.7067043],[-47.380759,-22.687557999999996],[-47.364215,-22.680563],[-47.346502,-22.704238000000004],[-47.334084,-22.713320999999997],[-47.322720999999994,-22.710504],[-47.320758999999995,-22.707121],[-47.32303799999999,-22.696955],[-47.312744,-22.687374],[-47.299558,-22.687876999999997],[-47.28649399999999,-22.693843],[-47.28038399999999,-22.692484499999996],[-47.279808499999994,-22.6898421],[-47.2853633,-22.687253999999996],[-47.2778387,-22.6801371],[-47.2801954,-22.672766799999998],[-47.2786913,-22.662301300000003],[-47.2667967,-22.653241399999995],[-47.2669379,-22.643957299999997],[-47.26007469999999,-22.638302099999997],[-47.2537658,-22.6248672],[-47.2316458,-22.610562299999998],[-47.2273204,-22.603979399999997],[-47.2283195,-22.599835699999996],[-47.243475600000004,-22.5832752],[-47.2312674,-22.580622800000004],[-47.2276899,-22.5708122],[-47.21842889999999,-22.561115599999997],[-47.2155518,-22.544177399999995],[-47.2117987,-22.5379691],[-47.2329737,-22.526420799999997],[-47.236573799999995,-22.520592100000002],[-47.23099849999999,-22.520076899999996],[-47.22611229999999,-22.5247814],[-47.21425579999999,-22.5270253],[-47.200352,-22.521682199999997],[-47.1891701,-22.521049499999997],[-47.1902672,-22.5165321],[-47.1882599,-22.5156039],[-47.1747712,-22.518964999999998],[-47.1678719,-22.5170891],[-47.141347399999994,-22.5264446],[-47.1244674,-22.526430200000004],[-47.10421039999999,-22.517658900000004],[-47.09604329999999,-22.5085658],[-47.0829026,-22.484806299999995],[-47.0857811,-22.4739068],[-47.0799569,-22.4731598],[-47.0723379,-22.47770909999999],[-47.069752599999994,-22.485621899999995],[-47.07250379999999,-22.497424499999997],[-47.06218919999999,-22.5105287],[-47.0530818,-22.516660299999998],[-47.054481,-22.5257855],[-47.048308199999994,-22.533710699999997],[-47.0493265,-22.542428799999996],[-47.044053000000005,-22.548025999999997],[-47.04236929999999,-22.555481599999997],[-47.0498858,-22.5611329],[-47.0544546,-22.571305299999995],[-47.049365699999996,-22.569527],[-47.0440878,-22.574105200000005],[-47.03762179999999,-22.572107399999997],[-47.0312354,-22.5747625],[-47.0234712,-22.5630226],[-47.016792499999994,-22.565627700000004],[-47.00446349999999,-22.5630395],[-46.987090099999996,-22.5440847],[-46.977482,-22.546226899999997],[-46.967364399999994,-22.552478500000003],[-46.9624459,-22.5518602],[-46.9545434,-22.562197],[-46.952222799999994,-22.5723364],[-46.9460263,-22.571356499999997],[-46.9387996,-22.563422599999996],[-46.931497400000005,-22.5620527],[-46.92318749999999,-22.566192699999995],[-46.920696299999996,-22.569820899999996],[-46.9219393,-22.5750389],[-46.9195384,-22.5760861],[-46.90937519999999,-22.571713799999998],[-46.89723699999999,-22.5612611],[-46.8882484,-22.546911099999996],[-46.88261779999999,-22.545440399999997],[-46.8716658,-22.5476409],[-46.87560779999999,-22.574146],[-46.881098,-22.5792781],[-46.8805512,-22.5835686],[-46.8726829,-22.580596599999996],[-46.86443009999999,-22.5861679],[-46.85463179999999,-22.580012399999998],[-46.83252290000001,-22.578981500000005],[-46.820094499999996,-22.5612426],[-46.8184734,-22.552869299999998],[-46.81269429999999,-22.550521199999995],[-46.809039999999996,-22.545034499999996],[-46.801854799999994,-22.5475609],[-46.793003299999995,-22.5383514],[-46.77095249999999,-22.5362081],[-46.7658966,-22.541890799999997],[-46.761557399999994,-22.542063199999998],[-46.76322199999999,-22.5446581],[-46.760318899999994,-22.5469546],[-46.751843599999994,-22.549244799999997],[-46.7462713,-22.547613199999994],[-46.74435319999999,-22.550403299999996],[-46.737825099999995,-22.548363999999996],[-46.73388249999999,-22.5427718],[-46.73297459999999,-22.534333799999995],[-46.72062019999999,-22.528348500000003],[-46.7217359,-22.516033000000004],[-46.7105417,-22.498222399999996],[-46.70520429999999,-22.494799399999994],[-46.6959641,-22.494777699999997],[-46.6882586,-22.489998699999997],[-46.692833099999994,-22.478812099999992],[-46.6812498,-22.4739948],[-46.6763428,-22.477014599999997],[-46.6688027,-22.4735856],[-46.6647612,-22.4759977],[-46.65326249999999,-22.471257900000005],[-46.64454669999999,-22.4650124],[-46.6425664,-22.460261399999997],[-46.637452499999995,-22.4604848],[-46.6119228,-22.435443],[-46.603467900000005,-22.4430741],[-46.5917343,-22.4381139],[-46.5851339,-22.4394475],[-46.57367179999999,-22.445585799999996],[-46.57265439999999,-22.453141599999995],[-46.5648345,-22.447392499999996],[-46.554814,-22.446650000000005],[-46.5488098,-22.455154499999995],[-46.551553399999996,-22.459979499999996],[-46.549864799999995,-22.469548899999996],[-46.542951599999995,-22.467763900000005],[-46.5374765,-22.4712671],[-46.5306674,-22.470852499999996],[-46.5360624,-22.487756899999997],[-46.5421469,-22.494356],[-46.5069909,-22.5069589],[-46.505289899999994,-22.517047199999997],[-46.500948799999996,-22.517006099999996],[-46.4983242,-22.513167],[-46.49117929999999,-22.510386699999998],[-46.48456989999999,-22.519241799999996],[-46.4767741,-22.5207147],[-46.4668573,-22.518529000000004],[-46.464924,-22.5228038],[-46.4549551,-22.5217324],[-46.44919709999999,-22.530835],[-46.4395191,-22.534699699999997],[-46.4399824,-22.540015599999997],[-46.42917219999999,-22.543703599999997],[-46.4263085,-22.547568799999997],[-46.4179451,-22.5474557],[-46.417590999999994,-22.5429518],[-46.411696,-22.536701500000003],[-46.40614759999999,-22.5414644],[-46.4114167,-22.554313299999997],[-46.42750749999999,-22.5664035],[-46.43372539999999,-22.574567900000005],[-46.42890469999999,-22.579711099999997],[-46.428722699999994,-22.583926099999996],[-46.41951050000001,-22.5828834],[-46.4120617,-22.5857658],[-46.424336399999994,-22.599444299999995],[-46.42083829999999,-22.5985623],[-46.40475789999999,-22.620893299999995],[-46.4230055,-22.624844800000005],[-46.4246199,-22.6335991],[-46.42062949999999,-22.638079500000003],[-46.40604859999999,-22.640577499999996],[-46.3963122,-22.645981999999997],[-46.3923634,-22.65314679999999],[-46.39305889999999,-22.6629741],[-46.405863,-22.67256],[-46.40838039999999,-22.669327399999997],[-46.4056741,-22.6626145],[-46.4134194,-22.6598505],[-46.4200012,-22.664985600000005],[-46.4277141,-22.661357699999996],[-46.4401688,-22.668147299999998],[-46.45877949999999,-22.671818999999996],[-46.461307299999994,-22.676011999999997],[-46.47042239999999,-22.6732427],[-46.480565299999995,-22.679865299999996],[-46.4785658,-22.6858861],[-46.4699762,-22.693975700000003],[-46.4781935,-22.699574399999996],[-46.471672399999996,-22.7063406],[-46.4686395,-22.70130989999999],[-46.4630345,-22.7067542],[-46.45733419999999,-22.7070572],[-46.455650299999995,-22.723584300000002],[-46.45272309999999,-22.7275819],[-46.439453799999995,-22.7267257],[-46.43674609999999,-22.731942099999998],[-46.4315299,-22.734412699999996],[-46.4255821,-22.736325299999997],[-46.4198838,-22.732890600000005],[-46.4145357,-22.734622899999994],[-46.4130858,-22.738300499999998],[-46.3937809,-22.7439725],[-46.38580530000001,-22.74030429999999],[-46.3791368,-22.746084699999997],[-46.3728114,-22.746825800000003],[-46.36048,-22.761345399999996],[-46.35489160000001,-22.7570927],[-46.33454149999999,-22.760300099999995],[-46.3325661,-22.766115799999994],[-46.34164599999999,-22.7693404],[-46.3434887,-22.7774587],[-46.3480546,-22.777659999999997],[-46.3523371,-22.785124600000003],[-46.361695499999996,-22.7889414],[-46.3737561,-22.8170569],[-46.3768111,-22.827819499999997],[-46.37069799999999,-22.8350715],[-46.3743391,-22.8439021],[-46.3725787,-22.860097400000004],[-46.38084099999999,-22.864046099999992],[-46.384192399999996,-22.8699661],[-46.3755013,-22.8710073],[-46.37783579999999,-22.879240099999997],[-46.37347449999999,-22.878826899999996],[-46.3724091,-22.8831304],[-46.356310699999995,-22.9003033],[-46.35077989999999,-22.8994188],[-46.344893,-22.905224],[-46.337483,-22.896780999999997],[-46.31533199999999,-22.886792999999994],[-46.2950288,-22.8978191],[-46.2879166,-22.887812699999998],[-46.28105639999999,-22.884233900000005],[-46.2790257,-22.878347599999994],[-46.2668638,-22.8756872],[-46.2626347,-22.878456499999995],[-46.258530699999994,-22.8905747],[-46.241771299999996,-22.890271099999996],[-46.2381712,-22.894155599999994],[-46.23414459999999,-22.8818228],[-46.199830999999996,-22.870947599999997],[-46.1921979,-22.865230599999997],[-46.1854995,-22.869189699999996],[-46.155327899999996,-22.8641682],[-46.1450279,-22.8571903],[-46.141251999999994,-22.868146],[-46.1421098,-22.880956099999995],[-46.1368863,-22.890541499999998],[-46.1473937,-22.907615599999993],[-46.1539895,-22.912400399999996],[-46.1390937,-22.9227553],[-46.1236125,-22.9095444],[-46.10866819999999,-22.905462199999995],[-46.09521829999999,-22.894429],[-46.0895217,-22.895223099999995],[-46.0836619,-22.8915698],[-46.0753933,-22.890963499999998],[-46.071575,-22.893585600000005],[-46.0639447,-22.891643299999995],[-46.050675,-22.896975],[-46.050676,-22.902325000000005],[-46.0443,-22.905334],[-46.041,-22.915445],[-46.042556999999995,-22.926390999999995],[-46.048634,-22.932793000000004],[-46.053231000000004,-22.949977999999998],[-46.049096,-22.954915],[-46.05158899999999,-22.959164000000005],[-46.05078,-22.966431999999998],[-46.057019999999994,-22.973059],[-46.064017,-22.97488299999999],[-46.067217,-22.980195999999996],[-46.07769699999999,-22.977276],[-46.081454,-22.985104000000003],[-46.08656,-22.985004999999997],[-46.08969499999999,-22.993326],[-46.09439999999999,-22.997240999999995],[-46.125536,-23.009277],[-46.133942,-23.026244],[-46.141985999999996,-23.028503],[-46.140471999999995,-23.038840999999994],[-46.158941,-23.049925000000005],[-46.15886,-23.061528],[-46.162292,-23.063157],[-46.16144,-23.066121999999996],[-46.17038999999999,-23.071622999999995],[-46.173525999999995,-23.070824999999996],[-46.175008,-23.075863999999996],[-46.180330999999995,-23.079393],[-46.194807999999995,-23.077932],[-46.204872,-23.08442399999999],[-46.20521899999999,-23.093062],[-46.210482999999996,-23.104602],[-46.208866,-23.106682],[-46.215061,-23.108424],[-46.21425899999999,-23.11442],[-46.218199999999996,-23.117261000000003],[-46.2184944,-23.1237989],[-46.2215501,-23.1230164],[-46.22674829999999,-23.1279248],[-46.22604619999999,-23.1368976],[-46.2352344,-23.135443299999995],[-46.2471255,-23.1551028],[-46.2569649,-23.1595547],[-46.2560852,-23.1718348],[-46.261502,-23.174004999999998],[-46.259620999999996,-23.180013999999993],[-46.263527,-23.183594999999993],[-46.263096,-23.188019],[-46.268736999999994,-23.190467],[-46.27580999999999,-23.184938],[-46.282415,-23.183486999999996],[-46.286018999999996,-23.190976000000003],[-46.296933,-23.197011],[-46.30773599999999,-23.198040999999996],[-46.30999899999999,-23.204751],[-46.305542,-23.213005000000003],[-46.311501,-23.227427],[-46.329657,-23.246342999999996],[-46.348066,-23.252645],[-46.35381000000001,-23.264964],[-46.359770999999995,-23.267791],[-46.35687599999999,-23.272567],[-46.381483,-23.278080000000003],[-46.38741999999999,-23.286929],[-46.396249,-23.285817999999992],[-46.399970999999994,-23.288778999999998],[-46.402736,-23.299120999999996],[-46.411989999999996,-23.30167],[-46.410499,-23.305789999999995],[-46.41845099999999,-23.316319000000004],[-46.425915,-23.301850000000005],[-46.42725299999999,-23.292],[-46.437409,-23.284551999999998],[-46.43430299999999,-23.279628],[-46.439744,-23.273438999999996],[-46.447892,-23.270023999999996],[-46.45401499999999,-23.27310599999999],[-46.459384,-23.270338],[-46.46184,-23.272439],[-46.460636,-23.278071],[-46.470818,-23.282659999999996],[-46.472741,-23.276642999999996],[-46.491828,-23.255252],[-46.49989599999999,-23.252782999999994],[-46.503068999999996,-23.247942],[-46.514194999999994,-23.250162999999997],[-46.5153801,-23.2375019],[-46.5238,-23.238072999999996],[-46.52900199999999,-23.241544],[-46.539578,-23.239765999999996],[-46.54622899999999,-23.241379],[-46.553512,-23.236246],[-46.563602,-23.236548],[-46.575295,-23.232542999999996],[-46.593711,-23.23655],[-46.604096,-23.235163999999997],[-46.605265,-23.228467999999996],[-46.60979,-23.225810999999997],[-46.615501,-23.227563],[-46.617603,-23.240313000000004],[-46.621961,-23.242418],[-46.622762,-23.256728999999993],[-46.62640600000001,-23.256211],[-46.62963899999999,-23.259089999999993],[-46.64298039999999,-23.2545923],[-46.6524682,-23.2598794],[-46.6666941,-23.258810200000003],[-46.67209,-23.256025799999996],[-46.675775,-23.261601799999998],[-46.6843128,-23.257106599999997],[-46.69420029999999,-23.259201],[-46.7021117,-23.251812300000005],[-46.7185235,-23.253295799999997],[-46.7253636,-23.2484576],[-46.731571699999996,-23.2532348],[-46.7445536,-23.2502751],[-46.7525611,-23.255744099999994],[-46.757163,-23.253483],[-46.760189,-23.258098],[-46.76650399999999,-23.259305999999995],[-46.772353,-23.259727999999996],[-46.778571,-23.25652],[-46.78399099999999,-23.260878],[-46.783685999999996,-23.265378],[-46.790873,-23.266742],[-46.792796,-23.261192],[-46.802441,-23.257011],[-46.80310999999999,-23.270597999999996],[-46.80555400000001,-23.274753],[-46.813905,-23.276820000000004],[-46.81444,-23.282214999999997],[-46.831869999999995,-23.278989999999997],[-46.834675999999995,-23.280627],[-46.83448899999999,-23.286226999999993],[-46.83845699999999,-23.287918000000005],[-46.84437100000001,-23.282006],[-46.84993899999999,-23.285616999999995],[-46.867464000000005,-23.277939],[-46.869642,-23.282185000000002],[-46.8758036,-23.2837155],[-46.877193999999996,-23.290948199999995],[-46.8855537,-23.290530599999997],[-46.8900296,-23.299815500000005],[-46.9019133,-23.307582899999996],[-46.91544439999999,-23.308295599999997],[-46.9184298,-23.310722],[-46.922406699999996,-23.3079266],[-46.9308956,-23.3116695],[-46.9389736,-23.323511799999995],[-46.9414475,-23.320262299999992],[-46.94533499999999,-23.325162899999995],[-46.9490819,-23.326258499999998],[-46.950931,-23.324249199999993],[-46.95878129999999,-23.327346200000004]]]}},{"type":"Feature","properties":{"u":8},"geometry":{"type":"Polygon","coordinates":[[[-47.7198732,-20.8161281],[-47.7274927,-20.828260399999998],[-47.745135999999995,-20.835221599999997],[-47.74975549999999,-20.8456025],[-47.7729836,-20.855751599999998],[-47.786912799999996,-20.879893799999998],[-47.7797464,-20.894437800000002],[-47.788705799999995,-20.897893199999995],[-47.7960997,-20.8997594],[-47.79918949999999,-20.8897696],[-47.8088856,-20.8904961],[-47.818151799999995,-20.8942642],[-47.8345291,-20.908738199999995],[-47.840108799999996,-20.910697599999995],[-47.8564525,-20.8982907],[-47.8705861,-20.8945375],[-47.8784834,-20.9051806],[-47.88963559999999,-20.909867099999996],[-47.903266499999994,-20.890883600000002],[-47.91191529999999,-20.8907821],[-47.9227152,-20.882952000000003],[-47.9356953,-20.892968],[-47.9397182,-20.899946700000005],[-47.95164809999999,-20.891815400000002],[-47.9601162,-20.8914694],[-47.9853687,-20.8763699],[-48.01625729999999,-20.892817899999997],[-48.0247721,-20.9024291],[-48.0374356,-20.906704399999995],[-48.04644239999999,-20.917662599999996],[-48.0467463,-20.925502999999996],[-48.0518067,-20.9315439],[-48.057939399999995,-20.930433199999996],[-48.0648811,-20.9233069],[-48.072439499999994,-20.923183299999998],[-48.0793612,-20.914047599999996],[-48.103666999999994,-20.9000902],[-48.112211499999994,-20.9028746],[-48.1258336,-20.901898399999997],[-48.1408113,-20.8923645],[-48.1548782,-20.89367439999999],[-48.166150099999996,-20.8840989],[-48.17386449999999,-20.8889296],[-48.191017699999996,-20.886320299999998],[-48.20369839999999,-20.8790649],[-48.2280997,-20.8575018],[-48.24159950000001,-20.850400699999998],[-48.24393359999999,-20.8429006],[-48.2342086,-20.830247699999997],[-48.2324756,-20.82002019999999],[-48.23582979999999,-20.8143954],[-48.252359999999996,-20.8090965],[-48.2561938,-20.804579499999996],[-48.2573389,-20.796244799999997],[-48.251221599999994,-20.7907247],[-48.2434927,-20.776570099999997],[-48.25669400000001,-20.741326099999995],[-48.26238779999999,-20.737942999999998],[-48.2712584,-20.7435898],[-48.279529200000006,-20.7410574],[-48.2900942,-20.723300100000003],[-48.2958102,-20.720279899999994],[-48.3205066,-20.725222099999996],[-48.340302099999995,-20.691171699999998],[-48.3405619,-20.684009600000003],[-48.33359279999999,-20.665367599999996],[-48.350404399999995,-20.6462524],[-48.3484772,-20.6300871],[-48.34161189999999,-20.6203241],[-48.322385999999995,-20.6091734],[-48.320347299999995,-20.589047999999995],[-48.32720799999999,-20.582137699999997],[-48.33972959999999,-20.582272499999995],[-48.35059569999999,-20.561762999999996],[-48.37867219999999,-20.5490484],[-48.38293579999999,-20.5441409],[-48.3836549,-20.537161399999995],[-48.37139309999999,-20.546255399999996],[-48.3712906,-20.5379418],[-48.3685224,-20.535489899999998],[-48.37219809999999,-20.5301523],[-48.366620399999995,-20.526876999999995],[-48.35576499999999,-20.527760200000003],[-48.35248740000001,-20.523675299999997],[-48.34721209999999,-20.5258278],[-48.34416039999999,-20.521918400000004],[-48.341346,-20.5240156],[-48.341927399999996,-20.5279438],[-48.33402399999999,-20.5290043],[-48.3325955,-20.532455699999996],[-48.33080639999999,-20.5305293],[-48.326337499999994,-20.5324445],[-48.3226193,-20.5260519],[-48.3172019,-20.524101500000004],[-48.318734,-20.5186594],[-48.3077582,-20.517153699999994],[-48.3010102,-20.5129935],[-48.29322069999999,-20.514278199999996],[-48.2946119,-20.511046399999994],[-48.2836022,-20.4984863],[-48.2840717,-20.4926715],[-48.281604,-20.4923531],[-48.28852559999999,-20.4838045],[-48.281371799999995,-20.4810847],[-48.28326319999999,-20.4744266],[-48.27878299999999,-20.474488499999993],[-48.2807376,-20.4706697],[-48.27871699999999,-20.4688596],[-48.263775,-20.4676251],[-48.2471954,-20.460712400000002],[-48.2388253,-20.461016],[-48.236188399999996,-20.4568061],[-48.2293013,-20.4558507],[-48.2280766,-20.4499409],[-48.22165579999999,-20.450139899999996],[-48.2215333,-20.453251799999997],[-48.2117654,-20.4572023],[-48.2017851,-20.442735200000005],[-48.1788338,-20.390023599999996],[-48.1899021,-20.3419203],[-48.1798295,-20.331950399999997],[-48.1763616,-20.321824099999997],[-48.1644795,-20.3092189],[-48.1596812,-20.296566999999992],[-48.1497374,-20.2914492],[-48.1516354,-20.2860206],[-48.14946629999999,-20.279540799999996],[-48.1583859,-20.272464099999997],[-48.1507575,-20.2682881],[-48.1459855,-20.2614187],[-48.1535261,-20.256372700000004],[-48.1582057,-20.2491756],[-48.15589539999999,-20.235707],[-48.16150329999999,-20.230413599999995],[-48.1742584,-20.2271089],[-48.178106899999996,-20.2227995],[-48.20108789999999,-20.222692100000003],[-48.2040586,-20.218174],[-48.21171809999999,-20.217697699999995],[-48.2263124,-20.228115999999996],[-48.2428583,-20.2283944],[-48.2441639,-20.225634199999995],[-48.239845200000005,-20.2202725],[-48.227984199999995,-20.2141494],[-48.22939749999999,-20.198533899999997],[-48.2349845,-20.200560999999997],[-48.2425917,-20.1968034],[-48.2468769,-20.198516900000005],[-48.2496249,-20.1958558],[-48.26121839999999,-20.1946602],[-48.2646604,-20.197467099999997],[-48.26575729999999,-20.207767099999998],[-48.2722154,-20.217880499999996],[-48.276683,-20.207232799999996],[-48.291831499999994,-20.202227299999997],[-48.2939849,-20.2041065],[-48.302670799999994,-20.2026532],[-48.3142223,-20.1966941],[-48.3166517,-20.1876781],[-48.3123044,-20.182371800000002],[-48.314214199999995,-20.174555699999996],[-48.311372600000006,-20.1704138],[-48.31004839999999,-20.154398199999996],[-48.31859969999999,-20.1596784],[-48.3252923,-20.158321299999997],[-48.3246687,-20.171947400000004],[-48.3336189,-20.1770078],[-48.33511480000001,-20.1850435],[-48.34460169999999,-20.1864626],[-48.3495459,-20.185144099999995],[-48.3551111,-20.178766],[-48.3601773,-20.1675796],[-48.36856029999999,-20.170390299999998],[-48.3738222,-20.1690253],[-48.37644399999999,-20.1652695],[-48.3752757,-20.160599300000005],[-48.36404159999999,-20.1595745],[-48.3605633,-20.154344699999996],[-48.3629551,-20.1480457],[-48.3757354,-20.149002599999996],[-48.37947719999999,-20.152634999999993],[-48.38772209999999,-20.151547899999997],[-48.39502889999999,-20.161418599999998],[-48.39840809999999,-20.153754299999996],[-48.38994339999999,-20.134020199999995],[-48.39868679999999,-20.135820900000002],[-48.40059569999999,-20.1423865],[-48.40774319999999,-20.1500889],[-48.4170868,-20.1414984],[-48.4209929,-20.1520115],[-48.424597999999996,-20.1536552],[-48.430980999999996,-20.148449999999997],[-48.44199119999999,-20.131739700000004],[-48.45161589999999,-20.125873700000003],[-48.43902659999999,-20.120220599999993],[-48.4057768,-20.113510999999995],[-48.3978667,-20.1142879],[-48.3907643,-20.119289199999997],[-48.383864599999995,-20.1189895],[-48.378949,-20.122277599999997],[-48.36182159999999,-20.123054099999997],[-48.3459193,-20.119863300000002],[-48.3394509,-20.1141895],[-48.328989899999996,-20.112729900000005],[-48.3154129,-20.113801099999996],[-48.2954933,-20.124007599999995],[-48.28576189999999,-20.137411200000003],[-48.2749559,-20.1421127],[-48.2546878,-20.14381579999999],[-48.241332799999995,-20.1401845],[-48.2374119,-20.135918699999998],[-48.2253433,-20.1341792],[-48.217747499999994,-20.125288799999996],[-48.2189901,-20.115386800000003],[-48.22812679999999,-20.1042144],[-48.25008439999999,-20.0857677],[-48.2534251,-20.077920699999996],[-48.24413189999999,-20.0474038],[-48.246997,-20.0338798],[-48.2408836,-20.029284399999998],[-48.228499,-20.028214200000004],[-48.2077715,-20.039369999999998],[-48.19105629999999,-20.0609823],[-48.1824659,-20.074626999999996],[-48.18205429999999,-20.0895131],[-48.178606,-20.096180199999996],[-48.16774929999999,-20.1038101],[-48.15832629999999,-20.103049900000002],[-48.1477216,-20.124139600000003],[-48.12654669999999,-20.131256499999996],[-48.11697749999999,-20.1420683],[-48.105487399999994,-20.146356],[-48.0767758,-20.1484296],[-48.049386899999995,-20.137235500000003],[-48.0461181,-20.126876000000003],[-48.03884299999999,-20.119948999999995],[-48.02016299999999,-20.124029000000004],[-48.0024175,-20.103969499999998],[-48.0003974,-20.094208900000005],[-47.99157759999999,-20.07970909999999],[-47.990606199999995,-20.044226199999997],[-47.9845557,-20.037385999999998],[-47.975969299999996,-20.0353727],[-47.94848199999999,-20.055757600000003],[-47.9460221,-20.060467799999998],[-47.94349629999999,-20.0919985],[-47.93410209999999,-20.107853599999995],[-47.91307179999999,-20.1202737],[-47.895462800000004,-20.1252583],[-47.8750773,-20.09837269999999],[-47.8698078,-20.076152299999997],[-47.8699656,-20.063694599999998],[-47.85938389999999,-20.0524121],[-47.86146149999999,-20.045009599999997],[-47.8732795,-20.0373602],[-47.8758308,-20.0214101],[-47.8561502,-19.9905448],[-47.84777869999999,-19.989861000000005],[-47.83468049999999,-19.996065599999998],[-47.8056581,-19.985131700000004],[-47.7625837,-19.986021699999995],[-47.7511056,-19.990289099999995],[-47.7336817,-19.987928199999992],[-47.71269169999999,-19.978148],[-47.7084053,-19.9787016],[-47.6879891,-19.9902445],[-47.67614989999999,-20.0019156],[-47.6755795,-20.0136796],[-47.6706264,-20.0225159],[-47.6347643,-20.049247799999996],[-47.6249354,-20.042286],[-47.6139901,-20.042109],[-47.599658299999994,-20.032437499999997],[-47.59474809999999,-20.0258915],[-47.590907099999995,-20.00334],[-47.58382459999999,-19.996664599999995],[-47.5756245,-19.9942476],[-47.55263780000001,-19.9960259],[-47.5401584,-19.984325],[-47.50693699999999,-19.9824116],[-47.49772539999999,-19.971627600000005],[-47.47926139999999,-19.9687533],[-47.4726027,-19.9610298],[-47.46332199999999,-19.965788999999997],[-47.45027619999999,-19.9878376],[-47.437806599999995,-19.996985799999997],[-47.42442799999999,-20.015319600000005],[-47.4345585,-20.0244509],[-47.44423629999999,-20.0279605],[-47.438708399999996,-20.051088800000002],[-47.418234,-20.0646426],[-47.40495919999999,-20.0827359],[-47.3902967,-20.081481699999998],[-47.374570899999995,-20.083662699999998],[-47.3586764,-20.103981599999994],[-47.3475377,-20.1053436],[-47.3411228,-20.111249599999994],[-47.32328929999999,-20.116753499999994],[-47.30967340000001,-20.124498400000004],[-47.30587109999999,-20.1332643],[-47.2930069,-20.148661899999993],[-47.2617804,-20.1599249],[-47.2570443,-20.166203999999993],[-47.2558673,-20.1907713],[-47.25057089999999,-20.1996702],[-47.2310736,-20.219152199999993],[-47.239102,-20.2435681],[-47.24735179999999,-20.258643799999998],[-47.2462664,-20.261444199999993],[-47.2528741,-20.263637999999997],[-47.2646259,-20.282570199999995],[-47.2699275,-20.2828258],[-47.2767287,-20.291638],[-47.2815939,-20.303481499999997],[-47.2818234,-20.312582799999998],[-47.28582,-20.316286499999997],[-47.28496,-20.3319902],[-47.2902892,-20.333728399999995],[-47.2894355,-20.3375256],[-47.2982081,-20.348435699999996],[-47.2955696,-20.3507531],[-47.2965359,-20.357338799999997],[-47.2933515,-20.364345599999996],[-47.2954892,-20.3692059],[-47.29253539999999,-20.370315199999997],[-47.2944313,-20.380768],[-47.29062499999999,-20.3832229],[-47.29376119999999,-20.385690799999992],[-47.29228909999999,-20.3881712],[-47.2872378,-20.3879204],[-47.2914556,-20.4000463],[-47.28545569999999,-20.405739999999998],[-47.2895896,-20.409811599999998],[-47.288425399999994,-20.416729999999998],[-47.29348209999999,-20.4180244],[-47.2887666,-20.4215549],[-47.29610019999999,-20.427255999999996],[-47.2929076,-20.428205799999997],[-47.2944737,-20.431750499999996],[-47.2872891,-20.4351494],[-47.28648249999999,-20.4424508],[-47.292765599999996,-20.447733599999996],[-47.284375499999996,-20.457061499999995],[-47.2786149,-20.4581521],[-47.27906149999999,-20.460509099999996],[-47.27170619999999,-20.4627665],[-47.2698704,-20.4665317],[-47.25948499999999,-20.468927],[-47.2536045,-20.477952300000002],[-47.2505973,-20.476745399999995],[-47.2411881,-20.4835941],[-47.229601599999995,-20.4869039],[-47.2195406,-20.496520999999998],[-47.213038700000006,-20.4981839],[-47.21151009999999,-20.502318399999997],[-47.2043332,-20.5034958],[-47.2026513,-20.501566],[-47.1856804,-20.510859199999995],[-47.184792,-20.513704899999997],[-47.1798568,-20.5129074],[-47.1511497,-20.5220465],[-47.143459799999995,-20.5353234],[-47.14523059999999,-20.540209199999996],[-47.14152049999999,-20.5410165],[-47.138234,-20.554592599999996],[-47.138512899999995,-20.563845999999998],[-47.14262769999999,-20.5660141],[-47.1323961,-20.5907839],[-47.125290099999994,-20.5904314],[-47.12276179999999,-20.594681299999998],[-47.1252904,-20.6087946],[-47.123322599999995,-20.612722499999997],[-47.10873449999999,-20.620804799999995],[-47.1126809,-20.6380843],[-47.107815599999995,-20.6382327],[-47.0968958,-20.6445283],[-47.0958157,-20.6577722],[-47.102823599999994,-20.6708618],[-47.1012353,-20.6831658],[-47.1127937,-20.696647599999995],[-47.1153009,-20.7072048],[-47.1266754,-20.7093185],[-47.1341217,-20.7064328],[-47.1490655,-20.707616599999998],[-47.1647562,-20.701459799999995],[-47.1692408,-20.703430799999992],[-47.1731248,-20.7119186],[-47.169509399999995,-20.717696600000004],[-47.18626069999999,-20.7311344],[-47.18254199999999,-20.7352105],[-47.17663509999999,-20.735909300000003],[-47.1751925,-20.739261899999995],[-47.1822923,-20.741293],[-47.18881830000001,-20.7706247],[-47.1952994,-20.774969],[-47.2070694,-20.775531100000002],[-47.21145049999999,-20.7806531],[-47.2138655,-20.792311499999997],[-47.224754299999994,-20.8000989],[-47.22283949999999,-20.808895399999997],[-47.214181499999995,-20.823692599999998],[-47.2273595,-20.8564716],[-47.246131999999996,-20.864571700000003],[-47.251368199999995,-20.8637105],[-47.2509687,-20.8606722],[-47.2554222,-20.859801699999995],[-47.25537369999999,-20.856849900000004],[-47.2582958,-20.8580238],[-47.2632352,-20.8536193],[-47.263610799999995,-20.857026],[-47.266673399999995,-20.858155799999995],[-47.26732109999999,-20.8542095],[-47.2785284,-20.845344500000003],[-47.2755973,-20.8438561],[-47.280679899999996,-20.841264399999996],[-47.2821007,-20.8427414],[-47.2832847,-20.838487],[-47.2895525,-20.835915999999997],[-47.28952829999999,-20.838188499999998],[-47.2942671,-20.838794399999994],[-47.293849,-20.8415117],[-47.297757299999994,-20.839454099999998],[-47.2998219,-20.842373099999996],[-47.302493,-20.841688100000002],[-47.30588230000001,-20.837325899999993],[-47.3064887,-20.843179599999996],[-47.3145295,-20.841283099999995],[-47.313185000000004,-20.847678500000004],[-47.3231378,-20.847734],[-47.327405899999995,-20.859169299999998],[-47.3302899,-20.858479499999998],[-47.3287065,-20.8598991],[-47.341507199999995,-20.8576611],[-47.3448819,-20.8534825],[-47.342558,-20.849880699999996],[-47.348510399999995,-20.848235299999995],[-47.34964479999999,-20.840028399999994],[-47.3450982,-20.8354331],[-47.3475795,-20.833941899999996],[-47.343518599999996,-20.830418699999996],[-47.344901699999994,-20.827686300000003],[-47.35511329999999,-20.829733899999997],[-47.356384199999994,-20.825287699999997],[-47.369691499999995,-20.8271276],[-47.3707028,-20.821486699999998],[-47.3902831,-20.820772],[-47.3963149,-20.8108718],[-47.40665679999999,-20.8123479],[-47.4183032,-20.8061349],[-47.4269184,-20.793933700000004],[-47.435974,-20.792223799999995],[-47.4422611,-20.7818688],[-47.43548239999999,-20.777756199999995],[-47.427671399999994,-20.777254999999997],[-47.42876869999999,-20.7738347],[-47.4331314,-20.7726408],[-47.4289065,-20.767807399999995],[-47.429824599999996,-20.764126799999996],[-47.4355708,-20.763091399999997],[-47.438095,-20.7654325],[-47.4535701,-20.7599609],[-47.4600874,-20.763891999999995],[-47.4555903,-20.773227499999997],[-47.470130499999996,-20.769892399999996],[-47.472737699999996,-20.759939299999996],[-47.4706817,-20.752212500000002],[-47.478559999999995,-20.754134200000003],[-47.488519,-20.751209199999998],[-47.4920905,-20.747420299999998],[-47.494365200000004,-20.748695999999995],[-47.49493489999999,-20.742946700000005],[-47.4994132,-20.7425166],[-47.4990746,-20.739321800000003],[-47.506431799999994,-20.734759699999998],[-47.5052258,-20.73121769999999],[-47.5085144,-20.7323965],[-47.5084715,-20.7250492],[-47.51401049999999,-20.724805799999995],[-47.515228199999996,-20.7296533],[-47.51739919999999,-20.7267441],[-47.5281403,-20.7322647],[-47.527410399999994,-20.727842599999995],[-47.5333642,-20.7275431],[-47.529560999999994,-20.7236047],[-47.534121999999996,-20.7231991],[-47.53313039999999,-20.717498],[-47.539321199999996,-20.721142399999998],[-47.5420387,-20.718898600000003],[-47.54269310000001,-20.7225529],[-47.5445388,-20.721876599999998],[-47.54479099999999,-20.727149199999992],[-47.5399393,-20.727948799999997],[-47.540807699999995,-20.732644899999997],[-47.538283799999995,-20.7311042],[-47.5400745,-20.7359597],[-47.55173489999999,-20.7349701],[-47.54892269999999,-20.740786500000002],[-47.5592972,-20.741683099999996],[-47.568184,-20.7390313],[-47.57129619999999,-20.7325774],[-47.56764249999999,-20.7273111],[-47.57145419999999,-20.7215278],[-47.574304299999994,-20.726759599999998],[-47.579065899999996,-20.7243375],[-47.57702329999999,-20.7172776],[-47.58098069999999,-20.710281199999994],[-47.58651089999999,-20.709547699999998],[-47.5938342,-20.713195499999994],[-47.5930469,-20.7163929],[-47.5957366,-20.7180207],[-47.6039344,-20.718531699999996],[-47.6051216,-20.703327499999997],[-47.59853830000001,-20.692927299999994],[-47.61249339999999,-20.7002553],[-47.6172106,-20.710964999999998],[-47.626811499999995,-20.706446099999997],[-47.6281072,-20.702674699999996],[-47.65080259999999,-20.7211043],[-47.65250029999999,-20.7258121],[-47.649148999999994,-20.7364824],[-47.6526286,-20.755240799999996],[-47.6497113,-20.7707],[-47.65207349999999,-20.779408100000005],[-47.6610034,-20.7839072],[-47.6583269,-20.798997899999996],[-47.66347199999999,-20.804469199999996],[-47.659030099999995,-20.812475799999998],[-47.6600111,-20.819768399999997],[-47.677847299999996,-20.815746699999995],[-47.6884702,-20.821066000000002],[-47.6925467,-20.820579600000002],[-47.702397,-20.816459600000005],[-47.70713129999999,-20.809965399999996],[-47.7198732,-20.8161281]]]}},{"type":"Feature","properties":{"u":9},"geometry":{"type":"Polygon","coordinates":[[[-47.658490199999996,-23.001776199999995],[-47.6682988,-22.993780499999996],[-47.663812699999994,-22.9904703],[-47.6657544,-22.9841951],[-47.6699929,-22.9817993],[-47.67171189999999,-22.972446399999995],[-47.67725649999999,-22.968466599999992],[-47.67788389999999,-22.958518999999995],[-47.69850709999999,-22.931197899999997],[-47.7011879,-22.918662999999995],[-47.71431929999999,-22.912017000000002],[-47.72257679999999,-22.919705600000004],[-47.7225267,-22.933234899999995],[-47.745903,-22.932832499999996],[-47.7504882,-22.9270943],[-47.7602476,-22.922151],[-47.7575741,-22.914364099999997],[-47.7633276,-22.903995899999995],[-47.8069049,-22.876903999999996],[-47.8329134,-22.8879549],[-47.83529229999999,-22.896929499999995],[-47.8447611,-22.9016351],[-47.8634479,-22.900483099999995],[-47.8687696,-22.8990093],[-47.8710146,-22.8945456],[-47.86327529999999,-22.885182600000004],[-47.864117199999995,-22.881376399999997],[-47.8578548,-22.866951699999998],[-47.8668216,-22.860695599999996],[-47.8762629,-22.864252199999996],[-47.8829575,-22.863679399999995],[-47.8991406,-22.8702342],[-47.90032399999999,-22.878017],[-47.905984499999995,-22.877352599999995],[-47.9148191,-22.883416999999994],[-47.9391818,-22.882892699999996],[-47.9477791,-22.888675199999998],[-47.9590028,-22.889240199999996],[-47.9702874,-22.900097599999995],[-47.9736774,-22.8974351],[-47.9749805,-22.885207600000005],[-47.980985,-22.8770693],[-47.982246,-22.8702194],[-47.9855367,-22.8686533],[-47.9913144,-22.8758456],[-47.9877712,-22.887946499999995],[-47.99263659999999,-22.895500299999995],[-48.001227,-22.899444899999995],[-48.01047959999999,-22.895285399999995],[-48.01528299999999,-22.884108699999995],[-48.0024012,-22.880393300000005],[-48.00308869999999,-22.8657628],[-48.01444349999999,-22.8522502],[-48.039922399999995,-22.8468873],[-48.04752860000001,-22.831892900000003],[-48.031998,-22.825744],[-48.031856,-22.797039],[-48.02683699999999,-22.789146999999993],[-48.029399,-22.778419],[-48.027992000000005,-22.755112],[-48.02473899999999,-22.749279000000005],[-48.015973,-22.748729999999995],[-48.018273,-22.741369],[-48.01427999999999,-22.734649],[-48.018128,-22.728666999999998],[-48.031539,-22.719249000000005],[-48.03835599999999,-22.725163],[-48.045877,-22.724662000000002],[-48.058553,-22.733906999999995],[-48.070551,-22.736949999999997],[-48.075917999999994,-22.726226],[-48.083882,-22.723930000000003],[-48.08635699999999,-22.707111999999995],[-48.093891,-22.702239],[-48.09866399999999,-22.688783],[-48.08954,-22.667004000000002],[-48.08828799999999,-22.652262],[-48.0956658,-22.648808900000002],[-48.09034299999999,-22.632384099999996],[-48.0952588,-22.623767700000002],[-48.11604379999999,-22.629418],[-48.1417692,-22.629686399999994],[-48.16037719999999,-22.6378083],[-48.176189799999996,-22.626827599999995],[-48.19048279999999,-22.6252735],[-48.21046619999999,-22.6181138],[-48.214711599999994,-22.6139528],[-48.2177904,-22.598305499999995],[-48.2272376,-22.593963299999995],[-48.236104499999996,-22.598771499999998],[-48.242629,-22.6179213],[-48.2501788,-22.6196451],[-48.2541511,-22.61778199999999],[-48.26147989999999,-22.605432199999996],[-48.2479893,-22.579637699999992],[-48.2479062,-22.573829099999998],[-48.2562287,-22.555900599999998],[-48.253009999999996,-22.550661599999998],[-48.2543905,-22.5469846],[-48.26065059999999,-22.541486100000004],[-48.23938369999999,-22.520285499999996],[-48.23119299999999,-22.521012999999996],[-48.229136999999994,-22.523637999999995],[-48.230446,-22.529059],[-48.223799,-22.529559999999996],[-48.21695999999999,-22.536448999999998],[-48.21809199999999,-22.518809999999995],[-48.213747999999995,-22.517929999999993],[-48.213224,-22.510679999999994],[-48.209614,-22.509344],[-48.207267,-22.511739],[-48.20750999999999,-22.502483],[-48.198016,-22.503663999999997],[-48.197824,-22.512664999999995],[-48.194218,-22.50874],[-48.19293199999999,-22.512842],[-48.187924,-22.513962999999997],[-48.19291499999999,-22.499432],[-48.18825,-22.497311999999997],[-48.192381999999995,-22.48973],[-48.183257,-22.48301],[-48.18132399999999,-22.489105],[-48.17509999999999,-22.489724999999996],[-48.177403999999996,-22.497264],[-48.174312,-22.499335999999996],[-48.17084599999999,-22.492284],[-48.17621799999999,-22.483526],[-48.172616999999995,-22.476003],[-48.165682,-22.482798],[-48.160468,-22.478309999999997],[-48.158407,-22.479664999999997],[-48.159111,-22.490655999999998],[-48.14960000000001,-22.480974],[-48.147032,-22.483606999999992],[-48.147958,-22.488815999999996],[-48.139472,-22.491253],[-48.14032399999999,-22.496861999999997],[-48.130777,-22.505792000000003],[-48.133203,-22.509565999999996],[-48.13172899999999,-22.514244],[-48.139221,-22.515115],[-48.141571,-22.519120999999995],[-48.140259,-22.524715999999998],[-48.135258,-22.528247999999998],[-48.133571,-22.523799999999998],[-48.128814999999996,-22.522194],[-48.123757999999995,-22.529565],[-48.120937999999995,-22.515564999999995],[-48.124638999999995,-22.511358999999995],[-48.123656999999994,-22.507047999999998],[-48.12890899999999,-22.504019],[-48.12964399999999,-22.494962],[-48.125992,-22.490024000000002],[-48.12373099999999,-22.494127999999993],[-48.119627,-22.495133],[-48.121145999999996,-22.498745000000003],[-48.118935,-22.501293999999998],[-48.11181199999999,-22.503925],[-48.105290999999994,-22.498549999999998],[-48.103133,-22.509299],[-48.098701999999996,-22.509306999999996],[-48.09364999999999,-22.498673999999998],[-48.09216299999999,-22.506533999999995],[-48.08700799999999,-22.510254],[-48.08446399999999,-22.506770999999997],[-48.081489,-22.510612],[-48.074673,-22.527706000000002],[-48.06762299999999,-22.514434000000005],[-48.0500258,-22.513771399999996],[-48.0438583,-22.510885199999997],[-48.0419753,-22.506200099999997],[-48.03307199999999,-22.506866],[-48.019709799999994,-22.503295200000004],[-48.010038699999996,-22.4961593],[-48.0019974,-22.4968501],[-48.0016143,-22.4918129],[-47.99483469999999,-22.4938067],[-47.994082899999995,-22.4834298],[-47.99661729999999,-22.478800400000004],[-47.98553179999999,-22.473642299999998],[-47.9749393,-22.463637400000003],[-47.9825214,-22.4553919],[-47.96559729999999,-22.446812],[-47.9540201,-22.4442507],[-47.9495371,-22.431472],[-47.9364019,-22.4245423],[-47.92310009999999,-22.4262384],[-47.914609899999995,-22.423185],[-47.91522569999999,-22.419706599999998],[-47.9209627,-22.4174878],[-47.9238289,-22.4066075],[-47.941142,-22.399039899999995],[-47.9540448,-22.398141199999998],[-47.949111499999994,-22.3856156],[-47.943322599999995,-22.3838168],[-47.9514939,-22.376573099999998],[-47.9547377,-22.3671375],[-47.9598785,-22.366612599999996],[-47.95414190000001,-22.357608799999994],[-47.9546038,-22.3365693],[-47.95168379999999,-22.3345197],[-47.9494306,-22.320656099999997],[-47.945654,-22.320674999999998],[-47.9319835,-22.329586],[-47.9402301,-22.3204201],[-47.9400195,-22.3148797],[-47.9268179,-22.305411599999996],[-47.9244793,-22.27888],[-47.9170183,-22.2739348],[-47.9150237,-22.266675699999997],[-47.9108691,-22.2642623],[-47.9073888,-22.252941600000003],[-47.90797539999999,-22.242083499999996],[-47.90434449999999,-22.2355523],[-47.90553169999999,-22.2306543],[-47.9012112,-22.2269107],[-47.897971899999995,-22.217988200000004],[-47.87955109999999,-22.21163599999999],[-47.8820373,-22.200716999999997],[-47.8914261,-22.1908031],[-47.902944,-22.171415999999997],[-47.899844699999996,-22.1572068],[-47.896867199999996,-22.1600433],[-47.8968389,-22.156819700000003],[-47.891317,-22.153598999999993],[-47.88726069999999,-22.157888],[-47.8859573,-22.152414299999997],[-47.8793928,-22.157998099999993],[-47.8736452,-22.1583498],[-47.8620609,-22.1506619],[-47.85730459999999,-22.1561694],[-47.85157589999999,-22.15653],[-47.83081289999999,-22.148193299999996],[-47.82214179999999,-22.152097999999995],[-47.8204799,-22.1596857],[-47.814887199999994,-22.1613425],[-47.81567849999999,-22.154739999999997],[-47.8092484,-22.148378299999997],[-47.811264599999994,-22.140482199999997],[-47.80835630000001,-22.1324514],[-47.80007659999999,-22.128512599999993],[-47.78739529999999,-22.1138395],[-47.78983229999999,-22.097822200000003],[-47.7765643,-22.0913649],[-47.7717173,-22.092835699999995],[-47.76332020000001,-22.0876908],[-47.7526353,-22.089938399999998],[-47.7511179,-22.0792374],[-47.7461916,-22.078254899999997],[-47.74818119999999,-22.063808299999998],[-47.74398359999999,-22.054477499999997],[-47.738772899999994,-22.0534043],[-47.72124019999999,-22.0367366],[-47.70057709999999,-22.033847400000003],[-47.6976277,-22.027854000000005],[-47.69167029999999,-22.0272274],[-47.6756493,-22.013051099999995],[-47.6683226,-22.033440500000005],[-47.66893339999999,-22.039433199999998],[-47.658076099999995,-22.0517978],[-47.6515759,-22.054264099999997],[-47.6433933,-22.051931399999997],[-47.636384,-22.055082299999995],[-47.62224609999999,-22.041526999999995],[-47.6175271,-22.041726999999998],[-47.61742089999999,-22.0454414],[-47.6089304,-22.051953599999997],[-47.6007475,-22.0515968],[-47.5811421,-22.032301600000004],[-47.5794538,-22.0213236],[-47.57494129999999,-22.0177035],[-47.578102099999995,-22.002410599999997],[-47.5824264,-21.995990199999998],[-47.58191819999999,-21.990418099999996],[-47.5741292,-21.9862283],[-47.5637546,-21.986540199999997],[-47.5435693,-21.979738799999996],[-47.5354037,-21.955653399999996],[-47.5242415,-21.9435234],[-47.50779399999999,-21.933201799999996],[-47.5061627,-21.934921099999993],[-47.4978917,-21.917760299999998],[-47.4864712,-21.922918],[-47.47131809999999,-21.9154411],[-47.4193356,-21.9135954],[-47.413743,-21.917794799999996],[-47.4091997,-21.9135791],[-47.4058994,-21.915021300000003],[-47.3997398,-21.903871599999995],[-47.402373299999994,-21.8919959],[-47.395358099999996,-21.890587299999993],[-47.3933869,-21.887744899999998],[-47.404047899999995,-21.8781118],[-47.3973809,-21.857691199999998],[-47.3861722,-21.8496713],[-47.3424902,-21.839959399999998],[-47.33200419999999,-21.842494799999997],[-47.32454189999999,-21.8512541],[-47.3240661,-21.860679999999995],[-47.310373799999994,-21.872691],[-47.28640579999999,-21.867213799999995],[-47.27792699999999,-21.8788486],[-47.2793675,-21.899706399999992],[-47.282749300000006,-21.908364400000004],[-47.2786379,-21.914884],[-47.28225979999999,-21.920462399999998],[-47.2753638,-21.930709399999998],[-47.27434579999999,-21.939403399999996],[-47.2705667,-21.9408859],[-47.26656969999999,-21.948122099999996],[-47.2702607,-21.954614899999996],[-47.29001579999999,-21.9581416],[-47.298679899999996,-21.970487599999995],[-47.2964218,-21.9791424],[-47.29001459999999,-21.981621],[-47.2917642,-21.978271099999997],[-47.2801703,-21.9695248],[-47.2642533,-21.9690109],[-47.258714,-21.9758926],[-47.25144929999999,-21.9651848],[-47.2484002,-21.968437],[-47.2416578,-21.9666452],[-47.241923,-21.968792799999996],[-47.231273099999996,-21.9731889],[-47.2237695,-21.9728092],[-47.2198121,-21.977669500000005],[-47.21621089999999,-21.975977800000003],[-47.2119503,-21.986547299999998],[-47.212727799999996,-22.001877699999994],[-47.2097918,-22.0150209],[-47.2019925,-22.020359999999993],[-47.2016976,-22.0341931],[-47.2178356,-22.0380438],[-47.2339529,-22.056407599999996],[-47.23075570000001,-22.058801099999997],[-47.232459,-22.0620377],[-47.222354,-22.0611212],[-47.2230517,-22.064190600000003],[-47.218500999999996,-22.063793799999996],[-47.2200176,-22.077843],[-47.212717299999994,-22.0875776],[-47.19742889999999,-22.0988141],[-47.1993761,-22.105074699999996],[-47.19358329999999,-22.1140374],[-47.19925729999999,-22.149780999999997],[-47.1903628,-22.1724336],[-47.197289899999994,-22.180479999999996],[-47.2045147,-22.204752599999996],[-47.21019689999999,-22.202176],[-47.22105119999999,-22.208832099999995],[-47.22420449999999,-22.2063335],[-47.2287923,-22.2126003],[-47.2349163,-22.212338699999997],[-47.24173969999999,-22.2197949],[-47.2403494,-22.2311674],[-47.23354189999999,-22.219767900000004],[-47.2277001,-22.227396699999996],[-47.218443199999996,-22.2307717],[-47.2315673,-22.2447077],[-47.2302655,-22.256825799999998],[-47.2174613,-22.265247],[-47.210171599999995,-22.279427699999996],[-47.20493429999999,-22.2815684],[-47.2008444,-22.277662999999997],[-47.19924040000001,-22.282608999999997],[-47.1930496,-22.281120899999998],[-47.19550879999999,-22.2787678],[-47.1915908,-22.275787599999997],[-47.19249789999999,-22.2724919],[-47.1878061,-22.271486699999993],[-47.184024099999995,-22.2748762],[-47.187654599999995,-22.2765768],[-47.1833275,-22.2791708],[-47.18728749999999,-22.2800081],[-47.1844203,-22.282937999999998],[-47.1842908,-22.2920201],[-47.1766124,-22.2963301],[-47.1685999,-22.291081899999995],[-47.1713201,-22.289623399999996],[-47.1676245,-22.283642899999997],[-47.166633999999995,-22.286344499999995],[-47.15979190000001,-22.287610499999996],[-47.16119749999999,-22.292002799999995],[-47.15691340000001,-22.292722600000005],[-47.1544057,-22.297793500000004],[-47.15374839999999,-22.294849499999998],[-47.14953379999999,-22.2944426],[-47.1304538,-22.3002611],[-47.124482199999996,-22.2980088],[-47.125538899999995,-22.293348199999997],[-47.12017300000001,-22.290676600000005],[-47.11579499999999,-22.294365100000004],[-47.109392199999995,-22.2926323],[-47.1054686,-22.298781399999996],[-47.1056423,-22.293758599999997],[-47.0984749,-22.2932104],[-47.09094819999999,-22.302453399999997],[-47.0837548,-22.299811099999996],[-47.091217,-22.321875299999995],[-47.085994899999996,-22.3188249],[-47.0811028,-22.321373599999998],[-47.0748511,-22.3373848],[-47.0809591,-22.343939099999997],[-47.0812041,-22.357374799999995],[-47.0895048,-22.385090200000004],[-47.0874467,-22.396253199999993],[-47.0967625,-22.407134999999993],[-47.109200599999994,-22.4112277],[-47.11043649999999,-22.4217026],[-47.116521799999994,-22.432017499999997],[-47.11793509999999,-22.449824899999996],[-47.13020499999999,-22.467768199999995],[-47.13604,-22.469887599999993],[-47.129894199999995,-22.474884199999998],[-47.1201568,-22.474661799999993],[-47.1134399,-22.465485],[-47.110052599999996,-22.464693399999998],[-47.09361079999999,-22.475578199999998],[-47.0863542,-22.4742349],[-47.0829026,-22.484806299999995],[-47.09604329999999,-22.5085658],[-47.10421039999999,-22.517658900000004],[-47.1244674,-22.526430200000004],[-47.141347399999994,-22.5264446],[-47.1678719,-22.5170891],[-47.1747712,-22.518964999999998],[-47.1882599,-22.5156039],[-47.1902672,-22.5165321],[-47.1891701,-22.521049499999997],[-47.200352,-22.521682199999997],[-47.21425579999999,-22.5270253],[-47.22611229999999,-22.5247814],[-47.23099849999999,-22.520076899999996],[-47.236573799999995,-22.520592100000002],[-47.2329737,-22.526420799999997],[-47.2117987,-22.5379691],[-47.2155518,-22.544177399999995],[-47.21842889999999,-22.561115599999997],[-47.2276899,-22.5708122],[-47.2312674,-22.580622800000004],[-47.243475600000004,-22.5832752],[-47.2283195,-22.599835699999996],[-47.2273204,-22.603979399999997],[-47.2316458,-22.610562299999998],[-47.2537658,-22.6248672],[-47.26007469999999,-22.638302099999997],[-47.2669379,-22.643957299999997],[-47.2667967,-22.653241399999995],[-47.2786913,-22.662301300000003],[-47.2801954,-22.672766799999998],[-47.2778387,-22.6801371],[-47.2853633,-22.687253999999996],[-47.279808499999994,-22.6898421],[-47.28038399999999,-22.692484499999996],[-47.28649399999999,-22.693843],[-47.299558,-22.687876999999997],[-47.312744,-22.687374],[-47.32303799999999,-22.696955],[-47.320758999999995,-22.707121],[-47.322720999999994,-22.710504],[-47.334084,-22.713320999999997],[-47.346502,-22.704238000000004],[-47.364215,-22.680563],[-47.380759,-22.687557999999996],[-47.3943748,-22.7067043],[-47.4074954,-22.710733799999993],[-47.41200129999999,-22.714933599999995],[-47.424874800000005,-22.71059259999999],[-47.43780339999999,-22.7139549],[-47.4533066,-22.729472399999995],[-47.46002609999999,-22.726454399999994],[-47.465002199999994,-22.7356053],[-47.4714192,-22.731797899999997],[-47.474295999999995,-22.7383149],[-47.48272819999999,-22.735835699999996],[-47.49046,-22.724285199999997],[-47.50331979999999,-22.729930699999997],[-47.51033499999999,-22.736255099999997],[-47.4929628,-22.753465899999995],[-47.49796289999999,-22.7615944],[-47.4951775,-22.7758491],[-47.496479,-22.782130499999994],[-47.5052492,-22.785818400000004],[-47.5137706,-22.8076384],[-47.5200086,-22.814734599999998],[-47.51950279999999,-22.8202508],[-47.527417,-22.830114299999995],[-47.530549,-22.8456833],[-47.524409399999996,-22.848258699999995],[-47.51939709999999,-22.854414999999996],[-47.508419399999994,-22.8523859],[-47.500051799999994,-22.854483099999996],[-47.48521279999999,-22.8496869],[-47.4822119,-22.852255100000004],[-47.48162399999999,-22.858911],[-47.47728779999999,-22.859699599999995],[-47.4650576,-22.858204400000005],[-47.45595659999999,-22.847980599999996],[-47.4488882,-22.845766899999997],[-47.4513807,-22.857468799999992],[-47.44874349999999,-22.863766200000004],[-47.449929,-22.8709491],[-47.442279899999996,-22.879197999999995],[-47.4411259,-22.8894661],[-47.4363349,-22.890920499999996],[-47.43541629999999,-22.895656599999995],[-47.4146028,-22.9045819],[-47.4121768,-22.908211100000003],[-47.407350599999994,-22.904238699999997],[-47.396440999999996,-22.903504800000004],[-47.396474100000006,-22.907338699999997],[-47.39163829999999,-22.9112102],[-47.39380729999999,-22.915541499999996],[-47.3865591,-22.9185876],[-47.39152719999999,-22.935565899999997],[-47.3885216,-22.939803200000004],[-47.3873102,-22.955747099999993],[-47.3962485,-22.954355899999996],[-47.3983403,-22.9588791],[-47.4058002,-22.962233000000005],[-47.401023900000006,-22.9735114],[-47.3857713,-22.985980699999995],[-47.3788543,-22.985103699999996],[-47.353093799999996,-23.0077229],[-47.317258200000005,-23.030244000000003],[-47.30759629999999,-23.0272522],[-47.3005954,-23.0294666],[-47.2912465,-23.0418104],[-47.286047499999995,-23.059144699999997],[-47.280525999999995,-23.0634217],[-47.27773,-23.072272099999996],[-47.298388300000006,-23.093113999999996],[-47.3004531,-23.112625499999996],[-47.320776,-23.124362999999995],[-47.328608,-23.114122999999996],[-47.33927599999999,-23.111152999999995],[-47.34208,-23.117187],[-47.349641999999996,-23.117754],[-47.352039999999995,-23.132759],[-47.361779999999996,-23.141474999999996],[-47.37260599999999,-23.144455],[-47.37809299999999,-23.152491],[-47.381563,-23.150715999999996],[-47.383828,-23.154488],[-47.387648,-23.152866],[-47.3983404,-23.161841300000003],[-47.413073399999995,-23.1647057],[-47.4185396,-23.1686776],[-47.423362399999995,-23.156792099999997],[-47.422911,-23.149011799999993],[-47.42007009999999,-23.140228099999998],[-47.4141961,-23.133469199999997],[-47.415592999999994,-23.126964799999993],[-47.4115361,-23.120051399999994],[-47.4202759,-23.1132218],[-47.42821049999999,-23.101092699999995],[-47.4339425,-23.106110199999996],[-47.4517575,-23.1059964],[-47.4653002,-23.1098863],[-47.468364699999995,-23.1166617],[-47.4650262,-23.1280615],[-47.46938999999999,-23.123977],[-47.48039250000001,-23.12499619999999],[-47.4927075,-23.102317],[-47.5012506,-23.094323199999998],[-47.509713399999995,-23.0913723],[-47.52862609999999,-23.0948139],[-47.530359399999995,-23.101395],[-47.5382735,-23.1016456],[-47.54201629999999,-23.098377399999997],[-47.5493757,-23.097375099999997],[-47.55303729999999,-23.098626099999997],[-47.563234599999994,-23.090685699999998],[-47.5674278,-23.098678099999997],[-47.572776499999996,-23.098344799999996],[-47.5813895,-23.103725399999995],[-47.60868719999999,-23.099263599999997],[-47.6041994,-23.0873228],[-47.5929378,-23.0763828],[-47.6028489,-23.070549299999996],[-47.6131208,-23.068829399999995],[-47.6265803,-23.075852700000002],[-47.626280599999994,-23.068229],[-47.631499999999996,-23.054841],[-47.629073999999996,-23.043668999999998],[-47.645315,-23.040406],[-47.6519904,-23.0432957],[-47.653992,-23.035938],[-47.6611885,-23.0287508],[-47.66282609999999,-23.017847499999995],[-47.658490199999996,-23.001776199999995]]]}},{"type":"Feature","properties":{"u":10},"geometry":{"type":"Polygon","coordinates":[[[-52.451548,-22.609531199999996],[-52.4952734,-22.633093499999998],[-52.5066277,-22.633464999999998],[-52.523494299999996,-22.6198966],[-52.5453772,-22.6117435],[-52.5671288,-22.589247399999994],[-52.57577409999999,-22.571973599999996],[-52.5849228,-22.5659332],[-52.611357399999996,-22.574471599999995],[-52.6300827,-22.5905494],[-52.644164599999996,-22.597539599999998],[-52.663033899999995,-22.6119156],[-52.7016951,-22.6276667],[-52.7224292,-22.6267524],[-52.7503018,-22.612368899999996],[-52.7753616,-22.604363800000005],[-52.8154397,-22.597043200000005],[-52.8448621,-22.609221799999993],[-52.858362799999995,-22.608001],[-52.90536250000001,-22.572207299999995],[-52.924742599999995,-22.565624],[-52.972424999999994,-22.5704843],[-52.984858499999994,-22.576349699999998],[-53.011673,-22.598794999999996],[-53.03080700000001,-22.608411399999998],[-53.0385254,-22.618413600000004],[-53.055797899999995,-22.632622700000002],[-53.0747239,-22.641340399999997],[-53.08778689999999,-22.658444900000003],[-53.0945825,-22.637978699999998],[-53.1101115,-22.610224999999996],[-53.10786230000001,-22.5955115],[-53.08864749999999,-22.565849200000002],[-53.0738065,-22.548857600000005],[-53.03980099999999,-22.527395600000002],[-53.014361199999996,-22.520665799999996],[-53.007057399999994,-22.513047],[-52.9985791,-22.493181299999993],[-52.979693299999994,-22.4835477],[-52.8578427,-22.4414827],[-52.839886899999996,-22.415311],[-52.7983309,-22.378273399999998],[-52.74583499999999,-22.343313],[-52.724268599999995,-22.335107899999997],[-52.69513409999999,-22.314610599999995],[-52.6502765,-22.301001],[-52.63338039999999,-22.284986099999998],[-52.6019914,-22.2719514],[-52.57918719999999,-22.251952800000005],[-52.54207949999999,-22.2402663],[-52.523233899999994,-22.2290219],[-52.5034356,-22.2253849],[-52.4877143,-22.217205999999997],[-52.4799657,-22.2008818],[-52.4457419,-22.1769469],[-52.41501889999999,-22.1488259],[-52.40818829999999,-22.141635199999996],[-52.396403799999995,-22.1188671],[-52.37721799999999,-22.106678199999998],[-52.3454348,-22.0619754],[-52.339191799999995,-22.0478264],[-52.3190194,-21.9721319],[-52.308811899999995,-21.9519196],[-52.274963299999996,-21.914941899999995],[-52.263697099999995,-21.912299199999996],[-52.258184099999994,-21.905924],[-52.24840609999999,-21.9022804],[-52.233433,-21.883754],[-52.19056139999999,-21.846144699999996],[-52.18360289999999,-21.8263659],[-52.1839844,-21.8144605],[-52.1612618,-21.770773699999996],[-52.1400488,-21.755730199999995],[-52.1028652,-21.745291199999997],[-52.0938662,-21.730514399999997],[-52.07649239999999,-21.714880199999996],[-52.055825399999996,-21.6771588],[-52.0483403,-21.6563421],[-52.05209229999999,-21.6365942],[-52.06279,-21.620597699999998],[-52.07242649999999,-21.593101300000004],[-52.084183499999995,-21.583343499999998],[-52.0915314,-21.5806942],[-52.1021641,-21.5698135],[-52.1022934,-21.5548406],[-52.0931069,-21.5377591],[-52.07778939999999,-21.515222499999997],[-52.0620417,-21.503268500000004],[-52.00036759999999,-21.5166265],[-51.967903299999996,-21.501762099999997],[-51.9523993,-21.4736037],[-51.9286818,-21.455816099999996],[-51.9224073,-21.4404292],[-51.918205099999994,-21.4121824],[-51.9075357,-21.3864558],[-51.8652611,-21.3489425],[-51.8610618,-21.336671],[-51.8613733,-21.3171125],[-51.8569297,-21.289526199999997],[-51.849373,-21.276190899999996],[-51.8485145,-21.266638399999998],[-51.8543614,-21.260945500000002],[-51.85520019999999,-21.2502654],[-51.863677599999995,-21.2267111],[-51.8795737,-21.199430699999997],[-51.87576030000001,-21.181044100000005],[-51.87898479999999,-21.1481377],[-51.8769246,-21.139471],[-51.87586189999999,-21.136147400000002],[-51.86547389999999,-21.1305401],[-51.8445932,-21.131462899999995],[-51.823589999999996,-21.1268398],[-51.8144547,-21.1213892],[-51.808006199999994,-21.1100231],[-51.7896709,-21.1021195],[-51.7756445,-21.0730936],[-51.772476399999995,-21.051121299999995],[-51.76599269999999,-21.051361399999998],[-51.7677318,-21.0569193],[-51.76459150000001,-21.0600583],[-51.76512259999999,-21.055175599999995],[-51.7611769,-21.055498],[-51.761857799999994,-21.0642675],[-51.75566839999999,-21.065919],[-51.7521675,-21.060818399999995],[-51.753134499999994,-21.0641957],[-51.7456899,-21.066484099999997],[-51.7476826,-21.070207300000003],[-51.7445833,-21.067598100000005],[-51.7408913,-21.0688148],[-51.737512499999994,-21.0743361],[-51.731482899999996,-21.069508000000003],[-51.728613800000005,-21.074139699999996],[-51.725820999999996,-21.0687494],[-51.7222232,-21.0722227],[-51.719457999999996,-21.069624599999997],[-51.716791099999995,-21.0730156],[-51.718472299999995,-21.075709599999993],[-51.71110800000001,-21.0795118],[-51.7137121,-21.0832982],[-51.7068448,-21.0835357],[-51.70843489999999,-21.0875351],[-51.7060659,-21.0893588],[-51.70328909999999,-21.087269399999997],[-51.7019579,-21.0909809],[-51.699497699999995,-21.088198499999997],[-51.69784899999999,-21.0954084],[-51.6944604,-21.096309599999998],[-51.7014535,-21.107818499999993],[-51.69075589999999,-21.116093999999993],[-51.6913138,-21.119445299999995],[-51.68792069999999,-21.122525599999996],[-51.69281159999999,-21.123043999999997],[-51.69119059999999,-21.127382899999997],[-51.6948905,-21.131859],[-51.69005489999999,-21.134407900000003],[-51.6906032,-21.1446882],[-51.6855359,-21.1497979],[-51.6767799,-21.151399],[-51.6721517,-21.149172999999998],[-51.6743961,-21.153313699999998],[-51.6674569,-21.156864400000003],[-51.67231410000001,-21.1604989],[-51.65875979999999,-21.169552699999997],[-51.6418814,-21.16554959999999],[-51.63800090000001,-21.1600478],[-51.638138999999995,-21.1516959],[-51.6334569,-21.152314199999996],[-51.6275231,-21.146163599999998],[-51.6194341,-21.1477137],[-51.6136783,-21.141653700000003],[-51.6016347,-21.149004499999997],[-51.604316299999994,-21.1448192],[-51.6008366,-21.144257399999997],[-51.5914512,-21.1486358],[-51.590309299999994,-21.151836899999996],[-51.5959578,-21.1590202],[-51.59344589999999,-21.170995],[-51.57570439999999,-21.180843199999998],[-51.57779,-21.184059199999997],[-51.576182,-21.189193],[-51.570460999999995,-21.1849323],[-51.5685362,-21.187326800000005],[-51.5647578,-21.185264599999996],[-51.5646093,-21.190145499999996],[-51.5430206,-21.1916777],[-51.544159199999996,-21.194845],[-51.5413556,-21.1967853],[-51.5379635,-21.1938079],[-51.5385085,-21.198269],[-51.5355954,-21.2007837],[-51.5336164,-21.199928699999997],[-51.53579189999999,-21.1973903],[-51.53111059999999,-21.195695599999993],[-51.5191168,-21.203823400000005],[-51.5173699,-21.2096356],[-51.51194639999999,-21.210709099999995],[-51.509738899999995,-21.216801299999997],[-51.5044947,-21.216929899999997],[-51.5018367,-21.221074399999996],[-51.49488959999999,-21.220298899999996],[-51.4963795,-21.226558899999997],[-51.492738599999996,-21.230509699999995],[-51.4866929,-21.233111],[-51.4798269,-21.231747399999993],[-51.478948,-21.235429799999995],[-51.47142819999999,-21.238569699999996],[-51.4712756,-21.2343422],[-51.4673896,-21.237800800000002],[-51.45941199999999,-21.2371413],[-51.44658499999999,-21.2436743],[-51.4353074,-21.245734299999995],[-51.4291939,-21.2511738],[-51.4309863,-21.2548491],[-51.4252046,-21.2580217],[-51.42263779999999,-21.256122999999995],[-51.4151947,-21.2626009],[-51.4076672,-21.263963300000004],[-51.404923999999994,-21.268759],[-51.4028973,-21.2658017],[-51.3994479,-21.2669321],[-51.3978695,-21.2701329],[-51.401704499999994,-21.272550999999996],[-51.395384500000006,-21.2727486],[-51.3975515,-21.2761363],[-51.3940418,-21.275661699999997],[-51.392549499999994,-21.2799062],[-51.38534829999999,-21.284356500000005],[-51.38160009999999,-21.282893599999998],[-51.374797699999995,-21.285218600000004],[-51.3687268,-21.2902138],[-51.36212439999999,-21.289565599999996],[-51.360542,-21.2858499],[-51.358069699999994,-21.2883476],[-51.3497006,-21.2878693],[-51.3485686,-21.291982199999996],[-51.34592219999999,-21.291609200000003],[-51.34674919999999,-21.2879929],[-51.343295999999995,-21.287908599999998],[-51.33966,-21.2931096],[-51.3372036,-21.292745499999995],[-51.3388276,-21.2883613],[-51.3346858,-21.292656099999995],[-51.325357,-21.2916894],[-51.326478400000006,-21.29508],[-51.32414949999999,-21.293440299999993],[-51.3208619,-21.29913609999999],[-51.3140734,-21.295716899999995],[-51.3040189,-21.308641099999996],[-51.2970207,-21.310037899999998],[-51.2935721,-21.314231699999997],[-51.287889099999994,-21.3136282],[-51.2863032,-21.3192723],[-51.298324699999995,-21.326952199999997],[-51.2978357,-21.333490599999998],[-51.30293979999999,-21.3387515],[-51.311878699999994,-21.3668456],[-51.31063569999999,-21.383520600000004],[-51.305288999999995,-21.393677299999997],[-51.308244499999994,-21.401122899999997],[-51.3068598,-21.405288099999996],[-51.310614699999995,-21.408360799999993],[-51.308237,-21.4207018],[-51.31147119999999,-21.4411467],[-51.3188846,-21.4505],[-51.31876059999999,-21.4613876],[-51.31524079999999,-21.467477599999995],[-51.31820749999999,-21.471308999999998],[-51.31863620000001,-21.480252599999996],[-51.316674,-21.5050901],[-51.307654,-21.522733499999998],[-51.3082736,-21.531484299999992],[-51.30499939999999,-21.533447499999998],[-51.310015,-21.537524199999993],[-51.3101745,-21.5425406],[-51.3202336,-21.557951499999994],[-51.318887999999994,-21.5612318],[-51.3261383,-21.570666899999996],[-51.326921899999995,-21.5830152],[-51.324819999999995,-21.585429099999995],[-51.3327723,-21.5934455],[-51.33321029999999,-21.603861899999995],[-51.339425,-21.604685199999995],[-51.3444789,-21.612360400000004],[-51.3488874,-21.614328599999997],[-51.3547002,-21.635663199999996],[-51.34600519999999,-21.634027599999996],[-51.3352561,-21.637624299999995],[-51.3214762,-21.6360656],[-51.322699699999994,-21.6572478],[-51.3136335,-21.6562],[-51.302086,-21.6636735],[-51.292977099999995,-21.6618929],[-51.2729369,-21.6638167],[-51.266564499999994,-21.6693375],[-51.266085,-21.680359399999997],[-51.271420199999994,-21.6910943],[-51.2785925,-21.695155399999997],[-51.2790109,-21.7038441],[-51.2853591,-21.709470700000004],[-51.2805278,-21.716060199999998],[-51.283561199999994,-21.7216686],[-51.2749837,-21.727464599999998],[-51.27527429999999,-21.7352795],[-51.27043659999999,-21.7431526],[-51.2590347,-21.7433596],[-51.247496299999995,-21.7355127],[-51.2236209,-21.741662399999996],[-51.2238006,-21.7449783],[-51.236052799999996,-21.7590271],[-51.23157239999999,-21.7629344],[-51.23163559999999,-21.767065399999996],[-51.24915849999999,-21.782832100000004],[-51.24844469999999,-21.7950579],[-51.2450789,-21.800629199999996],[-51.232105399999995,-21.801333299999996],[-51.228759399999994,-21.8066315],[-51.224035,-21.828824399999995],[-51.2099607,-21.8333167],[-51.2035818,-21.8239906],[-51.2004591,-21.823493800000005],[-51.1781185,-21.837735799999997],[-51.170546699999996,-21.855186899999996],[-51.16432699999999,-21.862583699999995],[-51.1563657,-21.864950599999997],[-51.151391499999995,-21.861464],[-51.149530199999994,-21.854862199999996],[-51.141585799999994,-21.8535275],[-51.141947699999996,-21.8561495],[-51.1372071,-21.859509599999996],[-51.13795939999999,-21.867107300000004],[-51.123554,-21.8732114],[-51.11914529999999,-21.8720364],[-51.1184894,-21.881044000000003],[-51.11132739999999,-21.888845400000005],[-51.0958222,-21.886590899999998],[-51.08941999999999,-21.8801936],[-51.0715336,-21.8844363],[-51.0667718,-21.8829404],[-51.0583971,-21.889474299999993],[-51.0529081,-21.889106699999996],[-51.048032299999996,-21.8987345],[-51.0361624,-21.906396599999997],[-51.0050565,-21.920301],[-50.9912906,-21.9194687],[-50.9790651,-21.9247494],[-50.96585799999999,-21.9257503],[-50.9611735,-21.928956199999995],[-50.9615881,-21.932515799999997],[-50.9512365,-21.938045999999996],[-50.94769,-21.946485999999997],[-50.939088999999996,-21.950784699999996],[-50.9159227,-21.9512357],[-50.9153165,-21.954195699999996],[-50.90929739999999,-21.9537578],[-50.9078215,-21.957833299999997],[-50.9018155,-21.9565024],[-50.897481600000006,-21.9590959],[-50.8895418,-21.967090599999995],[-50.8851735,-21.9647851],[-50.879114200000004,-21.9669305],[-50.87007249999999,-21.9643943],[-50.8646619,-21.968986700000002],[-50.84546769999999,-21.9736745],[-50.8388666,-21.979513999999998],[-50.833287299999995,-21.980621199999998],[-50.8323694,-21.986828399999997],[-50.805707999999996,-21.996606799999995],[-50.7803838,-22.0024722],[-50.7467711,-22.003238399999997],[-50.7430568,-22.007975],[-50.721230199999994,-22.0099677],[-50.717960899999994,-22.013220700000005],[-50.71129239999999,-22.0140636],[-50.70944769999999,-22.019845],[-50.7042869,-22.0219017],[-50.6984307,-22.0193838],[-50.6962673,-22.023239299999997],[-50.668861,-22.028351099999995],[-50.6633317,-22.0357091],[-50.6552445,-22.0353496],[-50.6374901,-22.049998200000005],[-50.628128999999994,-22.0491883],[-50.61976119999999,-22.0618926],[-50.60070259999999,-22.063659899999998],[-50.600938299999996,-22.069098299999997],[-50.5948254,-22.0733809],[-50.5857585,-22.074074500000002],[-50.5790704,-22.071133800000002],[-50.573438,-22.082316499999997],[-50.570161299999995,-22.077999299999995],[-50.5593774,-22.078449399999997],[-50.5549251,-22.084101700000005],[-50.5501465,-22.0824733],[-50.5468535,-22.0883881],[-50.550581699999995,-22.094888700000002],[-50.5187697,-22.112715699999995],[-50.51746270000001,-22.1187928],[-50.513362799999996,-22.1203155],[-50.51441249999999,-22.129907799999998],[-50.511148799999994,-22.1356803],[-50.49947639999999,-22.1381609],[-50.496021199999994,-22.144753299999998],[-50.485246,-22.152159999999995],[-50.497377799999995,-22.165942],[-50.49855199999999,-22.183191099999995],[-50.50426709999999,-22.187067599999995],[-50.5239315,-22.220357400000005],[-50.5395041,-22.2267754],[-50.54270989999999,-22.225841599999995],[-50.54451279999999,-22.230316000000002],[-50.5516315,-22.233255599999996],[-50.5519547,-22.2450783],[-50.5565219,-22.2508749],[-50.553331699999994,-22.2582255],[-50.5555537,-22.2735245],[-50.5609528,-22.2834758],[-50.5584677,-22.2952904],[-50.564885,-22.297290999999998],[-50.571041,-22.304300999999995],[-50.576131,-22.300927],[-50.587421,-22.30309],[-50.599294,-22.295986000000003],[-50.618435999999996,-22.296046000000004],[-50.623771,-22.288117999999997],[-50.626498999999995,-22.302545999999996],[-50.64555099999999,-22.312278999999997],[-50.667539,-22.303399999999996],[-50.66410599999999,-22.287927999999997],[-50.665527000000004,-22.282869],[-50.68081399999999,-22.294734999999996],[-50.687450999999996,-22.308608],[-50.686507,-22.318124999999995],[-50.689196,-22.32343],[-50.682911,-22.330959],[-50.689525,-22.347507000000004],[-50.68748599999999,-22.361015999999992],[-50.694168,-22.364673999999997],[-50.696208999999996,-22.369972],[-50.69327599999999,-22.379541],[-50.697587,-22.387695999999995],[-50.695044,-22.399901999999997],[-50.70623899999999,-22.404783000000002],[-50.711237,-22.402308999999995],[-50.718579,-22.403506000000004],[-50.723263,-22.413989],[-50.736185000000006,-22.41766],[-50.752589,-22.432538],[-50.761284,-22.432858],[-50.76979099999999,-22.437493],[-50.782337,-22.434192999999997],[-50.7951422,-22.443068899999997],[-50.800169499999996,-22.4437106],[-50.8295581,-22.4282799],[-50.838763199999995,-22.4354584],[-50.843651,-22.445174399999996],[-50.83984259999999,-22.4562442],[-50.8454247,-22.474073499999996],[-50.8313471,-22.4840922],[-50.8370943,-22.493408600000002],[-50.8364357,-22.502827700000005],[-50.8483198,-22.510569999999998],[-50.849598699999994,-22.5194623],[-50.85794489999999,-22.528703699999994],[-50.8418058,-22.5496904],[-50.85307269999999,-22.574759299999997],[-50.851059799999994,-22.5787224],[-50.842398,-22.582076],[-50.8393195,-22.586250699999997],[-50.84614129999999,-22.617965699999996],[-50.8437976,-22.626168499999995],[-50.833900099999994,-22.630440399999998],[-50.82678609999999,-22.648973500000004],[-50.8329204,-22.654313500000004],[-50.8327177,-22.6587735],[-50.8382107,-22.6550326],[-50.8399935,-22.6593249],[-50.84407099999999,-22.6573342],[-50.8463633,-22.6611722],[-50.8498489,-22.6611004],[-50.8548734,-22.6551753],[-50.8596633,-22.660625699999997],[-50.863659999999996,-22.655244],[-50.86620169999999,-22.6614158],[-50.86906269999999,-22.656065600000005],[-50.88294510000001,-22.6493358],[-50.886093,-22.651067499999996],[-50.8827558,-22.653063999999993],[-50.888881,-22.656201199999998],[-50.8982974,-22.6494032],[-50.8975668,-22.6448498],[-50.905280499999996,-22.637730499999996],[-50.91043989999999,-22.6388854],[-50.9144232,-22.648388000000004],[-50.9233578,-22.643301200000003],[-50.9256867,-22.6469073],[-50.9228688,-22.650043099999998],[-50.9265361,-22.6522415],[-50.92342589999999,-22.656391099999997],[-50.9280266,-22.6617403],[-50.9250617,-22.664293300000004],[-50.9314729,-22.666320399999996],[-50.9299413,-22.669452999999997],[-50.9326845,-22.672533799999997],[-50.9423673,-22.668947],[-50.943040399999994,-22.6730482],[-50.9490671,-22.677916300000003],[-50.9499054,-22.684632199999996],[-50.9458551,-22.6877558],[-50.952878199999994,-22.694871],[-50.948314399999994,-22.701165699999997],[-50.942236699999995,-22.7030669],[-50.9451229,-22.708598700000003],[-50.9376219,-22.711266399999992],[-50.9407385,-22.720659100000002],[-50.9339785,-22.726300599999995],[-50.945032700000006,-22.7448403],[-50.950516199999996,-22.746646999999996],[-50.95021129999999,-22.7551968],[-50.95307269999999,-22.753740299999997],[-50.95168129999999,-22.750396699999996],[-50.957892699999995,-22.750513199999997],[-50.9617476,-22.7472775],[-50.9611591,-22.749886099999998],[-50.9675441,-22.756560299999997],[-50.96305939999999,-22.757309599999996],[-50.963173299999994,-22.7627263],[-50.95908089999999,-22.763430599999996],[-50.9637565,-22.7656368],[-50.96444799999999,-22.770918299999998],[-50.9674777,-22.764367800000002],[-50.972090200000004,-22.768733099999995],[-50.98025359999999,-22.7673729],[-50.9774584,-22.773912799999998],[-50.9801932,-22.7782099],[-50.978534999999994,-22.779907899999998],[-50.982271000000004,-22.781430899999997],[-50.9786781,-22.7826098],[-50.997300499999994,-22.792940299999998],[-51.0111421,-22.792297],[-51.057615,-22.7660571],[-51.1279231,-22.7599926],[-51.164412799999994,-22.748962799999997],[-51.18701579999999,-22.729892100000004],[-51.20544929999999,-22.727448799999998],[-51.22833599999999,-22.7160172],[-51.23776139999999,-22.7057579],[-51.2428803,-22.6895762],[-51.2651999,-22.667697399999998],[-51.281427599999994,-22.666477399999998],[-51.30649499999999,-22.674490199999997],[-51.373649199999996,-22.6581329],[-51.38610309999999,-22.6653738],[-51.4020163,-22.667905500000003],[-51.4099828,-22.6649683],[-51.424725599999995,-22.653510800000003],[-51.4464102,-22.652952300000003],[-51.4530961,-22.6557505],[-51.471904099999996,-22.677186799999998],[-51.4989018,-22.6905293],[-51.5121899,-22.6919726],[-51.51981,-22.687926099999995],[-51.53183829999999,-22.687157099999997],[-51.54349529999999,-22.689516499999996],[-51.5595692,-22.697179299999995],[-51.59147779999999,-22.685198800000002],[-51.6158422,-22.662593400000002],[-51.6278786,-22.658240599999992],[-51.6623505,-22.657244099999996],[-51.6810926,-22.660738299999995],[-51.6991709,-22.669368599999995],[-51.7181736,-22.6690211],[-51.7258674,-22.6614648],[-51.7357046,-22.6242925],[-51.7454609,-22.624580900000005],[-51.7516244,-22.618082],[-51.77162059999999,-22.6141269],[-51.7875684,-22.6193295],[-51.8181003,-22.623294399999995],[-51.847096099999995,-22.632225999999996],[-51.86862429999999,-22.6304456],[-51.87897279999999,-22.624352999999996],[-51.9168213,-22.5861057],[-51.9405126,-22.567342799999995],[-51.960874800000006,-22.5634564],[-51.991183199999995,-22.550766699999997],[-51.9968526,-22.546053299999997],[-52.01265109999999,-22.541696199999993],[-52.0600478,-22.537765600000004],[-52.089617399999995,-22.5212499],[-52.1058519,-22.516661899999995],[-52.1186213,-22.516835],[-52.1276022,-22.519922999999995],[-52.1388808,-22.5312652],[-52.1487619,-22.549253499999995],[-52.15195630000001,-22.5685566],[-52.1609654,-22.589450900000003],[-52.1624923,-22.6011754],[-52.156853999999996,-22.6286819],[-52.156678,-22.644718899999994],[-52.16684959999999,-22.6503257],[-52.197181799999996,-22.6589303],[-52.218519099999995,-22.674785699999997],[-52.222577199999996,-22.675535399999998],[-52.2273763,-22.670883999999997],[-52.228099099999994,-22.642516899999993],[-52.230858299999994,-22.6335202],[-52.240131999999996,-22.6198836],[-52.250413099999996,-22.6154264],[-52.278694699999996,-22.620390200000003],[-52.3053745,-22.636817],[-52.3686111,-22.629336799999997],[-52.433045799999995,-22.607166499999998],[-52.451548,-22.609531199999996]],[[-51.2300288,-22.221814099999996],[-51.230028929838745,-22.2218142991936],[-51.2300082,-22.2217834],[-51.2300288,-22.221814099999996]]]}},{"type":"Feature","properties":{"u":11},"geometry":{"type":"MultiPolygon","coordinates":[[[[-48.03749729999999,-25.3579998],[-48.0363837,-25.355925699999993],[-48.03541469999999,-25.356818200000003],[-48.03749729999999,-25.3579998]]],[[[-47.9528336,-25.272735800000003],[-47.9559136,-25.2744269],[-47.95761219999999,-25.272837199999998],[-47.9528336,-25.272735800000003]]],[[[-47.9089945,-25.165718599999998],[-47.914755799999995,-25.1667392],[-47.91142109999999,-25.162852099999995],[-47.9089945,-25.165718599999998]]],[[[-47.9087187,-25.063435],[-47.90237809999999,-25.065670599999997],[-47.904075999999996,-25.099987799999997],[-47.9015824,-25.103590099999995],[-47.89572080000001,-25.104226000000004],[-47.8947358,-25.1074471],[-47.90833669999999,-25.1185339],[-47.9149663,-25.140637299999998],[-47.9187975,-25.144728],[-47.91931919999999,-25.1529894],[-47.9169988,-25.156502599999996],[-47.91246979999999,-25.1557979],[-47.91387249999999,-25.159154099999995],[-47.9264866,-25.161689999999993],[-47.94599199999999,-25.174320600000005],[-47.97157249999999,-25.196458999999997],[-47.97218889999999,-25.199718],[-47.9836755,-25.2062576],[-48.0468761,-25.2585301],[-48.0994745,-25.3123213],[-48.098458799999996,-25.2996767],[-48.083109199999996,-25.2819972],[-48.0574843,-25.263274999999997],[-48.051158199999996,-25.252335499999997],[-48.02469429999999,-25.232764000000003],[-48.0239381,-25.229143299999997],[-48.0299432,-25.226201799999995],[-48.0275502,-25.2205088],[-48.0402996,-25.218744499999993],[-48.0471619,-25.2267494],[-48.0574466,-25.2183343],[-48.0595252,-25.229458899999997],[-48.0569955,-25.233082],[-48.06210610000001,-25.2400852],[-48.0751061,-25.240633000000003],[-48.0814112,-25.244182900000002],[-48.0855939,-25.240316699999997],[-48.098582099999994,-25.241253399999998],[-48.1148836,-25.250702],[-48.1244668,-25.2426062],[-48.13312909999999,-25.239821799999998],[-48.151238199999995,-25.228127399999998],[-48.1627203,-25.2098366],[-48.1751961,-25.2093776],[-48.1913613,-25.196241299999993],[-48.1933632,-25.189865599999997],[-48.1783946,-25.182058700000002],[-48.16663859999999,-25.166008600000005],[-48.1687175,-25.156542700000003],[-48.1621975,-25.1542012],[-48.1568858,-25.1446525],[-48.1637749,-25.145696399999995],[-48.181641500000005,-25.133835700000002],[-48.18169219999999,-25.1292202],[-48.1945868,-25.113510799999997],[-48.1948276,-25.1064917],[-48.2045005,-25.099663499999995],[-48.2039953,-25.0935495],[-48.21289109999999,-25.083367200000005],[-48.21014129999999,-25.0802461],[-48.216054299999996,-25.076671600000005],[-48.213283,-25.073143899999998],[-48.2151662,-25.067875900000004],[-48.212099,-25.059185099999997],[-48.2155624,-25.042552499999996],[-48.210278100000004,-25.0363784],[-48.2094673,-25.0271842],[-48.214943,-25.029674099999998],[-48.2315543,-25.0207869],[-48.2319501,-25.015358299999995],[-48.2233564,-25.0091243],[-48.2334705,-25.006941100000002],[-48.2294709,-25.001350799999997],[-48.2338649,-25.000701800000005],[-48.23647009999999,-24.9941434],[-48.2457756,-24.989391799999996],[-48.250281099999995,-24.9774178],[-48.25928019999999,-24.986650499999996],[-48.25480389999999,-24.9964979],[-48.2599154,-24.997656399999993],[-48.26333189999999,-24.992804499999995],[-48.269585799999994,-24.997534799999997],[-48.26817379999999,-25.001222099999996],[-48.2775655,-25.015996099999995],[-48.275374299999996,-25.0277117],[-48.2779171,-25.0329744],[-48.2875243,-25.039969199999998],[-48.29281799999999,-25.0244243],[-48.2973096,-25.023453699999997],[-48.29777719999999,-25.033601799999996],[-48.30746169999999,-25.035482699999992],[-48.3086152,-25.0467049],[-48.314328599999996,-25.046975099999997],[-48.3177739,-25.0565481],[-48.330384699999996,-25.069705199999998],[-48.333670899999994,-25.0705736],[-48.335760199999996,-25.0634106],[-48.3337105,-25.0575697],[-48.324349399999996,-25.054388800000005],[-48.32642119999999,-25.050730799999997],[-48.323169699999994,-25.042319499999998],[-48.324141,-25.036748300000003],[-48.332470099999995,-25.036138199999996],[-48.3370563,-25.039704199999996],[-48.339080100000004,-25.036030199999995],[-48.3512278,-25.0364894],[-48.350312,-25.028661999999994],[-48.35474839999999,-25.019962200000002],[-48.3776161,-25.0030896],[-48.37863779999999,-24.9970283],[-48.394720899999996,-24.9910615],[-48.4111527,-24.980231700000004],[-48.41703489999999,-24.989367699999995],[-48.434454699999996,-24.991298699999998],[-48.47404929999999,-25.012552400000004],[-48.48088239999999,-25.036988100000002],[-48.48553259999999,-25.0421371],[-48.48329189999999,-25.0531923],[-48.491430400000006,-25.0534042],[-48.498406,-25.059106299999996],[-48.5063975,-25.067635999999997],[-48.512512799999996,-25.0838144],[-48.5212823,-25.0859357],[-48.5218993,-25.091959299999996],[-48.52858379999999,-25.10078929999999],[-48.5412841,-25.097480699999995],[-48.5560079,-25.0865526],[-48.559875899999994,-25.077960999999995],[-48.5589032,-25.061542299999992],[-48.56531429999999,-25.0583019],[-48.56907009999999,-25.051062299999998],[-48.582661699999996,-25.051646099999996],[-48.5806577,-25.046822300000002],[-48.5838052,-25.041584400000005],[-48.5815386,-25.0348572],[-48.5895837,-25.0296891],[-48.5888695,-25.0197057],[-48.59924719999999,-25.019271999999997],[-48.59721119999999,-25.015416399999996],[-48.600831299999996,-25.010505699999996],[-48.595203299999994,-24.996134200000004],[-48.5892327,-24.994809899999996],[-48.58846019999999,-24.9864393],[-48.5801343,-24.986941099999996],[-48.5762873,-24.9844367],[-48.56737089999999,-24.9722669],[-48.567946,-24.960017199999996],[-48.572671099999994,-24.9549294],[-48.5704626,-24.951605999999998],[-48.5629815,-24.950325900000003],[-48.56893589999999,-24.9468961],[-48.5696748,-24.943481599999995],[-48.56286759999999,-24.9394293],[-48.567370999999994,-24.931435199999996],[-48.57017929999999,-24.9315417],[-48.57158909999999,-24.924731499999996],[-48.57126259999999,-24.920008899999996],[-48.5652241,-24.9177292],[-48.567143599999994,-24.9038712],[-48.57283449999999,-24.9028814],[-48.5720602,-24.895013099999996],[-48.563724699999995,-24.894926699999996],[-48.5593072,-24.9011832],[-48.5560909,-24.892803099999995],[-48.5594349,-24.889241399999996],[-48.5583439,-24.884585899999998],[-48.5447856,-24.8789638],[-48.54542409999999,-24.877014],[-48.54705419999999,-24.879827699999996],[-48.5493901,-24.8791638],[-48.546840499999995,-24.873770299999997],[-48.54973009999999,-24.867496300000003],[-48.5666761,-24.8639577],[-48.56447140000001,-24.8561736],[-48.5678141,-24.8474996],[-48.56228550000001,-24.828394700000004],[-48.55575429999999,-24.823793100000003],[-48.559199,-24.821090799999993],[-48.555754,-24.8062038],[-48.548890799999995,-24.797213699999997],[-48.534420499999996,-24.786651499999998],[-48.51672409999999,-24.780182100000005],[-48.5167008,-24.768560200000003],[-48.51208539999999,-24.763963399999998],[-48.50729199999999,-24.7647911],[-48.5076985,-24.7523722],[-48.50189679999999,-24.7459757],[-48.5039737,-24.740138199999997],[-48.49930629999999,-24.738967599999995],[-48.5003077,-24.7373481],[-48.505034,-24.7349376],[-48.5115024,-24.740566100000002],[-48.5224747,-24.736067899999995],[-48.5278614,-24.7392891],[-48.53083999999999,-24.738389400000003],[-48.5306392,-24.73013449999999],[-48.54259220000001,-24.7259712],[-48.54575069999999,-24.721854799999996],[-48.54458459999999,-24.717960099999996],[-48.551810399999994,-24.716617799999998],[-48.5521109,-24.7096096],[-48.56011339999999,-24.7107091],[-48.56919729999999,-24.700811600000005],[-48.5683137,-24.695612899999997],[-48.5790289,-24.68553839999999],[-48.58203489999999,-24.6707016],[-48.589253,-24.680530299999997],[-48.5933722,-24.674293399999993],[-48.6040298,-24.668296800000004],[-48.61145189999999,-24.6708837],[-48.616619699999994,-24.668673199999997],[-48.628173499999995,-24.680510699999996],[-48.6310607,-24.6773009],[-48.637810699999996,-24.677668300000004],[-48.6453145,-24.6815252],[-48.6410878,-24.686497],[-48.641642,-24.68966749999999],[-48.6581731,-24.692048],[-48.6604873,-24.706756899999995],[-48.6750089,-24.7017925],[-48.6771952,-24.6984111],[-48.671509199999996,-24.6986691],[-48.6770593,-24.6925268],[-48.672111799999996,-24.687308699999996],[-48.6749501,-24.684053],[-48.6714732,-24.679301999999993],[-48.676892,-24.6753713],[-48.67697389999999,-24.6716112],[-48.68966819999999,-24.6678721],[-48.6940875,-24.670683500000003],[-48.68828249999999,-24.6774649],[-48.690842399999994,-24.6839838],[-48.6888384,-24.692537600000005],[-48.6915041,-24.694036],[-48.70114259999999,-24.6803755],[-48.70381199999999,-24.6803821],[-48.7074235,-24.683594199999998],[-48.7185899,-24.6830148],[-48.73011989999999,-24.6870117],[-48.734536299999995,-24.684481699999996],[-48.744749899999995,-24.693249699999996],[-48.752419999999994,-24.6951801],[-48.75574619999999,-24.692786799999993],[-48.753086399999994,-24.682393399999995],[-48.7572865,-24.679854299999995],[-48.7690558,-24.695278599999998],[-48.778651599999996,-24.6967322],[-48.788206699999996,-24.6811894],[-48.800781,-24.6748605],[-48.803786699999996,-24.676622599999998],[-48.81080839999999,-24.674974499999998],[-48.80431589999999,-24.6672627],[-48.7936004,-24.6682479],[-48.77951259999999,-24.665056799999995],[-48.76741369999999,-24.6567314],[-48.7600419,-24.645793],[-48.73286629999999,-24.640665199999997],[-48.7307891,-24.637221999999998],[-48.7326811,-24.630210899999998],[-48.73865910000001,-24.625966599999995],[-48.7346037,-24.622372499999997],[-48.7377129,-24.620066399999995],[-48.738716999999994,-24.6127882],[-48.74521849999999,-24.610715299999995],[-48.7496827,-24.604188599999997],[-48.7491822,-24.597209999999997],[-48.753524799999994,-24.588254299999996],[-48.77107099999999,-24.5867208],[-48.7807761,-24.5897458],[-48.78005509999999,-24.5869109],[-48.7838035,-24.5845843],[-48.781773699999995,-24.5789356],[-48.7894769,-24.572096],[-48.78091129999999,-24.5660184],[-48.7891836,-24.558152100000004],[-48.779633999999994,-24.556287499999996],[-48.777631,-24.552381099999995],[-48.76066019999999,-24.5466226],[-48.75331229999999,-24.540401499999998],[-48.7278857,-24.527553499999996],[-48.725040099999994,-24.5185802],[-48.7153552,-24.511434499999996],[-48.70536369999999,-24.509637699999992],[-48.703852,-24.505171799999996],[-48.698571199999996,-24.5065615],[-48.687875399999996,-24.500802299999997],[-48.6878459,-24.494798399999997],[-48.6739125,-24.488704300000002],[-48.6670315,-24.479820899999996],[-48.668257100000005,-24.476913000000003],[-48.6745842,-24.4784048],[-48.67352509999999,-24.473396499999996],[-48.656419199999995,-24.4607405],[-48.654634,-24.4560909],[-48.6498395,-24.455776],[-48.64522889999999,-24.459599499999996],[-48.6316047,-24.457828699999997],[-48.6286824,-24.450045700000004],[-48.63201649999999,-24.446582699999997],[-48.6302714,-24.437177799999997],[-48.61805819999999,-24.4429826],[-48.6175162,-24.4506095],[-48.61458379999999,-24.457926499999996],[-48.6132396,-24.4530637],[-48.6013426,-24.4445726],[-48.59404190000001,-24.4427311],[-48.586688599999995,-24.4348419],[-48.5808894,-24.4379799],[-48.57351359999999,-24.4337638],[-48.5495645,-24.440458699999997],[-48.5359122,-24.434386199999995],[-48.5250215,-24.425139499999997],[-48.524443600000005,-24.421734299999997],[-48.516328599999994,-24.419563899999996],[-48.5200181,-24.418106699999996],[-48.519026800000006,-24.4150907],[-48.5228144,-24.411500900000004],[-48.520710599999994,-24.4068976],[-48.517718699999996,-24.407543900000004],[-48.518004399999995,-24.403109599999997],[-48.5108657,-24.402570200000003],[-48.5078565,-24.394310299999997],[-48.504284399999996,-24.396121699999995],[-48.50271490000001,-24.3871155],[-48.497617,-24.389580899999995],[-48.49329899999999,-24.3875344],[-48.4950643,-24.3859125],[-48.4899416,-24.377080099999997],[-48.4921,-24.3774877],[-48.490610499999995,-24.370223299999996],[-48.5051319,-24.3559091],[-48.50155,-24.3482542],[-48.5136035,-24.3383067],[-48.522523299999996,-24.340157099999992],[-48.5355611,-24.3475385],[-48.544114,-24.334213999999996],[-48.5612944,-24.340787599999995],[-48.5675934,-24.336374999999997],[-48.5775332,-24.3376961],[-48.578421299999995,-24.332785],[-48.58958799999999,-24.3421523],[-48.608027099999994,-24.338736999999995],[-48.60517329999999,-24.3322122],[-48.6008857,-24.3330756],[-48.591937099999996,-24.320909199999996],[-48.5906796,-24.315078300000003],[-48.5673964,-24.298092300000004],[-48.5583821,-24.286957500000003],[-48.552110299999995,-24.289757],[-48.5488171,-24.305998099999996],[-48.53410769999999,-24.320788299999997],[-48.52991339999999,-24.317142599999997],[-48.5232975,-24.3198429],[-48.521628099999994,-24.308932199999997],[-48.5157245,-24.309798099999995],[-48.514253999999994,-24.305900899999997],[-48.50418779999999,-24.303602199999997],[-48.504874799999996,-24.3000906],[-48.5007391,-24.2938668],[-48.503493399999996,-24.288069799999995],[-48.496106899999994,-24.2800942],[-48.4759803,-24.289557899999995],[-48.4724649,-24.2853155],[-48.4706796,-24.288562900000002],[-48.46514559999999,-24.286066999999992],[-48.455765299999996,-24.295523100000004],[-48.452642,-24.284332899999992],[-48.45925199999999,-24.280897400000004],[-48.46466889999999,-24.273428499999994],[-48.45869650000001,-24.252561400000005],[-48.4537444,-24.255301299999996],[-48.45155059999999,-24.263498099999996],[-48.4447852,-24.2649755],[-48.4386481,-24.262621699999997],[-48.431123299999996,-24.263747699999996],[-48.4294594,-24.266729000000005],[-48.41069519999999,-24.267630399999998],[-48.405640999999996,-24.2737756],[-48.408378400000004,-24.277813399999996],[-48.4064398,-24.2837533],[-48.3997385,-24.285324399999997],[-48.3985436,-24.2906128],[-48.39385469999999,-24.292189100000005],[-48.39423819999999,-24.2969326],[-48.38859179999999,-24.306393999999997],[-48.381250599999994,-24.30302319999999],[-48.35995509999999,-24.2823798],[-48.35232539999999,-24.288023499999998],[-48.3424375,-24.286632900000004],[-48.3394625,-24.2928579],[-48.3308122,-24.2905892],[-48.3256006,-24.2919495],[-48.3242584,-24.2955405],[-48.3299433,-24.303670199999996],[-48.3292349,-24.3118842],[-48.31816859999999,-24.3136597],[-48.30545639999999,-24.304537399999997],[-48.29986589999999,-24.3067833],[-48.29212819999999,-24.2943474],[-48.2818337,-24.2982522],[-48.27502669999999,-24.2963987],[-48.283615299999994,-24.2839889],[-48.2632539,-24.273353400000005],[-48.25289539999999,-24.2578359],[-48.24347389999999,-24.2594767],[-48.23834999999999,-24.263828299999997],[-48.20494419999999,-24.263289899999997],[-48.2002862,-24.261706699999998],[-48.1967875,-24.254816500000004],[-48.1711126,-24.245040099999997],[-48.1654248,-24.238240599999997],[-48.154610899999994,-24.2322508],[-48.1543473,-24.22925],[-48.14822469999999,-24.2293423],[-48.148364199999996,-24.2331966],[-48.144914099999994,-24.231695999999996],[-48.143733999999995,-24.2277146],[-48.1468236,-24.226116299999997],[-48.14368559999999,-24.2205043],[-48.14621209999999,-24.2131533],[-48.1384425,-24.208594699999995],[-48.14350079999999,-24.200687499999997],[-48.141261500000006,-24.194518899999995],[-48.124749099999995,-24.1974233],[-48.11804849999999,-24.194845500000003],[-48.1144613,-24.1997286],[-48.098600899999994,-24.2020712],[-48.0939916,-24.2007399],[-48.0943539,-24.1935414],[-48.0879705,-24.193788799999997],[-48.0846688,-24.191162],[-48.081854899999996,-24.1933805],[-48.06672879999999,-24.1831787],[-48.059718499999995,-24.183359299999996],[-48.0569456,-24.163641899999995],[-48.060139099999994,-24.1591346],[-48.0507222,-24.1566659],[-48.0532766,-24.149930799999993],[-48.0572788,-24.147385399999997],[-48.049354699999995,-24.1376231],[-48.0241575,-24.134688999999998],[-48.0227075,-24.1309208],[-48.0174068,-24.128646900000003],[-48.0133098,-24.129550199999997],[-48.0121682,-24.135015499999998],[-48.0087538,-24.1354029],[-47.980779,-24.1133823],[-47.95779249999999,-24.115368800000002],[-47.95050839999999,-24.120108999999996],[-47.9465439,-24.117532099999995],[-47.9455563,-24.109086499999997],[-47.93895,-24.1042959],[-47.9382211,-24.0994693],[-47.9169087,-24.1004619],[-47.905631899999996,-24.0932174],[-47.9017505,-24.093649699999997],[-47.90171689999999,-24.0896324],[-47.892725399999996,-24.078062799999998],[-47.8769876,-24.080862099999994],[-47.8694792,-24.0761573],[-47.8668797,-24.0798274],[-47.8677763,-24.0864045],[-47.8615192,-24.089582999999998],[-47.856698599999994,-24.1021471],[-47.86328149999999,-24.113950600000003],[-47.858495399999995,-24.1226028],[-47.8518278,-24.1201484],[-47.8508746,-24.116700699999996],[-47.84608339999999,-24.1196753],[-47.833593699999994,-24.120646],[-47.83002569999999,-24.1234614],[-47.8302713,-24.1305708],[-47.8262246,-24.133767999999996],[-47.80861610000001,-24.130770999999996],[-47.8017874,-24.1349532],[-47.792516899999995,-24.135092599999993],[-47.7870027,-24.1302477],[-47.7756963,-24.1277452],[-47.7727305,-24.1344468],[-47.7590511,-24.1309654],[-47.7507098,-24.1227949],[-47.743846,-24.120846999999998],[-47.736773799999995,-24.125203099999993],[-47.724713799999996,-24.1181054],[-47.7219662,-24.1132288],[-47.72585539999999,-24.1105948],[-47.72350169999999,-24.1065195],[-47.73410239999999,-24.1054976],[-47.73578049999999,-24.10298969999999],[-47.7256592,-24.0896022],[-47.72513119999999,-24.0809281],[-47.7089771,-24.0715918],[-47.702477599999995,-24.073781300000004],[-47.6850945,-24.0565705],[-47.6803041,-24.045261499999995],[-47.67620579999999,-24.0450912],[-47.67283590000001,-24.0411536],[-47.66098860000001,-24.0403916],[-47.6532555,-24.044720500000004],[-47.6492726,-24.041057499999997],[-47.6452899,-24.0420925],[-47.6409103,-24.039530599999996],[-47.63788769999999,-24.0438176],[-47.63681629999999,-24.038123199999998],[-47.62562549999999,-24.0343053],[-47.6229744,-24.041373099999994],[-47.6137533,-24.044684099999998],[-47.615454099999994,-24.059562099999994],[-47.6219266,-24.0641223],[-47.62031329999999,-24.068345000000004],[-47.630324099999996,-24.0757033],[-47.630153699999994,-24.0876312],[-47.63602949999999,-24.0996885],[-47.63386169999999,-24.112854600000002],[-47.6284538,-24.113987900000005],[-47.6231304,-24.1119739],[-47.6213597,-24.1060228],[-47.61600709999999,-24.1037926],[-47.61096409999999,-24.095923300000003],[-47.59745899999999,-24.0855671],[-47.5960099,-24.0797849],[-47.5919308,-24.088416899999995],[-47.582811799999995,-24.0754528],[-47.570456,-24.078021899999996],[-47.56248649999999,-24.0494132],[-47.562186,-24.0391371],[-47.55442599999999,-24.040419699999998],[-47.553669899999996,-24.0369096],[-47.543004399999994,-24.037201399999997],[-47.5394355,-24.0388577],[-47.539362,-24.0419653],[-47.5318926,-24.0436832],[-47.5301936,-24.046449000000003],[-47.5122671,-24.046401499999998],[-47.5029058,-24.049785699999997],[-47.493805,-24.0587045],[-47.4946936,-24.066018299999996],[-47.4922383,-24.0702213],[-47.482323099999995,-24.074499199999998],[-47.477328099999994,-24.0813234],[-47.46505309999999,-24.076326999999996],[-47.4623212,-24.069252199999998],[-47.4630673,-24.060160699999997],[-47.4579836,-24.0587444],[-47.44910589999999,-24.050486600000003],[-47.44817780000001,-24.053479099999993],[-47.4378451,-24.057486399999995],[-47.426122199999995,-24.069141399999996],[-47.41709399999999,-24.0661142],[-47.415568099999994,-24.0612381],[-47.38854469999999,-24.054725199999996],[-47.3859879,-24.0497831],[-47.3769459,-24.0484953],[-47.3718749,-24.041626600000004],[-47.3683385,-24.042737],[-47.3685903,-24.039171499999995],[-47.3630375,-24.0317731],[-47.355774000000004,-24.029556099999997],[-47.35628989999999,-24.0224626],[-47.3402707,-24.013136899999992],[-47.334429799999995,-24.0127189],[-47.33297929999999,-24.018098199999997],[-47.3285745,-24.014572999999995],[-47.3251425,-24.017509800000003],[-47.3163907,-24.017053],[-47.3103628,-24.008981199999997],[-47.301834400000004,-24.0116367],[-47.2860255,-24.006392],[-47.285902099999994,-24.0142126],[-47.2824437,-24.0150351],[-47.277651999999996,-24.011162999999993],[-47.27702579999999,-24.0148626],[-47.27110729999999,-24.0175483],[-47.2695642,-24.0152359],[-47.26056419999999,-24.014034499999998],[-47.2643043,-24.006982499999996],[-47.2572759,-24.005497799999997],[-47.252930799999994,-24.008333499999996],[-47.2568766,-24.020880099999996],[-47.2535274,-24.0240792],[-47.25033749999999,-24.020635899999995],[-47.2440182,-24.0218075],[-47.23849229999999,-24.016305099999997],[-47.233510499999994,-24.0173831],[-47.2305935,-24.0123924],[-47.221589099999996,-24.014554899999997],[-47.2184337,-24.012528899999996],[-47.2206333,-24.0106352],[-47.210712599999994,-24.0014341],[-47.2063747,-24.0032936],[-47.196822,-24.001252899999997],[-47.1934567,-23.9980365],[-47.187459000000004,-24.00257],[-47.183146,-24.0007538],[-47.17810469999999,-24.00344029999999],[-47.1619549,-24.0031416],[-47.1529777,-24.006351600000002],[-47.1503955,-24.0106649],[-47.142444000000005,-24.011358900000005],[-47.1393643,-24.014194999999997],[-47.1305998,-24.0092059],[-47.1226699,-24.0082232],[-47.1233842,-23.9968189],[-47.1183755,-23.9978964],[-47.10710999999999,-23.993802699999996],[-47.0984335,-23.998269999999998],[-47.09940869999999,-24.0055221],[-47.0925857,-24.009812199999992],[-47.0918884,-24.017541899999998],[-47.0743219,-24.023870799999997],[-47.067625299999996,-24.0251751],[-47.05745879999999,-24.0102372],[-47.05394729999999,-24.010845299999996],[-47.0463391,-24.018174699999992],[-47.04616759999999,-24.025625600000005],[-47.04067049999999,-24.0242867],[-47.03931339999999,-24.028340899999996],[-47.0343344,-24.030847],[-47.02991939999999,-24.042187999999996],[-47.026698499999995,-24.0430448],[-47.0271991,-24.0516327],[-47.01971309999999,-24.058348399999996],[-47.0165433,-24.056861499999993],[-47.0066926,-24.0640637],[-46.9977762,-24.052056000000004],[-46.991363,-24.0585277],[-46.9836265,-24.0581438],[-46.97832669999999,-24.0659295],[-46.983223,-24.076401999999998],[-46.978196999999994,-24.081170999999998],[-46.97867399999999,-24.086383999999992],[-46.9698,-24.091553999999995],[-46.96842999999999,-24.107716999999997],[-46.978373,-24.122424999999993],[-46.98604000000001,-24.125114],[-46.99194299999999,-24.122041],[-47.005416999999994,-24.127744999999997],[-47.010285,-24.131890000000002],[-47.009941999999995,-24.137551999999996],[-47.013115,-24.141195],[-47.031119999999994,-24.148310999999996],[-47.033756,-24.14717],[-47.031041,-24.157625],[-47.04085799999999,-24.170453999999996],[-47.041988999999994,-24.177096999999996],[-47.064635,-24.186969],[-47.065045999999995,-24.192314],[-47.070758999999995,-24.195225999999998],[-47.05942999999999,-24.211135999999996],[-47.055181999999995,-24.211345000000005],[-47.048669,-24.216624],[-47.042903,-24.216710000000003],[-47.03944899999999,-24.222053],[-47.035520000000005,-24.2223],[-47.032832,-24.219011],[-47.02905899999999,-24.219987999999997],[-47.031276,-24.231722999999995],[-47.038629,-24.233731999999993],[-47.04343899999999,-24.23924],[-47.046277999999994,-24.245272999999997],[-47.044411,-24.249100999999992],[-47.049532,-24.249748],[-47.04848899999999,-24.252218999999993],[-47.054841,-24.257854999999996],[-47.05708299999999,-24.264031000000003],[-47.049020999999996,-24.276624],[-47.040290999999996,-24.273633999999994],[-47.03343499999999,-24.279165999999996],[-47.027992,-24.278022999999997],[-47.021137,-24.28275],[-47.033634,-24.319476999999996],[-47.044990999999996,-24.334389],[-47.05617899999999,-24.338758000000002],[-47.062858,-24.337939999999996],[-47.064426999999995,-24.343804999999996],[-47.07485199999999,-24.343133],[-47.095877,-24.353939],[-47.109576,-24.351162999999996],[-47.120766,-24.364765999999992],[-47.11416899999999,-24.371697999999995],[-47.116244,-24.378961],[-47.110998,-24.382550999999996],[-47.112942000000004,-24.386264999999998],[-47.10064599999999,-24.391469],[-47.11231999999999,-24.399697],[-47.11772299999999,-24.417633],[-47.111814,-24.426002999999998],[-47.108005999999996,-24.426937],[-47.10806999999999,-24.42982],[-47.101991,-24.433284000000004],[-47.092883,-24.435506],[-47.086339,-24.430515999999997],[-47.08196100000001,-24.433304999999994],[-47.0778999,-24.448204499999996],[-47.1347414,-24.485259],[-47.1758094,-24.516279399999995],[-47.1876714,-24.5273234],[-47.186165499999994,-24.532602400000002],[-47.1890166,-24.536065899999993],[-47.19372299999999,-24.5357242],[-47.200554999999994,-24.5395954],[-47.2278608,-24.560491],[-47.2242437,-24.566893599999997],[-47.227026099999996,-24.571252],[-47.2450094,-24.5739702],[-47.2809077,-24.5937817],[-47.37527479999999,-24.650077999999993],[-47.405223199999995,-24.6728709],[-47.4203007,-24.6782659],[-47.4248093,-24.685141299999998],[-47.5435416,-24.7475809],[-47.6230426,-24.7991402],[-47.73151599999999,-24.880628699999995],[-47.8218748,-24.9559175],[-47.8544121,-24.989521099999997],[-47.8732523,-25.0137233],[-47.88304219999999,-25.0310358],[-47.8869055,-25.0512669],[-47.90952159999999,-25.052946099999993],[-47.9087187,-25.063435]]],[[[-47.861778199999996,-25.1330381],[-47.85956079999999,-25.1317621],[-47.86067129999999,-25.1335577],[-47.861778199999996,-25.1330381]]],[[[-47.8519296,-25.116618000000003],[-47.8494759,-25.120890499999998],[-47.852490599999996,-25.120332699999995],[-47.8562386,-25.1250072],[-47.86482719999999,-25.1284196],[-47.86529389999999,-25.1219478],[-47.8519296,-25.116618000000003]]]]}},{"type":"Feature","properties":{"u":12},"geometry":{"type":"Polygon","coordinates":[[[-47.724602299999994,-21.7065022],[-47.73442159999999,-21.7141805],[-47.7453391,-21.709301],[-47.75016209999999,-21.7014143],[-47.7561062,-21.700079699999996],[-47.7591231,-21.695690399999997],[-47.7681522,-21.691463799999998],[-47.781430099999994,-21.691610899999997],[-47.7865442,-21.699829400000002],[-47.79565329999999,-21.694626699999997],[-47.803261299999996,-21.695424299999996],[-47.8090995,-21.699287999999996],[-47.8165648,-21.6966066],[-47.8121742,-21.689834600000005],[-47.8118267,-21.680119200000004],[-47.830577999999996,-21.669462300000003],[-47.816927799999995,-21.662541999999995],[-47.825974099999996,-21.6567015],[-47.8256114,-21.653354399999998],[-47.8181783,-21.6469522],[-47.81182179999999,-21.6483938],[-47.8068276,-21.6355115],[-47.80229130000001,-21.635386400000005],[-47.8016138,-21.633125600000003],[-47.80379529999999,-21.630309999999994],[-47.8111445,-21.631409],[-47.8177635,-21.6249562],[-47.818555999999994,-21.6147668],[-47.8258602,-21.612347899999996],[-47.830920299999995,-21.6160007],[-47.8339686,-21.614441400000004],[-47.830797399999994,-21.601017199999998],[-47.83714429999999,-21.6045194],[-47.8404799,-21.6003301],[-47.8399135,-21.606789799999998],[-47.84625629999999,-21.597967999999995],[-47.8499626,-21.599815899999996],[-47.85353919999999,-21.597428299999997],[-47.8582894,-21.601328899999995],[-47.8539272,-21.6041454],[-47.85617709999999,-21.6078183],[-47.864462700000004,-21.6069157],[-47.862580200000004,-21.610949499999993],[-47.8689538,-21.610784999999996],[-47.8699038,-21.615815799999996],[-47.8723227,-21.6104184],[-47.88072429999999,-21.611081299999995],[-47.879504,-21.6081343],[-47.8712162,-21.606051599999994],[-47.87134019999999,-21.6030018],[-47.8809941,-21.598236900000003],[-47.878106599999995,-21.594802099999995],[-47.882518999999995,-21.5915323],[-47.881850899999996,-21.589278],[-47.8861132,-21.5905954],[-47.8850768,-21.586200999999996],[-47.889710799999996,-21.5819865],[-47.8967232,-21.5870502],[-47.89983079999999,-21.581518900000003],[-47.90049919999999,-21.589470699999996],[-47.9047128,-21.5840838],[-47.9024988,-21.5801432],[-47.90500990000001,-21.5794817],[-47.913168199999994,-21.589308399999997],[-47.9183009,-21.5833362],[-47.923307,-21.584599099999995],[-47.92435360000001,-21.573098999999996],[-47.93348949999999,-21.579987600000003],[-47.9384189,-21.579502999999995],[-47.9341461,-21.586952999999998],[-47.9415666,-21.587513100000002],[-47.93773319999999,-21.593166199999995],[-47.9459342,-21.5917621],[-47.9422669,-21.598112899999997],[-47.950138,-21.598399499999992],[-47.9551815,-21.590547199999996],[-47.964245999999996,-21.5982622],[-47.97762329999999,-21.591275399999997],[-47.98171229999999,-21.5928082],[-47.9824212,-21.5866129],[-47.984765499999995,-21.5882906],[-47.9841829,-21.5954501],[-47.9907509,-21.595587999999996],[-47.987822599999994,-21.589898599999998],[-47.992189599999996,-21.588996099999992],[-47.9897362,-21.585031899999997],[-47.99376809999999,-21.584533],[-47.9936792,-21.5794748],[-48.000317599999995,-21.580847599999995],[-47.9950708,-21.5769483],[-47.98910219999999,-21.5770982],[-47.990964299999995,-21.5656661],[-47.99474159999999,-21.5646317],[-47.9984681,-21.568515800000004],[-47.99566459999999,-21.5614883],[-48.009134599999996,-21.559888899999997],[-48.0058357,-21.5445283],[-48.01472119999999,-21.5420494],[-48.012026,-21.53317459999999],[-48.0172938,-21.533498600000005],[-48.0172817,-21.5396168],[-48.027869,-21.538805400000005],[-48.026405,-21.530039199999994],[-48.0331044,-21.5266131],[-48.028028899999995,-21.522642499999993],[-48.0318472,-21.519154199999996],[-48.028310299999994,-21.5135427],[-48.0422279,-21.515652600000003],[-48.0430701,-21.5100341],[-48.038658299999994,-21.504624699999994],[-48.0519956,-21.499563699999992],[-48.0510604,-21.495550599999998],[-48.0444692,-21.4940867],[-48.047343,-21.490785999999996],[-48.055355,-21.489226],[-48.054209,-21.481364],[-48.058119999999995,-21.479398000000003],[-48.05730199999999,-21.475272],[-48.06872499999999,-21.479856],[-48.0720532,-21.474048699999997],[-48.071764599999995,-21.4784916],[-48.07427,-21.479238499999997],[-48.07741519999999,-21.4704532],[-48.085039699999996,-21.468724799999997],[-48.08208239999999,-21.4615721],[-48.10302039999999,-21.453482],[-48.1037043,-21.448542699999997],[-48.10906859999999,-21.444458400000002],[-48.1090493,-21.4282793],[-48.11350269999999,-21.420585700000004],[-48.1122412,-21.4254798],[-48.119566299999995,-21.4357888],[-48.1295657,-21.436156299999997],[-48.1313833,-21.431442399999998],[-48.14356699999999,-21.426622899999998],[-48.145432199999995,-21.429872700000004],[-48.1580918,-21.4326279],[-48.1620699,-21.4375831],[-48.163828599999995,-21.4355299],[-48.16783989999999,-21.438786600000004],[-48.1714885,-21.4365657],[-48.177848499999996,-21.437572500000005],[-48.1815808,-21.4477508],[-48.197954,-21.464960599999998],[-48.2146933,-21.467189099999995],[-48.221020900000006,-21.471223899999995],[-48.23106739999999,-21.470780300000005],[-48.23465289999999,-21.473750399999997],[-48.2825552,-21.4812972],[-48.286235399999995,-21.4365476],[-48.292016399999994,-21.4346464],[-48.3079315,-21.4357439],[-48.3193571,-21.4320503],[-48.32725039999999,-21.4262596],[-48.3371411,-21.426354499999995],[-48.3358396,-21.3852449],[-48.31181639999999,-21.3607467],[-48.3233455,-21.357301699999997],[-48.3342369,-21.348138000000002],[-48.3365434,-21.331485199999996],[-48.3416479,-21.331663600000002],[-48.3498487,-21.3223469],[-48.36963229999999,-21.321529299999998],[-48.378552299999996,-21.324780299999997],[-48.3914934,-21.3169049],[-48.4000703,-21.31957179999999],[-48.40981839999999,-21.3174901],[-48.41670729999999,-21.3204217],[-48.4268243,-21.318652699999998],[-48.433299399999996,-21.3249622],[-48.43245139999999,-21.3362565],[-48.4366819,-21.3418979],[-48.4510234,-21.346588900000004],[-48.47453089999999,-21.338044199999995],[-48.4784821,-21.331769499999996],[-48.48514019999999,-21.334682999999995],[-48.49450029999999,-21.347256099999996],[-48.51284389999999,-21.344186999999998],[-48.527403799999995,-21.352015099999996],[-48.537709799999995,-21.3541064],[-48.544115899999994,-21.352454999999996],[-48.553070399999996,-21.339009100000002],[-48.5650267,-21.337877999999996],[-48.57385579999999,-21.3416838],[-48.577325699999996,-21.3397412],[-48.5767212,-21.3302365],[-48.585884899999996,-21.3242655],[-48.588894499999995,-21.314649799999994],[-48.6049752,-21.313963600000005],[-48.6084035,-21.300265599999996],[-48.6283148,-21.2723509],[-48.6310865,-21.2559568],[-48.64064129999999,-21.248128700000002],[-48.6408385,-21.241180800000002],[-48.645309399999995,-21.2426686],[-48.6532051,-21.239825299999996],[-48.65057879999999,-21.232735199999997],[-48.6681943,-21.228582],[-48.68080429999999,-21.220193099999996],[-48.6867189,-21.218619],[-48.6955414,-21.220914299999997],[-48.706954599999996,-21.206772899999997],[-48.6960129,-21.212246799999996],[-48.6830604,-21.208707799999996],[-48.678610199999994,-21.2125087],[-48.673218,-21.2069673],[-48.667052,-21.205611100000002],[-48.65248019999999,-21.211159499999997],[-48.63894309999999,-21.207237900000003],[-48.633759,-21.200516399999998],[-48.625892,-21.1964169],[-48.609808199999996,-21.2009414],[-48.60027089999999,-21.211588899999995],[-48.5868264,-21.214101],[-48.58092099999999,-21.203556399999997],[-48.58397759999999,-21.184181199999998],[-48.58116819999999,-21.1656834],[-48.57148829999999,-21.162160600000004],[-48.5387917,-21.1691747],[-48.5358175,-21.185831499999995],[-48.528057999999994,-21.189062200000002],[-48.520528999999996,-21.1876634],[-48.5147727,-21.1901553],[-48.5091415,-21.1833357],[-48.49774609999999,-21.1841474],[-48.4770971,-21.179319999999997],[-48.4535453,-21.1835589],[-48.4589812,-21.202905],[-48.45383979999999,-21.212037099999996],[-48.443655699999994,-21.209313099999996],[-48.4385342,-21.2001286],[-48.435357599999996,-21.200829899999995],[-48.4263702,-21.194525399999996],[-48.421485399999995,-21.1729904],[-48.4169799,-21.1707147],[-48.40253049999999,-21.173001899999996],[-48.3859782,-21.168568300000004],[-48.361955900000005,-21.139833600000003],[-48.3483657,-21.130630499999995],[-48.3473847,-21.128361599999998],[-48.35387529999999,-21.1206677],[-48.363641799999996,-21.119455399999993],[-48.3716984,-21.114784],[-48.3744542,-21.1094295],[-48.36047169999999,-21.1037336],[-48.34514519999999,-21.1057351],[-48.3537456,-21.081861799999995],[-48.342341,-21.0749977],[-48.33281289999999,-21.0643619],[-48.3205104,-21.059315299999998],[-48.31805399999999,-21.060863199999993],[-48.3168509,-21.0586292],[-48.3240632,-21.0525053],[-48.346818,-21.0590601],[-48.35887329999999,-21.056434599999996],[-48.37329359999999,-21.058327599999995],[-48.3830695,-21.0533455],[-48.3884523,-21.044252899999996],[-48.396848799999994,-21.043100599999992],[-48.41521860000001,-21.0496672],[-48.4304861,-21.0493132],[-48.43306679999999,-21.037444199999996],[-48.405992,-21.017167599999997],[-48.4012669,-21.0055739],[-48.37697969999999,-21.007954999999995],[-48.3808731,-21.003128799999995],[-48.3826459,-20.983251],[-48.3784509,-20.968795599999996],[-48.37327249999999,-20.9635334],[-48.3672194,-20.9490836],[-48.3388395,-20.9550097],[-48.31509880000001,-20.951864499999996],[-48.284925,-20.9529262],[-48.2735301,-20.939599500000003],[-48.257911,-20.9310314],[-48.2295106,-20.900278399999998],[-48.2185235,-20.8921066],[-48.20767779999999,-20.875386899999995],[-48.1900826,-20.886651299999997],[-48.17386449999999,-20.8889296],[-48.166150099999996,-20.8840989],[-48.1548782,-20.89367439999999],[-48.1408113,-20.8923645],[-48.1258336,-20.901898399999997],[-48.112211499999994,-20.9028746],[-48.103666999999994,-20.9000902],[-48.0793612,-20.914047599999996],[-48.072439499999994,-20.923183299999998],[-48.0648811,-20.9233069],[-48.0534423,-20.9315646],[-48.0485883,-20.929370299999995],[-48.04644239999999,-20.917662599999996],[-48.0374356,-20.906704399999995],[-48.0247721,-20.9024291],[-48.01625729999999,-20.892817899999997],[-47.9853687,-20.8763699],[-47.9601162,-20.8914694],[-47.95164809999999,-20.891815400000002],[-47.9397182,-20.899946700000005],[-47.9356953,-20.892968],[-47.9227152,-20.882952000000003],[-47.91191529999999,-20.8907821],[-47.903266499999994,-20.890883600000002],[-47.88963559999999,-20.909867099999996],[-47.8784834,-20.9051806],[-47.8705861,-20.8945375],[-47.8564525,-20.8982907],[-47.840108799999996,-20.910697599999995],[-47.8345291,-20.908738199999995],[-47.818151799999995,-20.8942642],[-47.8088856,-20.8904961],[-47.79918949999999,-20.8897696],[-47.7960997,-20.8997594],[-47.788705799999995,-20.897893199999995],[-47.7797464,-20.894437800000002],[-47.786912799999996,-20.879893799999998],[-47.7729836,-20.855751599999998],[-47.74975549999999,-20.8456025],[-47.745135999999995,-20.835221599999997],[-47.7274927,-20.828260399999998],[-47.7191598,-20.8155995],[-47.70713129999999,-20.809965399999996],[-47.702397,-20.816459600000005],[-47.6925467,-20.820579600000002],[-47.6884702,-20.821066000000002],[-47.677847299999996,-20.815746699999995],[-47.6600111,-20.819768399999997],[-47.659030099999995,-20.812475799999998],[-47.66347199999999,-20.804469199999996],[-47.6583269,-20.798997899999996],[-47.6610034,-20.7839072],[-47.65207349999999,-20.779408100000005],[-47.6497113,-20.7707],[-47.6526286,-20.755240799999996],[-47.649148999999994,-20.7364824],[-47.65250029999999,-20.7258121],[-47.65080259999999,-20.7211043],[-47.6281072,-20.702674699999996],[-47.626811499999995,-20.706446099999997],[-47.6172106,-20.710964999999998],[-47.61249339999999,-20.7002553],[-47.598884,-20.692952599999995],[-47.6051216,-20.703327499999997],[-47.6039344,-20.718531699999996],[-47.5957366,-20.7180207],[-47.5930469,-20.7163929],[-47.5938342,-20.713195499999994],[-47.58651089999999,-20.709547699999998],[-47.58098069999999,-20.710281199999994],[-47.57702329999999,-20.7172776],[-47.579065899999996,-20.7243375],[-47.574304299999994,-20.726759599999998],[-47.57145419999999,-20.7215278],[-47.56764249999999,-20.7273111],[-47.57129619999999,-20.7325774],[-47.568184,-20.7390313],[-47.5592972,-20.741683099999996],[-47.54892269999999,-20.740786500000002],[-47.55173489999999,-20.7349701],[-47.5400745,-20.7359597],[-47.538283799999995,-20.7311042],[-47.540807699999995,-20.732644899999997],[-47.5399393,-20.727948799999997],[-47.54479099999999,-20.727149199999992],[-47.5445388,-20.721876599999998],[-47.54269310000001,-20.7225529],[-47.5420387,-20.718898600000003],[-47.539321199999996,-20.721142399999998],[-47.53313039999999,-20.717498],[-47.534121999999996,-20.7231991],[-47.529560999999994,-20.7236047],[-47.5333642,-20.7275431],[-47.527410399999994,-20.727842599999995],[-47.5281403,-20.7322647],[-47.51739919999999,-20.7267441],[-47.515228199999996,-20.7296533],[-47.51401049999999,-20.724805799999995],[-47.5084715,-20.7250492],[-47.5085144,-20.7323965],[-47.5052258,-20.73121769999999],[-47.506431799999994,-20.734759699999998],[-47.4990746,-20.739321800000003],[-47.4994132,-20.7425166],[-47.49493489999999,-20.742946700000005],[-47.494365200000004,-20.748695999999995],[-47.4920905,-20.747420299999998],[-47.488519,-20.751209199999998],[-47.478559999999995,-20.754134200000003],[-47.4706817,-20.752212500000002],[-47.472737699999996,-20.759939299999996],[-47.470130499999996,-20.769892399999996],[-47.4555903,-20.773227499999997],[-47.4600874,-20.763891999999995],[-47.4535701,-20.7599609],[-47.438095,-20.7654325],[-47.4355708,-20.763091399999997],[-47.429824599999996,-20.764126799999996],[-47.4289065,-20.767807399999995],[-47.4331314,-20.7726408],[-47.42876869999999,-20.7738347],[-47.427671399999994,-20.777254999999997],[-47.43548239999999,-20.777756199999995],[-47.4422611,-20.7818688],[-47.435974,-20.792223799999995],[-47.4269184,-20.793933700000004],[-47.4183032,-20.8061349],[-47.40665679999999,-20.8123479],[-47.3963149,-20.8108718],[-47.3902831,-20.820772],[-47.3707028,-20.821486699999998],[-47.369691499999995,-20.8271276],[-47.356384199999994,-20.825287699999997],[-47.35511329999999,-20.829733899999997],[-47.344901699999994,-20.827686300000003],[-47.343518599999996,-20.830418699999996],[-47.3475795,-20.833941899999996],[-47.3450982,-20.8354331],[-47.34964479999999,-20.840028399999994],[-47.348510399999995,-20.848235299999995],[-47.342558,-20.849880699999996],[-47.3448819,-20.8534825],[-47.341507199999995,-20.8576611],[-47.3287065,-20.8598991],[-47.3302899,-20.858479499999998],[-47.327405899999995,-20.859169299999998],[-47.3231378,-20.847734],[-47.313185000000004,-20.847678500000004],[-47.3145295,-20.841283099999995],[-47.3064887,-20.843179599999996],[-47.30588230000001,-20.837325899999993],[-47.302493,-20.841688100000002],[-47.2998219,-20.842373099999996],[-47.297757299999994,-20.839454099999998],[-47.293849,-20.8415117],[-47.2942671,-20.838794399999994],[-47.28952829999999,-20.838188499999998],[-47.2895525,-20.835915999999997],[-47.2832847,-20.838487],[-47.2821007,-20.8427414],[-47.280679899999996,-20.841264399999996],[-47.2755973,-20.8438561],[-47.2785284,-20.845344500000003],[-47.26732109999999,-20.8542095],[-47.266673399999995,-20.858155799999995],[-47.263610799999995,-20.857026],[-47.2632352,-20.8536193],[-47.2582958,-20.8580238],[-47.25537369999999,-20.856849900000004],[-47.250998599999996,-20.863908999999996],[-47.246131999999996,-20.864571700000003],[-47.2273595,-20.8564716],[-47.240044299999994,-20.8852817],[-47.22457309999999,-20.9116135],[-47.21045809999999,-20.924139],[-47.1900399,-20.9282181],[-47.192566,-20.942052999999994],[-47.1866194,-20.9494933],[-47.1819813,-20.953646799999998],[-47.16884189999999,-20.956493099999996],[-47.1645367,-20.966052299999998],[-47.153264099999994,-20.970894099999995],[-47.1495699,-20.9699703],[-47.1437389,-20.9823857],[-47.150645999999995,-20.997482],[-47.151123399999996,-21.010314099999995],[-47.1570299,-21.0188247],[-47.1478615,-21.0354609],[-47.14610079999999,-21.059051499999995],[-47.1394224,-21.069354100000005],[-47.1422962,-21.088235800000003],[-47.1370422,-21.088022899999995],[-47.12884369999999,-21.0953857],[-47.1281243,-21.099215299999997],[-47.11315139999999,-21.104921499999996],[-47.1127893,-21.108639499999995],[-47.118477399999996,-21.1090533],[-47.12153779999999,-21.1124738],[-47.1268745,-21.121671000000003],[-47.1262322,-21.125347299999998],[-47.1335055,-21.1334556],[-47.126819999999995,-21.144273699999996],[-47.118599499999995,-21.1490435],[-47.1173051,-21.153695899999992],[-47.1236478,-21.167909399999996],[-47.1185632,-21.1753462],[-47.118787899999994,-21.1857521],[-47.1028287,-21.200567699999997],[-47.0992581,-21.214193400000003],[-47.09565140000001,-21.2096737],[-47.0883668,-21.209611],[-47.08657310000001,-21.2074171],[-47.06887679999999,-21.2090154],[-47.0647067,-21.2070935],[-47.06220969999999,-21.209169899999992],[-47.06796409999999,-21.214312299999992],[-47.07233269999999,-21.2258406],[-47.07891219999999,-21.23059509999999],[-47.076210399999994,-21.2357158],[-47.0772882,-21.2402235],[-47.0690657,-21.2416197],[-47.06309230000001,-21.239313100000004],[-47.052281699999995,-21.246518699999996],[-47.051308199999994,-21.2573965],[-47.0450512,-21.262954399999998],[-47.044224299999996,-21.2673553],[-47.04807769999999,-21.268267900000005],[-47.057488,-21.2645458],[-47.06547489999999,-21.2693552],[-47.0771076,-21.284906299999992],[-47.083891799999996,-21.288000599999993],[-47.094716,-21.286242199999997],[-47.08886309999999,-21.2946203],[-47.089728599999994,-21.297409],[-47.1076666,-21.315825299999997],[-47.118891299999994,-21.3195048],[-47.1275857,-21.328815099999996],[-47.14672749999999,-21.3054329],[-47.1449153,-21.294388199999997],[-47.17085759999999,-21.313488199999995],[-47.1751159,-21.3192466],[-47.180734099999995,-21.339256399999993],[-47.191856599999994,-21.348014899999992],[-47.1872661,-21.3531524],[-47.1870203,-21.358777599999993],[-47.204616699999995,-21.3849913],[-47.20618129999999,-21.398138199999998],[-47.2096837,-21.4018149],[-47.208969,-21.4072733],[-47.20612580000001,-21.409023999999995],[-47.20808149999999,-21.414328499999996],[-47.21470529999999,-21.415157799999996],[-47.21673499999999,-21.4185424],[-47.217057999999994,-21.421588799999995],[-47.213701,-21.4236927],[-47.2149226,-21.4269945],[-47.22401219999999,-21.428149400000002],[-47.2256114,-21.421038099999997],[-47.23133609999999,-21.422088499999997],[-47.2328309,-21.4369493],[-47.2369566,-21.443020199999996],[-47.2424161,-21.442226],[-47.26419539999999,-21.451316399999996],[-47.2638029,-21.455029799999995],[-47.27162189999999,-21.457502],[-47.27871830000001,-21.468432299999996],[-47.27459979999999,-21.487643999999996],[-47.28229220000001,-21.515615199999996],[-47.2763683,-21.5256697],[-47.285250899999994,-21.5483424],[-47.290920699999994,-21.553599799999997],[-47.30750379999999,-21.551225399999996],[-47.315947099999995,-21.5584918],[-47.3274809,-21.559384599999998],[-47.331625499999994,-21.564264999999992],[-47.3457938,-21.562171799999998],[-47.350315,-21.564456899999996],[-47.3570924,-21.570004799999996],[-47.358375,-21.5795227],[-47.365121499999994,-21.588995799999996],[-47.3642764,-21.593693099999996],[-47.3767175,-21.599581999999998],[-47.3818819,-21.599479899999995],[-47.3992252,-21.6137409],[-47.3997708,-21.622088599999998],[-47.382887399999994,-21.639362699999992],[-47.3806019,-21.649811699999997],[-47.372410499999994,-21.6498445],[-47.35786449999999,-21.642843499999998],[-47.3513981,-21.647591099999996],[-47.342161299999994,-21.642210299999995],[-47.3338297,-21.6455832],[-47.3288141,-21.644539999999996],[-47.3222221,-21.649953499999995],[-47.3268131,-21.668689099999995],[-47.336584699999996,-21.666986599999994],[-47.33761929999999,-21.669232300000004],[-47.33749799999999,-21.6869864],[-47.326922599999996,-21.703771399999997],[-47.3233909,-21.715005200000004],[-47.32367109999999,-21.7197084],[-47.330340299999996,-21.7265827],[-47.3110205,-21.737147899999997],[-47.303680799999995,-21.737311099999996],[-47.301068,-21.743991599999994],[-47.2938105,-21.7504346],[-47.29471349999999,-21.7611359],[-47.3209997,-21.776967699999997],[-47.33428049999999,-21.7762264],[-47.3322516,-21.7842584],[-47.341995600000004,-21.795740799999997],[-47.3468981,-21.8065311],[-47.35147669999999,-21.80459],[-47.35918629999999,-21.7859248],[-47.3668468,-21.7787012],[-47.37663499999999,-21.777110799999992],[-47.394305,-21.7673236],[-47.39778449999999,-21.772914699999998],[-47.4090264,-21.770923299999996],[-47.411402,-21.762632699999997],[-47.427786399999995,-21.755976500000003],[-47.4437535,-21.7651608],[-47.4385429,-21.780828499999995],[-47.439947,-21.7848154],[-47.4510961,-21.781172700000003],[-47.4646275,-21.7854968],[-47.4740613,-21.792642399999995],[-47.4826971,-21.789564],[-47.487154399999994,-21.795933999999992],[-47.51123799999999,-21.808204899999993],[-47.5305229,-21.7979241],[-47.54283459999999,-21.802092699999996],[-47.5580577,-21.788064999999996],[-47.5698608,-21.784334900000005],[-47.5714905,-21.774413700000004],[-47.579023299999996,-21.7672451],[-47.5819739,-21.741851499999996],[-47.58791469999999,-21.734525299999994],[-47.5986362,-21.738305800000003],[-47.60808659999999,-21.7457752],[-47.6157357,-21.7434446],[-47.61456019999999,-21.751227499999995],[-47.6235415,-21.7404543],[-47.62417429999999,-21.7342715],[-47.62998219999999,-21.734087499999998],[-47.63150890000001,-21.7269103],[-47.63974639999999,-21.724870599999996],[-47.6449198,-21.726450899999993],[-47.6473168,-21.7372218],[-47.6671571,-21.7426131],[-47.6733383,-21.7350637],[-47.67863189999999,-21.7330648],[-47.676802699999996,-21.7219981],[-47.68048480000001,-21.7162333],[-47.7052003,-21.720683499999996],[-47.7201868,-21.706682799999996],[-47.724602299999994,-21.7065022]]]}},{"type":"Feature","properties":{"u":13},"geometry":{"type":"Polygon","coordinates":[[[-46.9928674,-22.5486466],[-46.9973123,-22.5571867],[-47.00446349999999,-22.5630395],[-47.016792499999994,-22.565627700000004],[-47.020620799999996,-22.562624699999997],[-47.02465269999999,-22.5637374],[-47.0312354,-22.5747625],[-47.03762179999999,-22.572107399999997],[-47.0440878,-22.574105200000005],[-47.049365699999996,-22.569527],[-47.0544546,-22.571305299999995],[-47.0498858,-22.5611329],[-47.04236929999999,-22.555481599999997],[-47.042400099999995,-22.551762],[-47.049015700000005,-22.5433245],[-47.048308199999994,-22.533710699999997],[-47.054481,-22.5257855],[-47.0530818,-22.516660299999998],[-47.06218919999999,-22.5105287],[-47.072860299999995,-22.496599799999995],[-47.069752599999994,-22.485621899999995],[-47.0731963,-22.4766102],[-47.08091259999999,-22.473032599999996],[-47.09361079999999,-22.475578199999998],[-47.111165,-22.4645035],[-47.1201568,-22.474661799999993],[-47.129894199999995,-22.474884199999998],[-47.13604,-22.469887599999993],[-47.13020499999999,-22.467768199999995],[-47.11793509999999,-22.449824899999996],[-47.116521799999994,-22.432017499999997],[-47.11043649999999,-22.4217026],[-47.109200599999994,-22.4112277],[-47.0967625,-22.407134999999993],[-47.0874467,-22.396253199999993],[-47.0895048,-22.385090200000004],[-47.0812041,-22.357374799999995],[-47.0809591,-22.343939099999997],[-47.0748511,-22.3373848],[-47.0811028,-22.321373599999998],[-47.085994899999996,-22.3188249],[-47.091217,-22.321875299999995],[-47.0837548,-22.299811099999996],[-47.09094819999999,-22.302453399999997],[-47.0984749,-22.2932104],[-47.1056423,-22.293758599999997],[-47.1054686,-22.298781399999996],[-47.109392199999995,-22.2926323],[-47.11579499999999,-22.294365100000004],[-47.12017300000001,-22.290676600000005],[-47.125538899999995,-22.293348199999997],[-47.124482199999996,-22.2980088],[-47.1304538,-22.3002611],[-47.14953379999999,-22.2944426],[-47.15374839999999,-22.294849499999998],[-47.1544057,-22.297793500000004],[-47.15691340000001,-22.292722600000005],[-47.16119749999999,-22.292002799999995],[-47.15979190000001,-22.287610499999996],[-47.166633999999995,-22.286344499999995],[-47.1676245,-22.283642899999997],[-47.1713201,-22.289623399999996],[-47.1685999,-22.291081899999995],[-47.1766124,-22.2963301],[-47.1842908,-22.2920201],[-47.1844203,-22.282937999999998],[-47.18728749999999,-22.2800081],[-47.1833275,-22.2791708],[-47.187654599999995,-22.2765768],[-47.184024099999995,-22.2748762],[-47.1878061,-22.271486699999993],[-47.19249789999999,-22.2724919],[-47.1915908,-22.275787599999997],[-47.19550879999999,-22.2787678],[-47.1930496,-22.281120899999998],[-47.19924040000001,-22.282608999999997],[-47.2008444,-22.277662999999997],[-47.20493429999999,-22.2815684],[-47.210171599999995,-22.279427699999996],[-47.2174613,-22.265247],[-47.2302655,-22.256825799999998],[-47.2315673,-22.2447077],[-47.218443199999996,-22.2307717],[-47.2277001,-22.227396699999996],[-47.23354189999999,-22.219767900000004],[-47.2403494,-22.2311674],[-47.24173969999999,-22.2197949],[-47.2349163,-22.212338699999997],[-47.2287923,-22.2126003],[-47.22420449999999,-22.2063335],[-47.22105119999999,-22.208832099999995],[-47.21019689999999,-22.202176],[-47.2045147,-22.204752599999996],[-47.197289899999994,-22.180479999999996],[-47.1903628,-22.1724336],[-47.19925729999999,-22.149780999999997],[-47.19358329999999,-22.1140374],[-47.1993761,-22.105074699999996],[-47.19742889999999,-22.0988141],[-47.212717299999994,-22.0875776],[-47.2200176,-22.077843],[-47.218500999999996,-22.063793799999996],[-47.2230517,-22.064190600000003],[-47.222354,-22.0611212],[-47.232459,-22.0620377],[-47.23075570000001,-22.058801099999997],[-47.2339529,-22.056407599999996],[-47.2178356,-22.0380438],[-47.2016976,-22.0341931],[-47.2019925,-22.020359999999993],[-47.2097918,-22.0150209],[-47.212727799999996,-22.001877699999994],[-47.2119503,-21.986547299999998],[-47.21621089999999,-21.975977800000003],[-47.2198121,-21.977669500000005],[-47.2237695,-21.9728092],[-47.231273099999996,-21.9731889],[-47.241923,-21.968792799999996],[-47.2416578,-21.9666452],[-47.2484002,-21.968437],[-47.25144929999999,-21.9651848],[-47.258714,-21.9758926],[-47.2642533,-21.9690109],[-47.2801703,-21.9695248],[-47.2917642,-21.978271099999997],[-47.29001459999999,-21.981621],[-47.29661099999999,-21.9788077],[-47.298679899999996,-21.970487599999995],[-47.29001579999999,-21.9581416],[-47.2702607,-21.954614899999996],[-47.26656969999999,-21.948122099999996],[-47.2705667,-21.9408859],[-47.27434579999999,-21.939403399999996],[-47.2753638,-21.930709399999998],[-47.28225979999999,-21.920462399999998],[-47.2786379,-21.914884],[-47.282749300000006,-21.908364400000004],[-47.2793675,-21.899706399999992],[-47.27792699999999,-21.8788486],[-47.2856866,-21.867433599999995],[-47.30925789999999,-21.8730872],[-47.3240661,-21.860679999999995],[-47.32454189999999,-21.8512541],[-47.33200419999999,-21.842494799999997],[-47.343073499999996,-21.8398669],[-47.33900169999999,-21.836421399999995],[-47.3382286,-21.8289186],[-47.3355256,-21.828769600000005],[-47.3348819,-21.823462099999997],[-47.3378367,-21.8215444],[-47.3351106,-21.8142571],[-47.338359,-21.8105168],[-47.3421084,-21.8118454],[-47.3468981,-21.8065311],[-47.341995600000004,-21.795740799999997],[-47.3322516,-21.7842584],[-47.33428049999999,-21.7762264],[-47.3209997,-21.776967699999997],[-47.31243659999999,-21.773639799999998],[-47.295407399999995,-21.7621092],[-47.29329409999999,-21.757355599999997],[-47.2938105,-21.7504346],[-47.301068,-21.743991599999994],[-47.303680799999995,-21.737311099999996],[-47.3110205,-21.737147899999997],[-47.330340299999996,-21.7265827],[-47.32367109999999,-21.7197084],[-47.3233909,-21.715005200000004],[-47.326922599999996,-21.703771399999997],[-47.33749799999999,-21.6869864],[-47.33761929999999,-21.669232300000004],[-47.336584699999996,-21.666986599999994],[-47.3268131,-21.668689099999995],[-47.3220514,-21.6503196],[-47.3288141,-21.644539999999996],[-47.3338297,-21.6455832],[-47.342161299999994,-21.642210299999995],[-47.3513981,-21.647591099999996],[-47.35786449999999,-21.642843499999998],[-47.372410499999994,-21.6498445],[-47.3806019,-21.649811699999997],[-47.382887399999994,-21.639362699999992],[-47.3939872,-21.6301683],[-47.3998858,-21.621114400000003],[-47.3992252,-21.6137409],[-47.3818819,-21.599479899999995],[-47.3767175,-21.599581999999998],[-47.3642764,-21.593693099999996],[-47.365121499999994,-21.588995799999996],[-47.358375,-21.5795227],[-47.3570924,-21.570004799999996],[-47.350315,-21.564456899999996],[-47.3457938,-21.562171799999998],[-47.331625499999994,-21.564264999999992],[-47.3274809,-21.559384599999998],[-47.315947099999995,-21.5584918],[-47.30750379999999,-21.551225399999996],[-47.290920699999994,-21.553599799999997],[-47.285250899999994,-21.5483424],[-47.2763683,-21.5256697],[-47.28229220000001,-21.515615199999996],[-47.27459979999999,-21.487643999999996],[-47.27871830000001,-21.468432299999996],[-47.27162189999999,-21.457502],[-47.2638029,-21.455029799999995],[-47.26419539999999,-21.451316399999996],[-47.2424161,-21.442226],[-47.2369566,-21.443020199999996],[-47.2328309,-21.4369493],[-47.23133609999999,-21.422088499999997],[-47.2256114,-21.421038099999997],[-47.22401219999999,-21.428149400000002],[-47.2149226,-21.4269945],[-47.213701,-21.4236927],[-47.217057999999994,-21.421588799999995],[-47.21673499999999,-21.4185424],[-47.21470529999999,-21.415157799999996],[-47.20808149999999,-21.414328499999996],[-47.20612580000001,-21.409023999999995],[-47.208969,-21.4072733],[-47.2096837,-21.4018149],[-47.20618129999999,-21.398138199999998],[-47.204616699999995,-21.3849913],[-47.1870203,-21.358777599999993],[-47.1872661,-21.3531524],[-47.191856599999994,-21.348014899999992],[-47.1876715,-21.346767999999997],[-47.179280399999996,-21.336753999999996],[-47.17325209999999,-21.315918999999997],[-47.1449153,-21.294388199999997],[-47.14672749999999,-21.3054329],[-47.1275857,-21.328815099999996],[-47.118891299999994,-21.3195048],[-47.1076666,-21.315825299999997],[-47.089728599999994,-21.297409],[-47.08886309999999,-21.2946203],[-47.094716,-21.286242199999997],[-47.0797082,-21.286401299999998],[-47.0682613,-21.2755246],[-47.06547489999999,-21.2693552],[-47.05509639999999,-21.263966299999993],[-47.04189619999999,-21.269742499999996],[-47.0424828,-21.276905100000004],[-47.0395333,-21.280944699999996],[-47.042369599999994,-21.289954899999998],[-47.02977299999999,-21.299555699999996],[-47.035181099999996,-21.311022699999995],[-47.0305445,-21.311731799999997],[-47.0209882,-21.321630799999998],[-47.0237595,-21.3285134],[-47.018069499999996,-21.340303199999997],[-46.99726849999999,-21.351226400000005],[-46.9968389,-21.3576981],[-47.0012707,-21.359515599999995],[-46.998949999999994,-21.3618311],[-47.0059584,-21.365054200000003],[-47.009535699999994,-21.370749699999998],[-47.0045823,-21.383568699999998],[-47.0087321,-21.392884599999995],[-47.016168,-21.396503400000004],[-47.0137667,-21.4034093],[-47.0096194,-21.4064603],[-47.0107924,-21.4099743],[-47.007714099999994,-21.410673],[-47.0128415,-21.4163495],[-47.01150789999999,-21.422272800000002],[-46.99967399999999,-21.420995699999995],[-46.99272929999999,-21.425300500000002],[-46.98687129999999,-21.421640099999998],[-46.9843674,-21.426695099999996],[-46.9765946,-21.423303099999995],[-46.9743464,-21.417849899999997],[-46.9704253,-21.4222923],[-46.9647087,-21.418113500000004],[-46.95666229999999,-21.4247444],[-46.949090299999995,-21.419585899999998],[-46.9342496,-21.425253899999998],[-46.931625800000006,-21.4226471],[-46.9254535,-21.4226378],[-46.920776,-21.427131299999996],[-46.916923999999995,-21.4208651],[-46.9083146,-21.421178399999995],[-46.9002917,-21.4131927],[-46.8933056,-21.415614099999996],[-46.8826741,-21.404949499999997],[-46.868125,-21.403723399999997],[-46.86517189999999,-21.4007517],[-46.8653435,-21.3955693],[-46.85825489999999,-21.394042799999998],[-46.855787799999995,-21.3897231],[-46.842084,-21.389108299999997],[-46.8410293,-21.385191499999998],[-46.835237,-21.382518500000003],[-46.8360715,-21.3707275],[-46.832149099999995,-21.366538200000004],[-46.8173094,-21.366438599999995],[-46.7917613,-21.373683],[-46.78620179999999,-21.3689319],[-46.781287799999994,-21.370756599999993],[-46.776398,-21.3628248],[-46.76470509999999,-21.3600636],[-46.7588384,-21.362904599999997],[-46.7621369,-21.374968700000004],[-46.7586845,-21.378788399999998],[-46.75053509999999,-21.3849177],[-46.74078469999999,-21.387749799999998],[-46.738974799999994,-21.392572299999998],[-46.73436980000001,-21.3941698],[-46.72577979999999,-21.392904700000003],[-46.72247959999999,-21.3897503],[-46.71798089999999,-21.390701799999995],[-46.70596239999999,-21.4048439],[-46.69389199999999,-21.390558700000003],[-46.69220649999999,-21.382746999999995],[-46.68401649999999,-21.376372],[-46.67392089999999,-21.374491799999998],[-46.66672419999999,-21.3612917],[-46.661393999999994,-21.363748100000002],[-46.6479372,-21.3635304],[-46.644922599999994,-21.372396799999997],[-46.6483084,-21.375827099999995],[-46.6487303,-21.391721299999997],[-46.63881719999999,-21.402009599999996],[-46.63734219999999,-21.4106896],[-46.631148399999994,-21.412851900000003],[-46.6265671,-21.4114874],[-46.6184602,-21.4212002],[-46.62066959999999,-21.425997099999996],[-46.6156224,-21.428838],[-46.6200222,-21.4354238],[-46.61525679999999,-21.4414682],[-46.601889899999996,-21.4439608],[-46.5942554,-21.439682099999995],[-46.59306959999999,-21.435834799999995],[-46.5832733,-21.433230100000003],[-46.5765137,-21.426957199999997],[-46.5703961,-21.4367686],[-46.5602225,-21.44233],[-46.54592879999999,-21.440332299999998],[-46.5357798,-21.449142200000004],[-46.52849359999999,-21.444993899999993],[-46.519052699999996,-21.4489532],[-46.5195598,-21.4620184],[-46.50925209999999,-21.469898899999997],[-46.5122329,-21.4771766],[-46.50889,-21.489127099999997],[-46.51142049999999,-21.4891599],[-46.513790199999995,-21.496824199999995],[-46.5192505,-21.5008897],[-46.51968239999999,-21.5057187],[-46.51610209999999,-21.5113412],[-46.5240292,-21.5212984],[-46.5229777,-21.5299379],[-46.5200641,-21.535040700000003],[-46.511105799999996,-21.5358783],[-46.5007767,-21.549761099999998],[-46.500048699999994,-21.554532000000002],[-46.5040153,-21.562819],[-46.5118411,-21.565379099999998],[-46.5121702,-21.572162],[-46.5219942,-21.5845087],[-46.5184359,-21.593054999999996],[-46.52442889999999,-21.600958699999996],[-46.5159764,-21.605992500000003],[-46.518228,-21.612821899999997],[-46.5342829,-21.621287],[-46.534868,-21.628681099999998],[-46.5473674,-21.6304338],[-46.5529789,-21.6380752],[-46.5481577,-21.648182600000002],[-46.5503644,-21.6525938],[-46.5603027,-21.653034499999997],[-46.5659174,-21.656938399999998],[-46.564631299999995,-21.6786794],[-46.577767599999994,-21.6850578],[-46.579136399999996,-21.682559499999993],[-46.5930358,-21.683178299999998],[-46.621594699999996,-21.675542999999998],[-46.6238833,-21.6927289],[-46.62867359999999,-21.694817599999997],[-46.629928099999994,-21.702669500000003],[-46.62245049999999,-21.7155387],[-46.628476299999996,-21.729615299999995],[-46.6255882,-21.734095399999998],[-46.6308415,-21.7408998],[-46.6274027,-21.7478871],[-46.62603029999999,-21.766226500000002],[-46.6281435,-21.7689368],[-46.639446899999996,-21.768472],[-46.6460393,-21.776051099999993],[-46.6539913,-21.7792464],[-46.65120159999999,-21.7894427],[-46.667725,-21.8069654],[-46.67082619999999,-21.816481199999995],[-46.680704399999996,-21.823355499999998],[-46.69097049999999,-21.836963799999996],[-46.6765302,-21.8506255],[-46.665285,-21.848787999999995],[-46.655784000000004,-21.870473],[-46.6575633,-21.877452499999997],[-46.647536499999994,-21.8804608],[-46.6531678,-21.8960126],[-46.6655702,-21.8992967],[-46.6737785,-21.9110527],[-46.66499999999999,-21.9206921],[-46.66730149999999,-21.932560199999994],[-46.6536443,-21.9417049],[-46.65141379999999,-21.9614529],[-46.64339489999999,-21.976106599999998],[-46.6374651,-21.9808033],[-46.6309992,-21.9811766],[-46.62282989999999,-21.994589100000002],[-46.614668800000004,-21.9969712],[-46.61246109999999,-22.0048654],[-46.6139533,-22.016665099999997],[-46.6280815,-22.0154649],[-46.6403429,-22.0088843],[-46.6451756,-22.008878999999997],[-46.6533682,-22.0111714],[-46.654790999999996,-22.017807199999996],[-46.66220249999999,-22.0236961],[-46.675574899999994,-22.022374699999997],[-46.683570499999995,-22.0300431],[-46.685389,-22.037422099999997],[-46.676361299999996,-22.0554395],[-46.6577457,-22.060475699999998],[-46.664786,-22.068863099999998],[-46.6839542,-22.073865700000002],[-46.696398900000005,-22.0729234],[-46.7061177,-22.078972099999998],[-46.709592,-22.07475],[-46.7161947,-22.0735501],[-46.723442999999996,-22.076821099999997],[-46.7188373,-22.0886791],[-46.7008141,-22.0951969],[-46.6935,-22.0900778],[-46.68794710000001,-22.0935767],[-46.6802865,-22.0910723],[-46.6709261,-22.0973414],[-46.6545358,-22.091872700000003],[-46.64675499999999,-22.0918932],[-46.6343404,-22.1076658],[-46.6227309,-22.109930899999995],[-46.61611589999999,-22.1306547],[-46.6035938,-22.132197399999995],[-46.598617,-22.1352875],[-46.6130415,-22.1502525],[-46.62788809999999,-22.1564292],[-46.63496779999999,-22.154482999999995],[-46.64045809999999,-22.157719599999997],[-46.64033959999999,-22.1659045],[-46.6462923,-22.181321899999997],[-46.650798699999996,-22.177534299999998],[-46.66313399999999,-22.1804011],[-46.6690093,-22.1747375],[-46.6738355,-22.175617500000005],[-46.6708008,-22.184260600000005],[-46.67966599999999,-22.208353299999995],[-46.6781678,-22.2240419],[-46.6900357,-22.232343800000002],[-46.6931416,-22.237631499999992],[-46.6886254,-22.2487684],[-46.6940399,-22.2466669],[-46.710400699999994,-22.262390099999998],[-46.71061619999999,-22.269929999999995],[-46.705896599999996,-22.271842],[-46.7023373,-22.277879099999996],[-46.71051609999999,-22.284995099999996],[-46.70864689999999,-22.293791499999998],[-46.7052841,-22.295824],[-46.7157559,-22.3066133],[-46.72326030000001,-22.306623799999997],[-46.7179524,-22.3169443],[-46.7109826,-22.312787500000002],[-46.71081819999999,-22.319325600000003],[-46.7011993,-22.321493],[-46.698061499999994,-22.326658899999998],[-46.698949199999994,-22.3323137],[-46.695242099999994,-22.335239000000005],[-46.69761969999999,-22.3432123],[-46.69355900000001,-22.3430295],[-46.6945953,-22.348550899999996],[-46.6907265,-22.3467623],[-46.687614399999994,-22.3494114],[-46.687033299999996,-22.357301399999997],[-46.6827863,-22.3574924],[-46.675907300000006,-22.3692894],[-46.660923499999996,-22.366041],[-46.6663078,-22.380990299999997],[-46.6637289,-22.383290999999996],[-46.663420099999996,-22.3915431],[-46.6680474,-22.4063822],[-46.6665163,-22.415109799999996],[-46.6507566,-22.423465999999994],[-46.6470315,-22.4288386],[-46.64037079999999,-22.4253133],[-46.63160740000001,-22.4358357],[-46.6183141,-22.436987499999994],[-46.616897,-22.440664],[-46.637452499999995,-22.4604848],[-46.6425664,-22.460261399999997],[-46.64454669999999,-22.4650124],[-46.653573800000004,-22.471422799999996],[-46.6647612,-22.4759977],[-46.6688027,-22.4735856],[-46.6763428,-22.477014599999997],[-46.6812498,-22.4739948],[-46.692833099999994,-22.478812099999992],[-46.6882586,-22.489998699999997],[-46.6959641,-22.494777699999997],[-46.70520429999999,-22.494799399999994],[-46.7105417,-22.498222399999996],[-46.7217359,-22.516033000000004],[-46.72062019999999,-22.528348500000003],[-46.73297459999999,-22.534333799999995],[-46.73388249999999,-22.5427718],[-46.737825099999995,-22.548363999999996],[-46.74435319999999,-22.550403299999996],[-46.7462713,-22.547613199999994],[-46.751843599999994,-22.549244799999997],[-46.760318899999994,-22.5469546],[-46.76322199999999,-22.5446581],[-46.761557399999994,-22.542063199999998],[-46.7658966,-22.541890799999997],[-46.77095249999999,-22.5362081],[-46.793003299999995,-22.5383514],[-46.801854799999994,-22.5475609],[-46.809039999999996,-22.545034499999996],[-46.81269429999999,-22.550521199999995],[-46.8184734,-22.552869299999998],[-46.820094499999996,-22.5612426],[-46.8332804,-22.579373399999998],[-46.85463179999999,-22.580012399999998],[-46.86443009999999,-22.5861679],[-46.8726829,-22.580596599999996],[-46.8805512,-22.5835686],[-46.881098,-22.5792781],[-46.87560779999999,-22.574146],[-46.8716658,-22.5476409],[-46.880435899999995,-22.545796099999997],[-46.887619099999995,-22.546374299999997],[-46.89723699999999,-22.5612611],[-46.9103296,-22.5725012],[-46.9195384,-22.5760861],[-46.9219393,-22.5750389],[-46.9209842,-22.569122099999998],[-46.92810419999999,-22.5627729],[-46.9387996,-22.563422599999996],[-46.9460263,-22.571356499999997],[-46.952222799999994,-22.5723364],[-46.9545434,-22.562197],[-46.9631722,-22.551363699999996],[-46.967364399999994,-22.552478500000003],[-46.9854178,-22.544166699999998],[-46.9928674,-22.5486466]]]}},{"type":"Feature","properties":{"u":14},"geometry":{"type":"Polygon","coordinates":[[[-50.30464,-20.7103949],[-50.3213246,-20.720061199999996],[-50.333093,-20.722922699999998],[-50.397328599999994,-20.724035399999998],[-50.4186723,-20.7091316],[-50.416664299999994,-20.7213378],[-50.41296559999999,-20.7267426],[-50.4132409,-20.737506200000002],[-50.4150549,-20.741298499999996],[-50.419923299999994,-20.74227099999999],[-50.418286599999995,-20.7490418],[-50.42307679999999,-20.761874499999998],[-50.423859699999994,-20.770797099999996],[-50.4206315,-20.77392],[-50.42437929999999,-20.7907724],[-50.4322217,-20.796520900000004],[-50.4328513,-20.8001831],[-50.440205799999994,-20.7982711],[-50.449937,-20.8008697],[-50.45308159999999,-20.797588499999996],[-50.4567487,-20.778596499999995],[-50.50558269999999,-20.7616059],[-50.505738699999995,-20.7512329],[-50.49976319999999,-20.736495200000004],[-50.5022872,-20.7250446],[-50.4982134,-20.7197152],[-50.4965997,-20.710348],[-50.4942447,-20.704578100000003],[-50.4810445,-20.696759099999994],[-50.47650749999999,-20.6877661],[-50.48324989999999,-20.6602876],[-50.479671499999995,-20.6535421],[-50.4823524,-20.645497999999996],[-50.49069159999999,-20.646435899999997],[-50.5114954,-20.623333400000003],[-50.50658459999999,-20.587895800000002],[-50.51326159999999,-20.579613899999995],[-50.51189029999999,-20.574273599999998],[-50.51528269999999,-20.5698743],[-50.5083027,-20.5504406],[-50.518450699999995,-20.536993699999996],[-50.5274131,-20.537437499999996],[-50.5341373,-20.533317099999998],[-50.55094,-20.530812999999995],[-50.57334349999999,-20.5178406],[-50.5828305,-20.5189017],[-50.58335139999999,-20.5156572],[-50.5861163,-20.517615699999997],[-50.58654189999999,-20.5151385],[-50.59172829999999,-20.5227754],[-50.60064659999999,-20.524285299999995],[-50.6045899,-20.521365099999997],[-50.602756799999995,-20.519058199999993],[-50.6132706,-20.51925],[-50.624921699999994,-20.508061599999994],[-50.634077,-20.5151893],[-50.63687229999999,-20.5135496],[-50.6371876,-20.508343200000002],[-50.64461669999999,-20.506540199999993],[-50.6480926,-20.507065700000002],[-50.6497662,-20.514598],[-50.6614156,-20.519467499999998],[-50.66139019999999,-20.527387099999995],[-50.66537699999999,-20.531655200000003],[-50.6788256,-20.5276081],[-50.679307,-20.5300961],[-50.6821798,-20.529425100000005],[-50.6830912,-20.5245127],[-50.6891151,-20.523546800000002],[-50.688471199999995,-20.533306900000003],[-50.691009199999996,-20.533566200000003],[-50.6879507,-20.535281399999995],[-50.69184479999999,-20.53851179999999],[-50.6958283,-20.528870999999995],[-50.705700199999995,-20.5344483],[-50.712756399999996,-20.5275023],[-50.72499299999999,-20.5268534],[-50.730449199999995,-20.531129799999995],[-50.7293518,-20.5331372],[-50.73725259999999,-20.5360994],[-50.73853,-20.5447874],[-50.7543543,-20.5390411],[-50.75594809999999,-20.5484191],[-50.7648312,-20.552983499999996],[-50.7702804,-20.552332700000004],[-50.7693504,-20.544167699999996],[-50.7791421,-20.5454362],[-50.7880177,-20.541861199999996],[-50.7905759,-20.5458609],[-50.7995595,-20.541456399999998],[-50.8078346,-20.546767499999998],[-50.81034819999999,-20.542438999999998],[-50.80640819999999,-20.541331699999997],[-50.807715200000004,-20.5353036],[-50.813241399999995,-20.5310794],[-50.81788039999999,-20.534840599999995],[-50.823603399999996,-20.5326747],[-50.84126189999999,-20.533345199999996],[-50.8489762,-20.5484693],[-50.8548142,-20.542871799999993],[-50.868271699999994,-20.545345699999995],[-50.8774605,-20.538514299999996],[-50.8818879,-20.543026799999996],[-50.8784802,-20.5498535],[-50.8843034,-20.549247199999996],[-50.884311499999995,-20.556367899999994],[-50.887222599999994,-20.558840099999998],[-50.896414,-20.557528599999998],[-50.89650569999999,-20.549432599999996],[-50.89346799999999,-20.5442183],[-50.902509099999996,-20.538910400000002],[-50.913000399999994,-20.5408666],[-50.91705629999999,-20.550418],[-50.92149589999999,-20.549809599999996],[-50.92444679999999,-20.5452938],[-50.92764629999999,-20.5528403],[-50.93157109999999,-20.554758299999992],[-50.9468025,-20.5510706],[-50.9537331,-20.5570921],[-50.960313299999996,-20.5571173],[-50.9662849,-20.549228000000003],[-50.9681771,-20.5276967],[-50.964591,-20.5222736],[-50.9675816,-20.5205447],[-50.96917809999999,-20.510667099999996],[-50.9825274,-20.495711],[-50.9801275,-20.491751499999996],[-50.9825714,-20.4831805],[-50.97901589999999,-20.472542899999997],[-50.980219299999995,-20.4585708],[-50.9861034,-20.4517709],[-50.9863424,-20.440311199999996],[-50.99420899999999,-20.429417],[-50.998580999999994,-20.414428],[-51.0135565,-20.4077966],[-51.02065999999999,-20.385857200000004],[-51.04963039999999,-20.3634605],[-51.06392,-20.341769000000003],[-51.07892199999999,-20.328211],[-51.0826315,-20.306639399999998],[-51.094402,-20.285407],[-51.10464799999999,-20.286392000000003],[-51.10938959999999,-20.280092199999995],[-51.0691631,-20.250049499999996],[-51.0589327,-20.235160699999994],[-51.048812,-20.198576900000003],[-51.02158479999999,-20.133348900000005],[-51.00119109999999,-20.0963348],[-51.000475,-20.0853844],[-50.9658345,-20.033590699999998],[-50.961895299999995,-20.031933299999995],[-50.9531779,-20.033877],[-50.947054099999995,-20.031252299999995],[-50.9336598,-20.014929200000005],[-50.9119029,-20.003078999999996],[-50.90813469999999,-19.994257399999995],[-50.89719939999999,-19.990155200000004],[-50.8728736,-19.989596600000002],[-50.85158299999999,-19.9697666],[-50.8173362,-19.958333200000002],[-50.790243499999995,-19.939585100000002],[-50.73541289999999,-19.930189],[-50.70899850000001,-19.9202217],[-50.661324099999995,-19.909002],[-50.6521026,-19.9014513],[-50.6319448,-19.870916600000005],[-50.605545199999995,-19.856088299999996],[-50.577948799999994,-19.816374399999997],[-50.56921109999999,-19.812787199999995],[-50.544873599999995,-19.810144799999996],[-50.5172129,-19.7964081],[-50.4989703,-19.7957843],[-50.4861992,-19.785650700000005],[-50.4719182,-19.7796558],[-50.44012479999999,-19.794096200000002],[-50.4171328,-19.801136499999995],[-50.394750099999996,-19.820673199999995],[-50.3729194,-19.845365699999995],[-50.357072599999995,-19.854581899999996],[-50.3527589,-19.864602399999995],[-50.34566120000001,-19.8675634],[-50.306410299999996,-19.874086000000002],[-50.285631,-19.867817899999995],[-50.2451559,-19.8767577],[-50.2156518,-19.866648399999992],[-50.207234899999996,-19.8663751],[-50.195983899999995,-19.8672423],[-50.1624139,-19.878314300000003],[-50.130412,-19.873671800000004],[-50.097243299999995,-19.875479],[-50.0795215,-19.885982],[-50.04723919999999,-19.915389599999997],[-50.015288399999996,-19.926357799999998],[-49.96215469999999,-19.9202241],[-49.90521789999999,-19.9374513],[-49.88833689999999,-19.945304899999996],[-49.8601579,-19.9443804],[-49.8555733,-19.946825],[-49.8352745,-19.933315],[-49.800462499999995,-19.931176],[-49.78245619999999,-19.924463099999997],[-49.7339569,-19.9261713],[-49.7121496,-19.931261499999998],[-49.6776257,-19.929576299999997],[-49.67597589999999,-19.9328271],[-49.6344053,-19.931932100000004],[-49.5972267,-19.9137364],[-49.5799283,-19.9094412],[-49.559203499999995,-19.9112073],[-49.55148520000001,-19.905840999999995],[-49.514004899999996,-19.9143115],[-49.50345279999999,-19.9199294],[-49.4927862,-19.950421200000005],[-49.458242,-19.975931],[-49.44451960000001,-19.9805118],[-49.3564865,-19.9867173],[-49.3366022,-19.9820846],[-49.311622,-19.964818199999996],[-49.29753779999999,-19.960545399999997],[-49.259505,-19.9638422],[-49.249647,-19.9695542],[-49.24643149999999,-19.9751613],[-49.24761939999999,-19.9977457],[-49.2582284,-20.0061014],[-49.283923599999994,-20.004771700000003],[-49.296310999999996,-20.015573799999995],[-49.2982158,-20.033434599999996],[-49.307255299999994,-20.060319299999996],[-49.308538,-20.103892899999998],[-49.30028759999999,-20.143343499999997],[-49.299246399999994,-20.167076099999992],[-49.28347529999999,-20.2000246],[-49.26427619999999,-20.231263],[-49.25908209999999,-20.248092],[-49.259156,-20.2602042],[-49.2286682,-20.303357399999996],[-49.22529399999999,-20.3053431],[-49.2029996,-20.304671199999994],[-49.19556059999999,-20.3088008],[-49.1918788,-20.3076144],[-49.1835625,-20.3146598],[-49.1712797,-20.311745799999997],[-49.17031769999999,-20.306454],[-49.1340118,-20.284468099999998],[-49.12071869999999,-20.270528199999994],[-49.093630899999994,-20.2895556],[-49.09454439999999,-20.297758199999997],[-49.0900388,-20.314277199999996],[-49.090346,-20.338151199999995],[-49.0860538,-20.346406],[-49.075516699999994,-20.356044399999995],[-49.0781749,-20.3696103],[-49.07580999999999,-20.374335699999996],[-49.0809886,-20.38772399999999],[-49.079814600000006,-20.393720499999997],[-49.0851962,-20.3992663],[-49.081413999999995,-20.408456499999996],[-49.0889594,-20.418981299999995],[-49.0996057,-20.4160735],[-49.1110522,-20.4248452],[-49.123819499999996,-20.457858],[-49.14359509999999,-20.4686887],[-49.13962109999999,-20.457729699999998],[-49.1412853,-20.4553349],[-49.1527508,-20.4640196],[-49.16510399999999,-20.459455799999994],[-49.1763233,-20.4743644],[-49.1810907,-20.4756935],[-49.205054,-20.4668251],[-49.2196068,-20.4718949],[-49.21175999999999,-20.4776556],[-49.2138808,-20.482204299999992],[-49.2111655,-20.5026453],[-49.188880399999995,-20.511458099999995],[-49.202517,-20.5294726],[-49.20014509999999,-20.5357099],[-49.175705099999995,-20.545916899999998],[-49.16821819999999,-20.5518128],[-49.1662632,-20.5548904],[-49.1683974,-20.5606008],[-49.1595462,-20.5721827],[-49.16156709999999,-20.57404349999999],[-49.1564116,-20.5742496],[-49.155374699999996,-20.576958499999996],[-49.150301,-20.576115099999996],[-49.14658889999999,-20.5821056],[-49.136114199999994,-20.582828],[-49.13357349999999,-20.587102099999996],[-49.1370012,-20.593632500000002],[-49.124978399999996,-20.5948495],[-49.11918039999999,-20.601025899999996],[-49.1241167,-20.6112752],[-49.1243166,-20.6231667],[-49.11600949999999,-20.624456499999997],[-49.1237932,-20.631577499999995],[-49.1249544,-20.6380795],[-49.1065712,-20.65164529999999],[-49.130019299999994,-20.658241699999998],[-49.12833599999999,-20.6627175],[-49.1214414,-20.6668242],[-49.12968649999999,-20.674668499999992],[-49.121076599999995,-20.683584499999995],[-49.1242462,-20.692128899999997],[-49.12195199999999,-20.7028929],[-49.1270973,-20.71056],[-49.1236096,-20.7134441],[-49.126328699999995,-20.715567499999995],[-49.12639229999999,-20.726741299999993],[-49.1217861,-20.7303306],[-49.1183337,-20.739841],[-49.114727699999996,-20.737241999999995],[-49.1084355,-20.739103],[-49.1106254,-20.742451000000003],[-49.1045586,-20.7425267],[-49.10565419999999,-20.7447151],[-49.0993513,-20.747577899999996],[-49.0954638,-20.7564883],[-49.0954672,-20.7670478],[-49.1052536,-20.779661899999997],[-49.0913665,-20.789268399999997],[-49.0930758,-20.8112961],[-49.0840772,-20.813844],[-49.0777777,-20.8114138],[-49.06405449999999,-20.8122158],[-49.05486629999999,-20.8187513],[-49.0543309,-20.8225738],[-49.046675699999994,-20.825585099999998],[-49.04166299999999,-20.835495],[-49.0343749,-20.837458800000004],[-49.023151999999996,-20.8504784],[-49.0161368,-20.854424399999996],[-49.00827199999999,-20.855237999999996],[-49.0004307,-20.8483469],[-48.984072299999994,-20.848482499999996],[-48.956083299999996,-20.868247999999998],[-48.95060889999999,-20.8670973],[-48.9473372,-20.870824000000002],[-48.9478811,-20.8779754],[-48.942487699999994,-20.8834568],[-48.9296197,-20.8817892],[-48.925561300000005,-20.8761542],[-48.9132234,-20.883243699999998],[-48.9094608,-20.8815687],[-48.903793199999996,-20.8870054],[-48.90625239999999,-20.8871919],[-48.90711559999999,-20.892289399999996],[-48.8997784,-20.895529500000002],[-48.8969921,-20.90294799999999],[-48.886615899999995,-20.904890200000004],[-48.8874501,-20.9105668],[-48.88302939999999,-20.9130157],[-48.87545119999999,-20.910013],[-48.8550048,-20.9135292],[-48.847895,-20.910847399999998],[-48.841107699999995,-20.913407700000004],[-48.8364939,-20.918290699999996],[-48.837408599999996,-20.921453699999997],[-48.8279804,-20.9254951],[-48.82753480000001,-20.929136700000004],[-48.823600299999995,-20.9315814],[-48.8165788,-20.926304],[-48.8122792,-20.930683300000002],[-48.8096872,-20.929561100000004],[-48.802624,-20.9375769],[-48.79800529999999,-20.9376753],[-48.792769,-20.9334993],[-48.785875499999996,-20.9338757],[-48.7833425,-20.937485799999997],[-48.777196,-20.9391425],[-48.7750539,-20.945468199999997],[-48.7674384,-20.950534399999995],[-48.760119499999995,-20.9450486],[-48.7528266,-20.9532267],[-48.7440241,-20.9556319],[-48.74694959999999,-20.9617798],[-48.7453295,-20.966219],[-48.7373301,-20.9631815],[-48.736899,-20.970900600000004],[-48.7279591,-20.981146199999998],[-48.72087200000001,-20.974480699999997],[-48.70847989999999,-20.980997000000002],[-48.7088371,-20.9910633],[-48.69771299999999,-20.994281499999992],[-48.701426399999995,-21.000300099999997],[-48.69917769999999,-21.005693500000003],[-48.6938133,-21.006897499999997],[-48.68842279999999,-21.0030666],[-48.6870733,-21.0103906],[-48.6774359,-21.011891199999997],[-48.6694577,-21.019958299999995],[-48.664547899999995,-21.0189659],[-48.6594435,-21.029838299999998],[-48.6412833,-21.033859399999997],[-48.63802689999999,-21.039468300000003],[-48.633125899999996,-21.034519499999995],[-48.629889199999994,-21.0374542],[-48.6311202,-21.0419572],[-48.6267995,-21.0427439],[-48.61985479999999,-21.039042799999994],[-48.614813299999994,-21.0403677],[-48.6111045,-21.048447299999996],[-48.6125471,-21.0504798],[-48.60027829999999,-21.0502023],[-48.5986714,-21.056980599999996],[-48.589711900000005,-21.058952399999995],[-48.57394889999999,-21.070670400000004],[-48.5716186,-21.0754841],[-48.5668126,-21.076170299999998],[-48.57046179999999,-21.091394399999995],[-48.577354099999994,-21.1008658],[-48.57172919999999,-21.114239999999995],[-48.57940099999999,-21.1220471],[-48.5902096,-21.1250901],[-48.597694999999995,-21.1431171],[-48.6406809,-21.139084099999998],[-48.6568212,-21.1453001],[-48.66488139999999,-21.145264399999995],[-48.66680449999999,-21.147911299999997],[-48.678014899999994,-21.1465537],[-48.697176299999995,-21.157309699999995],[-48.7062946,-21.158342399999995],[-48.7098984,-21.1624807],[-48.7187213,-21.161745200000002],[-48.728747799999994,-21.164888699999995],[-48.7268692,-21.172595299999998],[-48.7288149,-21.178119199999998],[-48.72558159999999,-21.179860799999997],[-48.7243671,-21.189809499999996],[-48.70870949999999,-21.2023882],[-48.7056166,-21.211047099999995],[-48.7005585,-21.2132204],[-48.69627919999999,-21.2203969],[-48.68080429999999,-21.220193099999996],[-48.6681943,-21.228582],[-48.65057879999999,-21.232735199999997],[-48.6532051,-21.239825299999996],[-48.6398222,-21.242318699999995],[-48.64064129999999,-21.248128700000002],[-48.631319299999994,-21.2555109],[-48.62988299999999,-21.2686498],[-48.6194318,-21.2878097],[-48.633037,-21.303618999999998],[-48.6399537,-21.3020207],[-48.64657059999999,-21.295390399999995],[-48.6525935,-21.299245199999998],[-48.654123299999995,-21.316016300000005],[-48.6626322,-21.325139199999995],[-48.66251449999999,-21.3340676],[-48.66974389999999,-21.3376534],[-48.6698089,-21.3536449],[-48.67679699999999,-21.3616955],[-48.68296,-21.3755062],[-48.6847235,-21.388336799999998],[-48.690816999999996,-21.394330100000005],[-48.7028542,-21.3929211],[-48.713665999999996,-21.3975408],[-48.7165917,-21.400628899999997],[-48.7146167,-21.4047981],[-48.723060999999994,-21.419459],[-48.73296080000001,-21.4176186],[-48.7398885,-21.4228045],[-48.7453041,-21.421613199999996],[-48.74735669999999,-21.4238789],[-48.75347579999999,-21.4205062],[-48.7568576,-21.4240061],[-48.774872499999994,-21.427379999999996],[-48.7821211,-21.4208882],[-48.790931400000005,-21.4180082],[-48.7942132,-21.4087816],[-48.804609199999994,-21.4130785],[-48.814159,-21.4116336],[-48.8190665,-21.407418699999997],[-48.82389669999999,-21.407977099999997],[-48.836067299999996,-21.3927607],[-48.8381764,-21.395534000000005],[-48.84918819999999,-21.3904399],[-48.85274119999999,-21.392849299999998],[-48.8766187,-21.3934079],[-48.8796397,-21.389511499999994],[-48.8919425,-21.384076199999996],[-48.90016529999999,-21.370584399999995],[-48.9483302,-21.3991662],[-48.94574,-21.412615900000002],[-48.949288599999996,-21.425989],[-48.955501299999995,-21.423789099999997],[-48.970041499999994,-21.425147999999997],[-48.9810953,-21.416050099999996],[-48.98654839999999,-21.4382734],[-48.9829612,-21.455380499999997],[-48.993258299999994,-21.456263500000002],[-49.0196104,-21.482431500000004],[-49.0384967,-21.48480719999999],[-49.040959599999994,-21.491572899999998],[-49.054825,-21.488523099999995],[-49.07247859999999,-21.476846699999996],[-49.0821645,-21.464533700000004],[-49.0858475,-21.465439699999997],[-49.0958366,-21.4825548],[-49.114140899999995,-21.498717099999997],[-49.11845329999999,-21.5154724],[-49.1330823,-21.516380099999996],[-49.13928299999999,-21.525670599999998],[-49.1493074,-21.5289358],[-49.1544912,-21.541224],[-49.1547551,-21.554394699999996],[-49.1636944,-21.560699599999996],[-49.165666099999996,-21.570488700000002],[-49.176516299999996,-21.577209699999994],[-49.18012629999999,-21.591135799999996],[-49.1874622,-21.595947],[-49.2014754,-21.5974954],[-49.2122184,-21.6048151],[-49.218428599999996,-21.604305799999995],[-49.2309799,-21.6208524],[-49.2410986,-21.6224333],[-49.2274006,-21.659535900000005],[-49.2132932,-21.671144399999992],[-49.218249,-21.6732849],[-49.238635599999995,-21.6708038],[-49.25356469999999,-21.6650511],[-49.2654256,-21.664352899999997],[-49.2827183,-21.6501628],[-49.29444289999999,-21.6298636],[-49.31212949999999,-21.6163121],[-49.320920799999996,-21.5964303],[-49.327168,-21.561982099999998],[-49.33503079999999,-21.550096700000005],[-49.3487182,-21.542635199999996],[-49.3770339,-21.5348989],[-49.4054559,-21.543992999999997],[-49.417979599999995,-21.5432996],[-49.43236639999999,-21.535327100000003],[-49.449244699999994,-21.521108099999992],[-49.484485199999995,-21.5034626],[-49.504138299999994,-21.4839986],[-49.5259124,-21.447344899999997],[-49.5445564,-21.431134700000005],[-49.5486076,-21.418770299999995],[-49.56084179999999,-21.4136051],[-49.587236,-21.3764398],[-49.602068300000006,-21.374435599999998],[-49.6284218,-21.354433699999998],[-49.6391762,-21.352311999999998],[-49.6595232,-21.352094299999997],[-49.6714866,-21.3491992],[-49.6786378,-21.3530105],[-49.68558889999999,-21.363492099999995],[-49.6958607,-21.36340819999999],[-49.6999463,-21.358035499999996],[-49.6964104,-21.342835099999995],[-49.700221,-21.3368839],[-49.711772599999996,-21.3349737],[-49.719282699999994,-21.338960099999998],[-49.7242496,-21.345619],[-49.7277927,-21.344924799999998],[-49.74582939999999,-21.315090500000004],[-49.7430036,-21.301383799999996],[-49.7453639,-21.2971332],[-49.753804,-21.297015999999996],[-49.7718211,-21.306184599999998],[-49.7834089,-21.2977314],[-49.80297959999999,-21.2923192],[-49.8167481,-21.2793725],[-49.8476578,-21.2718421],[-49.855755499999994,-21.260496499999995],[-49.868912099999996,-21.260726799999997],[-49.8846692,-21.248168399999997],[-49.9127403,-21.239572599999992],[-49.92112109999999,-21.22594],[-49.9282596,-21.2267755],[-49.9366518,-21.2327001],[-49.96206089999999,-21.2277122],[-49.97798589999999,-21.2297469],[-50.0002179,-21.2266555],[-50.0277253,-21.210727599999995],[-50.06059559999999,-21.215023999999996],[-50.0706251,-21.213296299999993],[-50.09098,-21.2203344],[-50.1139664,-21.2088479],[-50.132862,-21.192754399999995],[-50.13939729999999,-21.1698553],[-50.1483,-21.155583299999993],[-50.1467745,-21.143349099999995],[-50.151316099999995,-21.1398861],[-50.13299189999999,-21.129445599999997],[-50.1223692,-21.1169273],[-50.11561009999999,-21.1174066],[-50.113112,-21.107749599999995],[-50.1096611,-21.103440999999997],[-50.1034398,-21.1017431],[-50.1128443,-21.094086299999997],[-50.109234,-21.0874118],[-50.10747719999999,-21.0630001],[-50.0976364,-21.057108899999996],[-50.0899903,-21.0397474],[-50.0835627,-21.0390867],[-50.083787599999994,-21.034683799999996],[-50.0779351,-21.0323573],[-50.0813147,-21.0271398],[-50.07446939999999,-21.017472000000005],[-50.0680951,-21.013648299999996],[-50.0550375,-20.9973332],[-50.0438293,-20.9913107],[-50.0394456,-20.981057100000005],[-50.0329217,-20.97839009999999],[-50.022374,-20.943581700000003],[-50.0319042,-20.9332582],[-50.03668439999999,-20.943818499999992],[-50.04663500000001,-20.9403298],[-50.0506798,-20.931473999999998],[-50.0568162,-20.939873199999997],[-50.0621449,-20.939256],[-50.06176,-20.930927899999997],[-50.0655885,-20.920393599999993],[-50.072638,-20.9137797],[-50.0711837,-20.9104263],[-50.09268159999999,-20.886765199999996],[-50.105445599999996,-20.886298899999996],[-50.111890599999995,-20.8799885],[-50.1120543,-20.8763193],[-50.11641699999999,-20.8825432],[-50.1234953,-20.880039999999997],[-50.1328484,-20.882313499999995],[-50.149515799999996,-20.8732029],[-50.15830230000001,-20.8756694],[-50.187192499999995,-20.868323899999993],[-50.1976716,-20.860742299999995],[-50.2138143,-20.866050899999994],[-50.23542199999999,-20.847178699999997],[-50.2396884,-20.837517],[-50.24664099999999,-20.8386224],[-50.25301519999999,-20.835416999999996],[-50.261792299999996,-20.8355335],[-50.265369,-20.839043599999997],[-50.276759999999996,-20.8345269],[-50.2905883,-20.8357308],[-50.28703329999999,-20.8265377],[-50.29058679999999,-20.808820999999995],[-50.28252239999999,-20.798990299999996],[-50.27612669999999,-20.7737893],[-50.26738749999999,-20.760602499999997],[-50.2654228,-20.752183200000005],[-50.27289129999999,-20.733671599999997],[-50.2943054,-20.734472499999992],[-50.2961927,-20.712773099999996],[-50.30464,-20.7103949]]]}},{"type":"Feature","properties":{"u":15},"geometry":{"type":"Polygon","coordinates":[[[-48.7655256,-24.5866872],[-48.7530349,-24.588816999999995],[-48.7491822,-24.597209999999997],[-48.7493372,-24.604864399999997],[-48.74521849999999,-24.610715299999995],[-48.73907129999999,-24.6123045],[-48.7377129,-24.620066399999995],[-48.7346368,-24.6219838],[-48.7387321,-24.625688199999995],[-48.7326811,-24.630210899999998],[-48.73184189999999,-24.639991200000004],[-48.7600419,-24.645793],[-48.76741369999999,-24.6567314],[-48.77951259999999,-24.665056799999995],[-48.7936004,-24.6682479],[-48.80431589999999,-24.6672627],[-48.81080839999999,-24.674974499999998],[-48.8228368,-24.655296299999996],[-48.83045469999999,-24.6556096],[-48.8404009,-24.6649768],[-48.855008299999994,-24.655706899999995],[-48.85850489999999,-24.6576999],[-48.858251499999994,-24.661680099999998],[-48.8481204,-24.6698177],[-48.84787610000001,-24.6738782],[-48.8538737,-24.6751457],[-48.865394699999996,-24.667326199999998],[-48.8695416,-24.6696744],[-48.87846859999999,-24.6681917],[-48.884977799999994,-24.6704397],[-48.90992849999999,-24.670715799999996],[-48.912786399999995,-24.673508199999993],[-48.910191499999996,-24.6779471],[-48.915260399999994,-24.682912399999996],[-48.92242699999999,-24.6751869],[-48.9310236,-24.675652000000003],[-48.94247459999999,-24.672276099999998],[-48.94959879999999,-24.674846899999995],[-48.955101799999994,-24.684087699999996],[-48.9584529,-24.6852832],[-48.96103289999999,-24.684513199999998],[-48.963289399999994,-24.6732153],[-48.974926800000006,-24.671666999999996],[-48.9744299,-24.6668335],[-48.978627,-24.6649743],[-48.9878588,-24.6659022],[-48.9909288,-24.6552439],[-49.0007072,-24.655342499999996],[-49.009426999999995,-24.660369299999996],[-49.01067669999999,-24.6559755],[-49.0054025,-24.6391326],[-48.99926649999999,-24.6378551],[-49.0046777,-24.63323889999999],[-49.0183748,-24.642616499999995],[-49.03220879999999,-24.633831399999995],[-49.040033599999994,-24.6368465],[-49.0409828,-24.6432817],[-49.03287459999999,-24.6419422],[-49.0345676,-24.650049999999997],[-49.0395081,-24.653364699999997],[-49.0373997,-24.6604197],[-49.04550819999999,-24.666099899999995],[-49.0462554,-24.672698699999998],[-49.0518457,-24.6806952],[-49.0644047,-24.686025400000002],[-49.07015040000001,-24.6839649],[-49.07467489999999,-24.6734165],[-49.0798327,-24.672608799999995],[-49.0844055,-24.672975199999996],[-49.0852443,-24.6799337],[-49.0970872,-24.6818741],[-49.1000938,-24.676325],[-49.105590899999996,-24.6747117],[-49.10894079999999,-24.676548499999996],[-49.1088747,-24.6858485],[-49.1115946,-24.688352299999995],[-49.1223742,-24.682450699999997],[-49.1261732,-24.684176300000004],[-49.136071300000005,-24.675247099999993],[-49.148151199999994,-24.675276599999997],[-49.162523099999994,-24.671383199999998],[-49.16984769999999,-24.675603899999995],[-49.1805445,-24.671653],[-49.18712299999999,-24.6736981],[-49.19445979999999,-24.6830575],[-49.20501139999999,-24.6859624],[-49.2048454,-24.697504699999996],[-49.2098543,-24.7018472],[-49.21483069999999,-24.702228],[-49.2232588,-24.6985849],[-49.2573996,-24.696449999999995],[-49.2627586,-24.692538400000004],[-49.27568109999999,-24.6943759],[-49.294162500000006,-24.6758825],[-49.30539759999999,-24.6736498],[-49.3050182,-24.6690339],[-49.3120154,-24.6635327],[-49.2998835,-24.654042099999995],[-49.3016669,-24.649832399999998],[-49.30973509999999,-24.645761099999998],[-49.30637579999999,-24.642851899999997],[-49.31067399999999,-24.6401942],[-49.3137079,-24.6420622],[-49.31642810000001,-24.6389985],[-49.3133774,-24.637990199999997],[-49.3140712,-24.632066400000003],[-49.30707559999999,-24.6217381],[-49.314624599999995,-24.614264600000002],[-49.31312799999999,-24.604703699999995],[-49.30840229999999,-24.6034858],[-49.3035971,-24.596948699999995],[-49.3165653,-24.5879751],[-49.312352399999995,-24.586069699999996],[-49.31087219999999,-24.5809954],[-49.3135482,-24.5699884],[-49.31767769999999,-24.5666395],[-49.314638499999994,-24.562450999999992],[-49.31598939999999,-24.555508899999996],[-49.3097861,-24.553413000000003],[-49.3098163,-24.549927799999995],[-49.3070724,-24.549922899999995],[-49.3055731,-24.546391899999993],[-49.3028266,-24.550127299999996],[-49.2970901,-24.549609799999995],[-49.2925311,-24.55289],[-49.2922598,-24.5443015],[-49.280272,-24.5372649],[-49.28796309999999,-24.527064200000005],[-49.287116999999995,-24.5142033],[-49.29646199999999,-24.5018955],[-49.284284500000005,-24.494820999999998],[-49.2695737,-24.492310100000005],[-49.2712203,-24.483332899999997],[-49.265457899999994,-24.479329099999994],[-49.26385119999999,-24.474427299999995],[-49.2545682,-24.4739196],[-49.253737599999994,-24.470453599999995],[-49.2489852,-24.471505399999998],[-49.24692269999999,-24.469098],[-49.2489272,-24.464673999999995],[-49.2453174,-24.4651093],[-49.24533639999999,-24.4584137],[-49.2535489,-24.4557445],[-49.2505178,-24.4454195],[-49.2532326,-24.435936600000005],[-49.2406832,-24.422014800000003],[-49.2355492,-24.409552099999996],[-49.2378503,-24.4044728],[-49.243096699999995,-24.401888699999997],[-49.25023439999999,-24.413864899999997],[-49.2535003,-24.4050385],[-49.2378191,-24.3790201],[-49.2316478,-24.3750614],[-49.2161546,-24.3558903],[-49.2006785,-24.344413699999997],[-49.205946499999996,-24.338253999999996],[-49.22428719999999,-24.3402284],[-49.2312127,-24.330395199999998],[-49.24470219999999,-24.332175199999995],[-49.24887569999999,-24.330512599999995],[-49.2504366,-24.3193643],[-49.25815730000001,-24.316855899999997],[-49.261124699999996,-24.312403],[-49.2698211,-24.307174999999997],[-49.2734999,-24.308391799999995],[-49.274712,-24.3054811],[-49.2811169,-24.309657699999995],[-49.2838089,-24.3080629],[-49.290793,-24.293726399999997],[-49.2887126,-24.291794],[-49.2986741,-24.287808499999997],[-49.29520599999999,-24.285430499999997],[-49.30123499999999,-24.276303899999995],[-49.2987099,-24.268056499999997],[-49.3026241,-24.259140199999997],[-49.30867359999999,-24.258669700000002],[-49.3053741,-24.251431],[-49.312705900000005,-24.2433968],[-49.319623699999994,-24.2438065],[-49.319823899999996,-24.2381022],[-49.322678,-24.2359764],[-49.35067720000001,-24.2208009],[-49.3559578,-24.214512299999996],[-49.3557624,-24.209073699999994],[-49.3415441,-24.203122],[-49.346509399999995,-24.192413499999997],[-49.3398259,-24.1747945],[-49.3403453,-24.157179299999992],[-49.3324594,-24.1501208],[-49.3367954,-24.144909500000004],[-49.3365663,-24.1375819],[-49.341875699999996,-24.138388599999995],[-49.3435273,-24.135081799999995],[-49.361427899999995,-24.1281116],[-49.364933099999995,-24.123855700000004],[-49.36215549999999,-24.1200951],[-49.3683214,-24.118140400000005],[-49.3708465,-24.1143834],[-49.37799309999999,-24.1180929],[-49.38693279999999,-24.115870600000004],[-49.38909999999999,-24.119628699999996],[-49.393948599999995,-24.114103400000005],[-49.4091526,-24.108256199999996],[-49.4050025,-24.103575899999992],[-49.4078182,-24.097927599999995],[-49.404882099999995,-24.0958494],[-49.4122107,-24.092861999999997],[-49.414684699999995,-24.094980200000002],[-49.419262,-24.090820599999997],[-49.42198779999999,-24.0921714],[-49.427012,-24.087277999999998],[-49.43001069999999,-24.088536],[-49.4315369,-24.081083000000003],[-49.4290126,-24.078037399999992],[-49.4353899,-24.075094799999995],[-49.4297862,-24.068708800000003],[-49.4389829,-24.0687478],[-49.44020299999999,-24.0629564],[-49.4378235,-24.058786300000005],[-49.44984769999999,-24.056421700000005],[-49.4575401,-24.0494852],[-49.4626573,-24.038167399999995],[-49.46344309999999,-24.0274358],[-49.4737593,-24.027314900000004],[-49.4743817,-24.020059700000004],[-49.47960489999999,-24.0194396],[-49.481567399999996,-24.0240563],[-49.4871537,-24.024599799999997],[-49.4900451,-24.020113199999997],[-49.4861554,-24.0166329],[-49.4920688,-24.0142649],[-49.48348690000001,-24.011922],[-49.480571,-24.0061714],[-49.48618059999999,-24.0065759],[-49.486405,-24.000438699999997],[-49.4922699,-23.993378599999996],[-49.4981248,-23.993808299999998],[-49.493684699999996,-23.977595799999996],[-49.5044735,-23.967718699999992],[-49.507242399999996,-23.967393699999995],[-49.5107702,-23.971956199999997],[-49.5167568,-23.970122499999995],[-49.51370649999999,-23.964397399999996],[-49.499667499999994,-23.959209799999996],[-49.505668799999995,-23.954844099999995],[-49.5039222,-23.947173299999996],[-49.5102468,-23.9478598],[-49.5138758,-23.9444224],[-49.52109969999999,-23.946101799999997],[-49.524466499999996,-23.935153099999997],[-49.5103722,-23.9371559],[-49.508382,-23.9325393],[-49.5154003,-23.9304826],[-49.5116047,-23.925899899999997],[-49.5235972,-23.9162336],[-49.5269897,-23.9224293],[-49.5307614,-23.9225118],[-49.532208,-23.930105899999997],[-49.54643339999999,-23.923110699999995],[-49.556989699999995,-23.9227307],[-49.5544645,-23.915297300000002],[-49.56317189999999,-23.9123424],[-49.569518699999996,-23.899465],[-49.5773781,-23.897438300000005],[-49.57360150000001,-23.877954999999996],[-49.57801169999999,-23.8795547],[-49.585348599999996,-23.890428999999997],[-49.59192809999999,-23.874856199999996],[-49.602463799999995,-23.868281899999996],[-49.59890639999999,-23.858493799999994],[-49.61012519999999,-23.853191400000004],[-49.6105692,-23.850248399999998],[-49.60649099999999,-23.848022099999998],[-49.597545499999995,-23.849373],[-49.595481799999995,-23.846799199999996],[-49.60803789999999,-23.839379599999997],[-49.5985289,-23.836792200000005],[-49.5866731,-23.842260400000004],[-49.5926634,-23.8370502],[-49.5930077,-23.830302],[-49.587494,-23.8271395],[-49.572678399999994,-23.8270468],[-49.5682121,-23.821057799999995],[-49.5624279,-23.818485199999998],[-49.56006889999999,-23.8119307],[-49.5631045,-23.8019314],[-49.55968179999999,-23.793608399999997],[-49.549236099999995,-23.790451899999997],[-49.5365116,-23.793662399999995],[-49.5313238,-23.7995756],[-49.5227993,-23.8010608],[-49.5199332,-23.8067534],[-49.5174819,-23.803033199999998],[-49.50934569999999,-23.8042928],[-49.5033147,-23.7995035],[-49.5031031,-23.796587099999996],[-49.509326,-23.790326599999993],[-49.508683899999994,-23.786136199999998],[-49.49881539999999,-23.788722799999995],[-49.49051119999999,-23.781794599999998],[-49.47892939999999,-23.7782114],[-49.4706851,-23.7709084],[-49.4589295,-23.775859],[-49.45601559999999,-23.780019799999998],[-49.4502662,-23.778751699999997],[-49.447185399999995,-23.780762199999998],[-49.441837899999996,-23.778503699999998],[-49.43248289999999,-23.783247099999997],[-49.4270417,-23.781926],[-49.426237699999994,-23.7859889],[-49.41851419999999,-23.7851947],[-49.4138678,-23.7834948],[-49.398817599999994,-23.7644306],[-49.3832406,-23.758562500000004],[-49.379013699999994,-23.762059099999995],[-49.3823253,-23.762692200000004],[-49.3835855,-23.769027],[-49.38089349999999,-23.7727016],[-49.37733269999999,-23.7705594],[-49.37383450000001,-23.772000899999995],[-49.3760724,-23.7673361],[-49.371930500000005,-23.7686127],[-49.3671655,-23.7603917],[-49.3648548,-23.759337],[-49.3645092,-23.7626198],[-49.361444399999996,-23.759548599999995],[-49.3576208,-23.761073],[-49.359918,-23.7643253],[-49.3568537,-23.765172999999997],[-49.3628464,-23.770368600000005],[-49.355465599999995,-23.772455099999995],[-49.3559248,-23.774814099999997],[-49.3506946,-23.772111],[-49.3461541,-23.777031099999995],[-49.3409171,-23.776524999999992],[-49.3342068,-23.781545499999996],[-49.341872599999995,-23.770915200000005],[-49.342711099999995,-23.758443599999993],[-49.3370994,-23.7530425],[-49.337538599999995,-23.74934319999999],[-49.330397399999995,-23.744272499999994],[-49.31623729999999,-23.7412507],[-49.312132299999995,-23.7373638],[-49.3044025,-23.738560299999996],[-49.2949358,-23.736096799999995],[-49.2861014,-23.727396699999993],[-49.2762051,-23.725011999999996],[-49.27484299999999,-23.7221374],[-49.26343899999999,-23.7212733],[-49.25923879999999,-23.718524600000002],[-49.2561632,-23.7109314],[-49.247492799999996,-23.710419199999997],[-49.2451525,-23.7054274],[-49.2341437,-23.7082496],[-49.2280443,-23.7058471],[-49.2190821,-23.706563],[-49.196271800000005,-23.7132464],[-49.1862055,-23.708669399999998],[-49.1829092,-23.702418699999992],[-49.16778339999999,-23.693780799999995],[-49.158516399999996,-23.6938082],[-49.152513600000006,-23.6984937],[-49.1404018,-23.7011467],[-49.1415814,-23.712080899999997],[-49.1327337,-23.7214747],[-49.0327924,-23.677592299999997],[-49.02779209999999,-23.6535405],[-49.0246204,-23.649477299999997],[-49.0119551,-23.643669899999995],[-49.00689419999999,-23.6328249],[-48.994198399999995,-23.6425383],[-48.97858719999999,-23.630957399999996],[-48.979205799999995,-23.625034599999996],[-48.9765099,-23.622965499999992],[-48.9521489,-23.621103],[-48.946426699999996,-23.624180799999998],[-48.935898099999996,-23.620876700000004],[-48.9251536,-23.626426000000002],[-48.92378209999999,-23.623804899999996],[-48.9052839,-23.621164500000003],[-48.8894567,-23.6123604],[-48.867343299999995,-23.608146499999997],[-48.84239289999999,-23.5936016],[-48.83739150000001,-23.594489400000004],[-48.832036699999996,-23.6010775],[-48.820856899999995,-23.6064309],[-48.8184056,-23.6167319],[-48.8001695,-23.6392942],[-48.795023199999996,-23.641357699999997],[-48.7866398,-23.6385938],[-48.78095689999999,-23.6428024],[-48.7734221,-23.6349613],[-48.766728,-23.613589899999997],[-48.7578917,-23.6150573],[-48.7315951,-23.608600499999998],[-48.7260036,-23.601797599999994],[-48.7208448,-23.60020129999999],[-48.6976041,-23.602512600000004],[-48.6886052,-23.5982421],[-48.68167679999999,-23.588823999999995],[-48.6779753,-23.5876263],[-48.666213,-23.591879400000003],[-48.664945,-23.59454759999999],[-48.6554554,-23.596335199999995],[-48.65021029999999,-23.591171599999996],[-48.6459344,-23.5933482],[-48.640241499999995,-23.591027099999994],[-48.6335877,-23.5940524],[-48.62290659999999,-23.5944449],[-48.618521599999994,-23.587672499999993],[-48.613404599999996,-23.587850499999995],[-48.6137593,-23.592860600000005],[-48.60922159999999,-23.591911499999995],[-48.61099959999999,-23.587733099999994],[-48.60727179999999,-23.574943099999995],[-48.61271539999999,-23.569886699999998],[-48.61484159999999,-23.562403899999996],[-48.61988469999999,-23.5602932],[-48.6267542,-23.5619649],[-48.6296571,-23.559617199999998],[-48.6303789,-23.5457743],[-48.62239579999999,-23.542327099999998],[-48.62176869999999,-23.538213199999998],[-48.63416079999999,-23.539083399999996],[-48.64329779999999,-23.5443835],[-48.65232389999999,-23.5375002],[-48.6473324,-23.5220963],[-48.644623,-23.5206954],[-48.6363998,-23.526437599999998],[-48.63287609999999,-23.5223141],[-48.63391299999999,-23.5109323],[-48.6245379,-23.497118699999998],[-48.629722,-23.4885459],[-48.61517309999999,-23.4908137],[-48.6313424,-23.474622200000002],[-48.6427411,-23.4718918],[-48.6533732,-23.430490000000002],[-48.649369300000004,-23.4221657],[-48.65631489999999,-23.414057499999995],[-48.656098,-23.4096452],[-48.6414746,-23.4097528],[-48.63600879999999,-23.4053376],[-48.63312379999999,-23.397875100000004],[-48.63497199999999,-23.386172400000003],[-48.6318217,-23.365940399999996],[-48.627933199999994,-23.3563704],[-48.6323401,-23.3442863],[-48.647460599999995,-23.329077799999997],[-48.6247878,-23.325611599999995],[-48.6036526,-23.316211500000005],[-48.59050880000001,-23.314920999999995],[-48.579020199999995,-23.296597799999997],[-48.56749589999999,-23.2965667],[-48.55409759999999,-23.279363799999995],[-48.548337399999994,-23.2810449],[-48.5370618,-23.2731957],[-48.5207837,-23.272483499999996],[-48.518210499999995,-23.270169799999998],[-48.512192399999996,-23.2719351],[-48.5078155,-23.2669643],[-48.5044245,-23.269772200000002],[-48.4915389,-23.261133299999997],[-48.4652557,-23.2662453],[-48.45186339999999,-23.272535299999998],[-48.4428673,-23.270011299999997],[-48.43606669999999,-23.273392899999997],[-48.4185853,-23.262529800000003],[-48.406044699999995,-23.267630799999996],[-48.401122799999996,-23.2750806],[-48.4011878,-23.2875251],[-48.3928757,-23.2911163],[-48.3739638,-23.291570099999998],[-48.3624039,-23.2988835],[-48.3601458,-23.3030053],[-48.3591437,-23.296974900000002],[-48.36387229999999,-23.2917986],[-48.3564623,-23.2866124],[-48.3518735,-23.2894086],[-48.34777319999999,-23.2827676],[-48.334973999999995,-23.283611700000005],[-48.3421175,-23.270000799999995],[-48.310475999999994,-23.2649028],[-48.30594359999999,-23.2598771],[-48.299528699999996,-23.257790599999993],[-48.2904073,-23.2601357],[-48.287485399999994,-23.264287999999993],[-48.27690710000001,-23.2653484],[-48.27313339999999,-23.2737022],[-48.27684369999999,-23.2841259],[-48.273266199999995,-23.288414099999997],[-48.26084639999999,-23.277242299999994],[-48.2517865,-23.280971],[-48.2414317,-23.280234699999998],[-48.2376174,-23.290548199999996],[-48.2291907,-23.2924891],[-48.2248742,-23.299206999999996],[-48.2148848,-23.2973916],[-48.2112434,-23.3031629],[-48.20329809999999,-23.296385899999997],[-48.1941079,-23.2947418],[-48.1834869,-23.28175789999999],[-48.18409869999999,-23.276359499999998],[-48.17868549999999,-23.272163799999998],[-48.175617100000004,-23.274403299999996],[-48.16012169999999,-23.260605699999992],[-48.1517878,-23.265291899999998],[-48.14075199999999,-23.2658645],[-48.138755499999995,-23.2711956],[-48.12099719999999,-23.263592300000003],[-48.1075569,-23.254058799999996],[-48.09684159999999,-23.2514224],[-48.0959896,-23.246797799999996],[-48.08241639999999,-23.247320099999996],[-48.07954869999999,-23.242057100000004],[-48.06976699999999,-23.240593],[-48.06900039999999,-23.2321632],[-48.05251909999999,-23.231442199999996],[-48.030426899999995,-23.222557799999997],[-48.0263047,-23.2270185],[-48.02029389999999,-23.227956699999996],[-48.01275189999999,-23.223447399999998],[-47.99706919999999,-23.223841299999997],[-47.9822192,-23.2196527],[-47.9819099,-23.215613799999996],[-47.9766558,-23.214581399999997],[-47.971966599999995,-23.2086456],[-47.978589799999995,-23.201710300000002],[-47.9793086,-23.188761299999996],[-47.9701269,-23.189068799999998],[-47.9627167,-23.183012099999996],[-47.947112499999996,-23.181267699999996],[-47.945274,-23.178878400000002],[-47.94906939999999,-23.169550400000002],[-47.9278209,-23.157806799999996],[-47.922800099999996,-23.162275],[-47.8911544,-23.1605292],[-47.88509599999999,-23.1642489],[-47.87606689999999,-23.1600818],[-47.8598446,-23.171700799999996],[-47.8597706,-23.1757523],[-47.851476899999994,-23.1728147],[-47.83908989999999,-23.174281599999997],[-47.84077859999999,-23.1721206],[-47.8367908,-23.1686853],[-47.841386799999995,-23.162982500000002],[-47.8442106,-23.1641555],[-47.8448487,-23.158832699999998],[-47.8391956,-23.157997599999998],[-47.82789249999999,-23.1502878],[-47.817140499999994,-23.152644399999996],[-47.818912299999994,-23.132455300000004],[-47.830544599999996,-23.128914899999998],[-47.83598479999999,-23.1229248],[-47.8201217,-23.1255588],[-47.81389119999999,-23.1232652],[-47.81223169999999,-23.1173485],[-47.814753,-23.113561],[-47.806982999999995,-23.112715299999998],[-47.809641899999995,-23.108017699999998],[-47.80642579999999,-23.105144699999997],[-47.8106249,-23.096589799999993],[-47.821602899999995,-23.085502899999998],[-47.826977299999996,-23.084444900000005],[-47.8308551,-23.089231899999998],[-47.8372918,-23.087547599999997],[-47.83904960000001,-23.0829267],[-47.8264204,-23.080655000000004],[-47.8213329,-23.0724125],[-47.7918814,-23.048998500000003],[-47.790045199999994,-23.0428916],[-47.7619011,-23.038135299999997],[-47.76770849999999,-23.0296142],[-47.7837572,-23.032580899999992],[-47.79226349999999,-23.018073199999996],[-47.7820244,-23.0145427],[-47.76692,-23.015066499999993],[-47.74761699999999,-23.001701400000005],[-47.7571633,-22.997809299999997],[-47.76275640000001,-23.0024],[-47.78113849999999,-23.009138499999995],[-47.7823243,-23.003969],[-47.765700499999994,-22.986311599999997],[-47.7659915,-22.979994],[-47.7725118,-22.975544199999998],[-47.78968999999999,-22.980697099999997],[-47.796651399999995,-22.9782131],[-47.8057724,-22.9826232],[-47.81707399999999,-22.977752999999996],[-47.816289,-22.962901700000003],[-47.8254024,-22.950102500000003],[-47.826704899999996,-22.9422235],[-47.8243575,-22.940475999999997],[-47.82268849999999,-22.943569799999995],[-47.8204067,-22.942888700000005],[-47.8227696,-22.9359385],[-47.81959069999999,-22.930085699999996],[-47.823287099999995,-22.924979599999997],[-47.8169404,-22.921395400000005],[-47.81212719999999,-22.9225514],[-47.81055419999999,-22.916821100000003],[-47.813804399999995,-22.916023599999995],[-47.8144163,-22.9091001],[-47.8122265,-22.905150799999998],[-47.8069741,-22.904313100000003],[-47.80625539999999,-22.899321],[-47.8099749,-22.891399399999997],[-47.8072707,-22.8897126],[-47.8085359,-22.8863488],[-47.8061864,-22.8862982],[-47.8088846,-22.877745099999995],[-47.8069049,-22.876903999999996],[-47.7633276,-22.903995899999995],[-47.7575741,-22.914364099999997],[-47.7602476,-22.922151],[-47.7504882,-22.9270943],[-47.745903,-22.932832499999996],[-47.7225267,-22.933234899999995],[-47.72257679999999,-22.919705600000004],[-47.71431929999999,-22.912017000000002],[-47.7011879,-22.918662999999995],[-47.69850709999999,-22.931197899999997],[-47.67788389999999,-22.958518999999995],[-47.67725649999999,-22.968466599999992],[-47.67171189999999,-22.972446399999995],[-47.6699929,-22.9817993],[-47.6657544,-22.9841951],[-47.663812699999994,-22.9904703],[-47.6682988,-22.993780499999996],[-47.6600447,-22.997565500000004],[-47.658785,-23.006792499999996],[-47.6614629,-23.0088162],[-47.6628681,-23.0185137],[-47.660001799999996,-23.0249919],[-47.66131250000001,-23.028377199999998],[-47.653992,-23.035938],[-47.652072999999994,-23.043204],[-47.645315,-23.040406],[-47.629073999999996,-23.043668999999998],[-47.631499999999996,-23.054841],[-47.626280599999994,-23.068229],[-47.6264173,-23.075973899999997],[-47.6131208,-23.068829399999995],[-47.6028489,-23.070549299999996],[-47.5929378,-23.0763828],[-47.6041994,-23.0873228],[-47.60868719999999,-23.099263599999997],[-47.5813895,-23.103725399999995],[-47.572776499999996,-23.098344799999996],[-47.5674278,-23.098678099999997],[-47.563234599999994,-23.090685699999998],[-47.55303729999999,-23.098626099999997],[-47.5493757,-23.097375099999997],[-47.54201629999999,-23.098377399999997],[-47.5382735,-23.1016456],[-47.530359399999995,-23.101395],[-47.52862609999999,-23.0948139],[-47.509713399999995,-23.0913723],[-47.5012506,-23.094323199999998],[-47.4927075,-23.102317],[-47.48039250000001,-23.12499619999999],[-47.46938999999999,-23.123977],[-47.4650262,-23.1280615],[-47.468364699999995,-23.1166617],[-47.4653002,-23.1098863],[-47.4517575,-23.1059964],[-47.4339425,-23.106110199999996],[-47.42821049999999,-23.101092699999995],[-47.4202759,-23.1132218],[-47.4115361,-23.120051399999994],[-47.415592999999994,-23.126964799999993],[-47.4141961,-23.133469199999997],[-47.42007009999999,-23.140228099999998],[-47.422911,-23.149011799999993],[-47.423362399999995,-23.156792099999997],[-47.4185396,-23.1686776],[-47.413073399999995,-23.1647057],[-47.3983404,-23.161841300000003],[-47.387648,-23.152866],[-47.383828,-23.154488],[-47.381563,-23.150715999999996],[-47.37809299999999,-23.152491],[-47.37260599999999,-23.144455],[-47.361779999999996,-23.141474999999996],[-47.352039999999995,-23.132759],[-47.349641999999996,-23.117754],[-47.34208,-23.117187],[-47.33927599999999,-23.111152999999995],[-47.328608,-23.114122999999996],[-47.320776,-23.124362999999995],[-47.300717999999996,-23.112772999999997],[-47.305623999999995,-23.133952],[-47.299017,-23.139520000000005],[-47.29231,-23.155982],[-47.287027,-23.157654],[-47.2748,-23.151603999999992],[-47.270271,-23.145582],[-47.260270999999996,-23.146819],[-47.2553,-23.156452],[-47.258118,-23.161916000000005],[-47.257563,-23.169052000000004],[-47.251690999999994,-23.17292799999999],[-47.25176,-23.176461000000003],[-47.24535399999999,-23.182814999999998],[-47.238504999999996,-23.184474],[-47.23224199999999,-23.180697000000002],[-47.21461399999999,-23.184400000000004],[-47.212647999999994,-23.182455000000004],[-47.195375999999996,-23.186159],[-47.191843199999994,-23.192348999999997],[-47.1789479,-23.1964408],[-47.15662849999999,-23.2019471],[-47.1299684,-23.203211899999996],[-47.127714600000004,-23.2143962],[-47.1160354,-23.225058699999998],[-47.125602199999996,-23.2354607],[-47.12907409999999,-23.243859799999992],[-47.1462778,-23.255707299999997],[-47.16871629999999,-23.257744499999998],[-47.17742189999999,-23.2568001],[-47.18238229999999,-23.2480433],[-47.190983499999994,-23.246101399999997],[-47.19053009999999,-23.2737539],[-47.1807747,-23.293224699999996],[-47.1684842,-23.294010899999996],[-47.16675669999999,-23.3041622],[-47.1612867,-23.307669100000002],[-47.161782099999996,-23.3115911],[-47.1666191,-23.312504499999996],[-47.1614648,-23.320544600000005],[-47.164587399999995,-23.323703699999992],[-47.173755699999994,-23.325600899999998],[-47.171085899999994,-23.337846399999993],[-47.1654349,-23.3427677],[-47.14207319999999,-23.349109699999996],[-47.13679989999999,-23.358642899999996],[-47.13805339999999,-23.369075199999997],[-47.1317447,-23.3749375],[-47.1323781,-23.382053300000003],[-47.120774399999995,-23.375655700000003],[-47.1176721,-23.3766394],[-47.11708099999999,-23.3820296],[-47.1205365,-23.383225699999997],[-47.1216229,-23.403526699999997],[-47.10523979999999,-23.4017764],[-47.100924199999994,-23.404582399999995],[-47.0960909,-23.398391],[-47.09027569999999,-23.403056999999997],[-47.0831697,-23.4015962],[-47.080681799999994,-23.3945086],[-47.083877199999996,-23.391605399999996],[-47.080912,-23.3876386],[-47.081736,-23.381324799999998],[-47.09073370000001,-23.3864004],[-47.10110139999999,-23.386821499999996],[-47.1053189,-23.371663599999998],[-47.1026101,-23.3694847],[-47.0946348,-23.37122909999999],[-47.0962258,-23.367395199999997],[-47.0923733,-23.362717699999997],[-47.0921906,-23.356179899999997],[-47.0878128,-23.353230400000005],[-47.0821401,-23.357588299999996],[-47.070438499999995,-23.3590185],[-47.0658041,-23.357784799999997],[-47.0663202,-23.354519399999997],[-47.057072999999995,-23.3572472],[-47.044784299999996,-23.351111299999996],[-47.0399482,-23.358050399999993],[-47.0387472,-23.3690202],[-47.0295203,-23.373656899999997],[-47.030116299999996,-23.3786584],[-47.0368917,-23.3789998],[-47.042625400000006,-23.386746899999995],[-47.0361237,-23.399084699999996],[-47.039588699999996,-23.4038253],[-47.0372343,-23.407043200000004],[-47.039834799999994,-23.409934299999996],[-47.0374115,-23.411833],[-47.041209,-23.4161985],[-47.0412444,-23.4222704],[-47.035528,-23.4272473],[-47.037571,-23.435529],[-47.03156599999999,-23.441015999999994],[-47.02419199999999,-23.440778],[-47.016763999999995,-23.44572399999999],[-47.015542,-23.444024],[-47.010532,-23.445723000000005],[-47.010403999999994,-23.454799],[-47.013237,-23.45453],[-47.013989,-23.457648],[-47.011652,-23.464285000000004],[-47.017211,-23.472587],[-47.013662,-23.478063999999996],[-47.01784200000001,-23.483690999999997],[-47.013295,-23.485470999999997],[-47.001298999999996,-23.505307999999996],[-46.993703,-23.508334],[-46.99699799999999,-23.521966],[-46.9909324,-23.5278682],[-46.99691500000001,-23.532131999999997],[-47.013164,-23.536354],[-47.012224999999994,-23.550085],[-47.007162,-23.551351],[-47.006126,-23.554357999999997],[-47.01538999999999,-23.560243999999997],[-47.014393999999996,-23.563366000000002],[-47.020508,-23.567361],[-47.029897999999996,-23.568088999999997],[-47.02449899999999,-23.579607],[-47.0320503,-23.5832552],[-47.031181,-23.58895439999999],[-47.0412205,-23.6105741],[-47.0473341,-23.613998999999996],[-47.0493929,-23.6188388],[-47.05617829999999,-23.6187033],[-47.05979099999999,-23.629031999999995],[-47.058989,-23.639731999999995],[-47.06469599999999,-23.645462999999996],[-47.072657,-23.645366999999997],[-47.074503,-23.652491],[-47.082221,-23.653532999999996],[-47.081944,-23.664250999999993],[-47.08475599999999,-23.667155999999995],[-47.076672,-23.673305],[-47.075984,-23.680786999999995],[-47.0621606,-23.6824693],[-47.06298300000001,-23.689797500000005],[-47.059438199999995,-23.701959399999996],[-47.0624598,-23.708630999999993],[-47.05774509999999,-23.7126622],[-47.0563122,-23.7186885],[-47.05257159999999,-23.720399200000003],[-47.0471748,-23.7350571],[-47.0416476,-23.7368734],[-47.0354444,-23.735366599999995],[-47.033256699999995,-23.7374606],[-47.032243199999996,-23.7430481],[-47.0362733,-23.7535987],[-47.03465969999999,-23.7578962],[-47.0286012,-23.757359399999995],[-47.03353249999999,-23.7674574],[-47.023151999999996,-23.775075],[-47.01926799999999,-23.788647],[-47.01409799999999,-23.792211],[-47.008589,-23.79185],[-47.000501,-23.801682999999997],[-46.993183,-23.803449999999998],[-46.98602999999999,-23.800531999999997],[-46.984019999999994,-23.803046],[-46.98647,-23.808413999999996],[-46.994583,-23.811663],[-47.00724499999999,-23.815665999999997],[-47.01512199999999,-23.814487000000003],[-47.017564,-23.821326999999993],[-47.013039,-23.825096],[-47.01260799999999,-23.830741000000003],[-47.01478699999999,-23.835596],[-47.021713999999996,-23.836072],[-47.02869299999999,-23.846214999999997],[-47.03852599999999,-23.835291],[-47.0424093,-23.836077799999998],[-47.0407779,-23.838039400000003],[-47.0445135,-23.837339299999996],[-47.043194899999996,-23.840671499999996],[-47.0511035,-23.844187],[-47.0567479,-23.841593],[-47.0595799,-23.842977699999995],[-47.066044999999995,-23.837967400000004],[-47.065903199999994,-23.843489899999998],[-47.072649,-23.841852],[-47.10297049999999,-23.848848200000003],[-47.1075387,-23.848291399999994],[-47.1103329,-23.842423699999994],[-47.11726209999999,-23.8411486],[-47.118062599999995,-23.849753100000004],[-47.1234574,-23.8531051],[-47.125373800000006,-23.860632499999994],[-47.12982529999999,-23.8612821],[-47.13001719999999,-23.869325999999997],[-47.13231809999999,-23.8694218],[-47.133129600000004,-23.873324999999998],[-47.12663969999999,-23.874461099999998],[-47.12729929999999,-23.876592000000002],[-47.13321609999999,-23.879241099999994],[-47.1347216,-23.881830099999995],[-47.13325679999999,-23.8826276],[-47.132486899999996,-23.884448],[-47.139679699999995,-23.889927299999997],[-47.13663480000001,-23.889801299999995],[-47.1349254,-23.894357299999996],[-47.13910239999999,-23.8998718],[-47.144263499999994,-23.901442199999998],[-47.138172399999995,-23.903133499999996],[-47.138495299999995,-23.9049422],[-47.142707699999995,-23.911799699999996],[-47.156157799999995,-23.921258200000004],[-47.160003499999995,-23.935585199999995],[-47.1757494,-23.931806900000005],[-47.17897459999999,-23.933453499999995],[-47.1794427,-23.9373471],[-47.1827385,-23.930317400000003],[-47.1880229,-23.931089699999998],[-47.19133519999999,-23.928098799999997],[-47.1889898,-23.939590800000005],[-47.1942751,-23.941958900000003],[-47.200446799999995,-23.939151200000005],[-47.2008669,-23.949086700000002],[-47.193729999999995,-23.953420699999995],[-47.19555299999999,-23.958188199999995],[-47.20323189999999,-23.9593685],[-47.208521899999994,-23.964860999999996],[-47.20466729999999,-23.9714084],[-47.200828,-23.968905599999996],[-47.20109,-23.9733787],[-47.1977907,-23.972853100000002],[-47.1967638,-23.97604009999999],[-47.19373339999999,-23.9750051],[-47.194612199999995,-23.9820637],[-47.1892059,-23.991600899999998],[-47.1949701,-23.992258899999996],[-47.2003714,-24.00079939999999],[-47.2063747,-24.0032936],[-47.2113411,-24.0018482],[-47.221589099999996,-24.014554899999997],[-47.2305935,-24.0123924],[-47.233510499999994,-24.0173831],[-47.23849229999999,-24.016305099999997],[-47.2440182,-24.0218075],[-47.25033749999999,-24.020635899999995],[-47.2535274,-24.0240792],[-47.2568766,-24.020880099999996],[-47.252930799999994,-24.008333499999996],[-47.2572759,-24.005497799999997],[-47.2643043,-24.006982499999996],[-47.26056419999999,-24.014034499999998],[-47.2695642,-24.0152359],[-47.27110729999999,-24.0175483],[-47.27702579999999,-24.0148626],[-47.277651999999996,-24.011162999999993],[-47.2824437,-24.0150351],[-47.285902099999994,-24.0142126],[-47.2860255,-24.006392],[-47.301834400000004,-24.0116367],[-47.3103628,-24.008981199999997],[-47.3163907,-24.017053],[-47.3251425,-24.017509800000003],[-47.3285745,-24.014572999999995],[-47.33297929999999,-24.018098199999997],[-47.334429799999995,-24.0127189],[-47.342631299999994,-24.0138609],[-47.35628989999999,-24.0224626],[-47.355774000000004,-24.029556099999997],[-47.3630375,-24.0317731],[-47.3685903,-24.039171499999995],[-47.3683385,-24.042737],[-47.3718749,-24.041626600000004],[-47.3769459,-24.0484953],[-47.3859879,-24.0497831],[-47.38854469999999,-24.054725199999996],[-47.415568099999994,-24.0612381],[-47.41709399999999,-24.0661142],[-47.426122199999995,-24.069141399999996],[-47.4378451,-24.057486399999995],[-47.44817780000001,-24.053479099999993],[-47.44910589999999,-24.050486600000003],[-47.4579836,-24.0587444],[-47.4630673,-24.060160699999997],[-47.4623212,-24.069252199999998],[-47.46505309999999,-24.076326999999996],[-47.477328099999994,-24.0813234],[-47.482323099999995,-24.074499199999998],[-47.4922383,-24.0702213],[-47.4946936,-24.066018299999996],[-47.493805,-24.0587045],[-47.5029058,-24.049785699999997],[-47.5122671,-24.046401499999998],[-47.5301936,-24.046449000000003],[-47.5318926,-24.0436832],[-47.539362,-24.0419653],[-47.5394355,-24.0388577],[-47.543004399999994,-24.037201399999997],[-47.553669899999996,-24.0369096],[-47.55442599999999,-24.040419699999998],[-47.562186,-24.0391371],[-47.56248649999999,-24.0494132],[-47.570456,-24.078021899999996],[-47.582811799999995,-24.0754528],[-47.5919308,-24.088416899999995],[-47.5960099,-24.0797849],[-47.59745899999999,-24.0855671],[-47.61096409999999,-24.095923300000003],[-47.61600709999999,-24.1037926],[-47.6213597,-24.1060228],[-47.6231304,-24.1119739],[-47.6284538,-24.113987900000005],[-47.63386169999999,-24.112854600000002],[-47.63602949999999,-24.0996885],[-47.630153699999994,-24.0876312],[-47.630324099999996,-24.0757033],[-47.62031329999999,-24.068345000000004],[-47.6219266,-24.0641223],[-47.615454099999994,-24.059562099999994],[-47.6137533,-24.044684099999998],[-47.6229744,-24.041373099999994],[-47.62562549999999,-24.0343053],[-47.63681629999999,-24.038123199999998],[-47.63788769999999,-24.0438176],[-47.6409103,-24.039530599999996],[-47.6452899,-24.0420925],[-47.6492726,-24.041057499999997],[-47.6532555,-24.044720500000004],[-47.66098860000001,-24.0403916],[-47.67283590000001,-24.0411536],[-47.67620579999999,-24.0450912],[-47.6803041,-24.045261499999995],[-47.6850945,-24.0565705],[-47.702477599999995,-24.073781300000004],[-47.7089771,-24.0715918],[-47.72513119999999,-24.0809281],[-47.7256592,-24.0896022],[-47.73578049999999,-24.10298969999999],[-47.73410239999999,-24.1054976],[-47.72350169999999,-24.1065195],[-47.72585539999999,-24.1105948],[-47.7219662,-24.1132288],[-47.724713799999996,-24.1181054],[-47.736773799999995,-24.125203099999993],[-47.743846,-24.120846999999998],[-47.7507098,-24.1227949],[-47.7583581,-24.130715999999996],[-47.7727305,-24.1344468],[-47.7756963,-24.1277452],[-47.7870027,-24.1302477],[-47.792516899999995,-24.135092599999993],[-47.8017874,-24.1349532],[-47.80861610000001,-24.130770999999996],[-47.8169157,-24.1336843],[-47.82746170000001,-24.1335381],[-47.8311688,-24.1282101],[-47.83147389999999,-24.121790199999996],[-47.84696399999999,-24.1194426],[-47.8499478,-24.11672649999999],[-47.8518278,-24.1201484],[-47.858495399999995,-24.1226028],[-47.86328149999999,-24.113950600000003],[-47.856698599999994,-24.1021471],[-47.8615192,-24.089582999999998],[-47.8677763,-24.0864045],[-47.867782299999995,-24.0768163],[-47.8769876,-24.080862099999994],[-47.892725399999996,-24.078062799999998],[-47.90171689999999,-24.0896324],[-47.9019456,-24.093811299999995],[-47.905631899999996,-24.0932174],[-47.917393,-24.100544899999996],[-47.9382211,-24.0994693],[-47.93895,-24.1042959],[-47.9455563,-24.109086499999997],[-47.9465439,-24.117532099999995],[-47.95050839999999,-24.120108999999996],[-47.95779249999999,-24.115368800000002],[-47.980779,-24.1133823],[-48.0087538,-24.1354029],[-48.0121682,-24.135015499999998],[-48.0133098,-24.129550199999997],[-48.0174068,-24.128646900000003],[-48.0227075,-24.1309208],[-48.0241575,-24.134688999999998],[-48.049922099999996,-24.1378952],[-48.0572788,-24.147385399999997],[-48.0532766,-24.149930799999993],[-48.0507222,-24.1566659],[-48.060139099999994,-24.1591346],[-48.0569456,-24.163641899999995],[-48.059718499999995,-24.183359299999996],[-48.06672879999999,-24.1831787],[-48.081854899999996,-24.1933805],[-48.0846688,-24.191162],[-48.0879705,-24.193788799999997],[-48.0943539,-24.1935414],[-48.0939916,-24.2007399],[-48.098600899999994,-24.2020712],[-48.1144613,-24.1997286],[-48.11804849999999,-24.194845500000003],[-48.124749099999995,-24.1974233],[-48.141261500000006,-24.194518899999995],[-48.14350079999999,-24.200687499999997],[-48.1384425,-24.208594699999995],[-48.14621209999999,-24.2131533],[-48.14368559999999,-24.2205043],[-48.1468236,-24.226116299999997],[-48.143733999999995,-24.2277146],[-48.144914099999994,-24.231695999999996],[-48.148364199999996,-24.2331966],[-48.14822469999999,-24.2293423],[-48.1543473,-24.22925],[-48.154610899999994,-24.2322508],[-48.1654248,-24.238240599999997],[-48.1711126,-24.245040099999997],[-48.1967875,-24.254816500000004],[-48.2002862,-24.261706699999998],[-48.20494419999999,-24.263289899999997],[-48.23834999999999,-24.263828299999997],[-48.24347389999999,-24.2594767],[-48.25289539999999,-24.2578359],[-48.2632539,-24.273353400000005],[-48.283615299999994,-24.2839889],[-48.27502669999999,-24.2963987],[-48.2818337,-24.2982522],[-48.29212819999999,-24.2943474],[-48.29986589999999,-24.3067833],[-48.30545639999999,-24.304537399999997],[-48.31816859999999,-24.3136597],[-48.3292349,-24.3118842],[-48.3299433,-24.303670199999996],[-48.3242584,-24.2955405],[-48.3256006,-24.2919495],[-48.3308122,-24.2905892],[-48.3394625,-24.2928579],[-48.3424375,-24.286632900000004],[-48.35232539999999,-24.288023499999998],[-48.35995509999999,-24.2823798],[-48.381250599999994,-24.30302319999999],[-48.38859179999999,-24.306393999999997],[-48.39423819999999,-24.2969326],[-48.39385469999999,-24.292189100000005],[-48.3985436,-24.2906128],[-48.3997385,-24.285324399999997],[-48.4064398,-24.2837533],[-48.408378400000004,-24.277813399999996],[-48.405640999999996,-24.2737756],[-48.41069519999999,-24.267630399999998],[-48.4294594,-24.266729000000005],[-48.431123299999996,-24.263747699999996],[-48.4386481,-24.262621699999997],[-48.4447852,-24.2649755],[-48.45155059999999,-24.263498099999996],[-48.4537444,-24.255301299999996],[-48.457585599999994,-24.252680399999996],[-48.46466889999999,-24.273428499999994],[-48.45925199999999,-24.280897400000004],[-48.452642,-24.284332899999992],[-48.4551246,-24.294955299999998],[-48.4581727,-24.294841999999996],[-48.46514559999999,-24.286066999999992],[-48.4706796,-24.288562900000002],[-48.4724649,-24.2853155],[-48.4759803,-24.289557899999995],[-48.496106899999994,-24.2800942],[-48.503493399999996,-24.288069799999995],[-48.5007391,-24.2938668],[-48.504874799999996,-24.3000906],[-48.503838599999995,-24.303127],[-48.514253999999994,-24.305900899999997],[-48.5157245,-24.309798099999995],[-48.521628099999994,-24.308932199999997],[-48.5232975,-24.3198429],[-48.52991339999999,-24.317142599999997],[-48.53410769999999,-24.320788299999997],[-48.538907099999996,-24.3177939],[-48.5401461,-24.312957899999997],[-48.5488171,-24.305998099999996],[-48.552110299999995,-24.289757],[-48.560611599999994,-24.2875861],[-48.5673964,-24.298092300000004],[-48.5906796,-24.315078300000003],[-48.591937099999996,-24.320909199999996],[-48.6008857,-24.3330756],[-48.60517329999999,-24.3322122],[-48.608027099999994,-24.338736999999995],[-48.58958799999999,-24.3421523],[-48.578421299999995,-24.332785],[-48.5775332,-24.3376961],[-48.5675934,-24.336374999999997],[-48.5612944,-24.340787599999995],[-48.544114,-24.334213999999996],[-48.5355611,-24.3475385],[-48.522523299999996,-24.340157099999992],[-48.5136035,-24.3383067],[-48.50155,-24.3482542],[-48.5051319,-24.3559091],[-48.490610499999995,-24.370223299999996],[-48.4921,-24.3774877],[-48.4899416,-24.377080099999997],[-48.4950643,-24.3859125],[-48.49329899999999,-24.3875344],[-48.497617,-24.389580899999995],[-48.50271490000001,-24.3871155],[-48.504284399999996,-24.396121699999995],[-48.5078565,-24.394310299999997],[-48.5108657,-24.402570200000003],[-48.518004399999995,-24.403109599999997],[-48.517718699999996,-24.407543900000004],[-48.520710599999994,-24.4068976],[-48.5228144,-24.411500900000004],[-48.519026800000006,-24.4150907],[-48.5200181,-24.418106699999996],[-48.516328599999994,-24.419563899999996],[-48.524443600000005,-24.421734299999997],[-48.5250215,-24.425139499999997],[-48.5359122,-24.434386199999995],[-48.5495645,-24.440458699999997],[-48.57351359999999,-24.4337638],[-48.5808894,-24.4379799],[-48.586688599999995,-24.4348419],[-48.59404190000001,-24.4427311],[-48.6013426,-24.4445726],[-48.6132396,-24.4530637],[-48.61458379999999,-24.457926499999996],[-48.61805819999999,-24.4429826],[-48.63072509999999,-24.437484600000005],[-48.63201649999999,-24.446582699999997],[-48.6286824,-24.450045700000004],[-48.6316047,-24.457828699999997],[-48.64522889999999,-24.459599499999996],[-48.6498395,-24.455776],[-48.654634,-24.4560909],[-48.656419199999995,-24.4607405],[-48.67352509999999,-24.473396499999996],[-48.6745842,-24.4784048],[-48.668257100000005,-24.476913000000003],[-48.6670315,-24.479820899999996],[-48.6739125,-24.488704300000002],[-48.6878459,-24.494798399999997],[-48.687875399999996,-24.500802299999997],[-48.698571199999996,-24.5065615],[-48.703852,-24.505171799999996],[-48.70536369999999,-24.509637699999992],[-48.7153552,-24.511434499999996],[-48.725040099999994,-24.5185802],[-48.7278857,-24.527553499999996],[-48.75331229999999,-24.540401499999998],[-48.76066019999999,-24.5466226],[-48.777631,-24.552381099999995],[-48.779633999999994,-24.556287499999996],[-48.7891836,-24.558152100000004],[-48.78091129999999,-24.5660184],[-48.7894769,-24.572096],[-48.781773699999995,-24.5789356],[-48.7838035,-24.5845843],[-48.78005509999999,-24.5869109],[-48.7807761,-24.5897458],[-48.7655256,-24.5866872]]]}},{"type":"Feature","properties":{"u":16},"geometry":{"type":"MultiPolygon","coordinates":[[[[-45.691311299999995,-24.090901799999997],[-45.6879263,-24.0984776],[-45.6843664,-24.0963743],[-45.6799297,-24.097798099999995],[-45.69108909999999,-24.1055474],[-45.6986621,-24.106365999999998],[-45.7002726,-24.109538999999998],[-45.706277,-24.113172100000003],[-45.70658989999999,-24.1104593],[-45.7019754,-24.109678499999998],[-45.7039837,-24.1059071],[-45.70097890000001,-24.106231999999995],[-45.6919395,-24.096713999999995],[-45.691311299999995,-24.090901799999997]]],[[[-45.70161,-24.095859599999997],[-45.7022865,-24.095588],[-45.7018075,-24.0954892],[-45.70161,-24.095859599999997]]],[[[-45.7043774,-24.093954599999996],[-45.7051369,-24.093538800000005],[-45.704235999999995,-24.093536399999998],[-45.7043774,-24.093954599999996]]],[[[-45.658411099999995,-24.088964599999997],[-45.6590989,-24.0889464],[-45.658313799999995,-24.0886896],[-45.658411099999995,-24.088964599999997]]],[[[-45.6629769,-24.083652900000004],[-45.6635231,-24.082767399999998],[-45.6631847,-24.082539499999996],[-45.6629769,-24.083652900000004]]],[[[-45.71610539999999,-24.0795346],[-45.71721649999999,-24.080112399999997],[-45.7165597,-24.079346999999995],[-45.71610539999999,-24.0795346]]],[[[-45.7167029,-24.076670599999996],[-45.71810039999999,-24.076606399999996],[-45.7167029,-24.076152099999995],[-45.7167029,-24.076670599999996]]],[[[-45.6553667,-24.074919499999996],[-45.65605179999999,-24.0769204],[-45.65621819999999,-24.0768989],[-45.6553667,-24.074919499999996]]],[[[-45.7741227,-23.860855899999994],[-45.7770824,-23.868649099999992],[-45.7813665,-23.870934499999997],[-45.7869762,-23.868467200000005],[-45.7846545,-23.859699699999997],[-45.7781045,-23.857768800000002],[-45.7741227,-23.860855899999994]]],[[[-45.5425407,-23.8277414],[-45.541179899999996,-23.828375],[-45.542683499999995,-23.828865799999996],[-45.5425407,-23.8277414]]],[[[-45.66806699999999,-23.8033261],[-45.6701434,-23.807017499999997],[-45.671480100000004,-23.8072787],[-45.66806699999999,-23.8033261]]],[[[-45.72030019999999,-23.798698499999997],[-45.714807199999996,-23.8033651],[-45.7163052,-23.8062702],[-45.71686449999999,-23.8041396],[-45.7261853,-23.8022957],[-45.72030019999999,-23.798698499999997]]],[[[-45.7046699,-23.786896399999993],[-45.71091969999999,-23.789902899999998],[-45.71766259999999,-23.7935449],[-45.71109299999999,-23.787159799999998],[-45.7046699,-23.786896399999993]]],[[[-45.7990139,-23.7733075],[-45.8007323,-23.773071500000004],[-45.7989338,-23.772804599999997],[-45.7990139,-23.7733075]]],[[[-45.7464423,-23.771691199999996],[-45.7472534,-23.7718801],[-45.746635999999995,-23.771326],[-45.7464423,-23.771691199999996]]],[[[-45.75339269999999,-23.769463699999996],[-45.753761399999995,-23.769755300000003],[-45.7537638,-23.769448099999998],[-45.75339269999999,-23.769463699999996]]],[[[-45.522537099999994,-23.8298343],[-45.5371553,-23.830802],[-45.5397046,-23.828832],[-45.533392,-23.8233564],[-45.534622799999994,-23.8183072],[-45.5444862,-23.8090723],[-45.554741099999994,-23.810405199999998],[-45.552068999999996,-23.8050294],[-45.553955599999995,-23.8009457],[-45.5566095,-23.801097799999997],[-45.5540365,-23.797127499999995],[-45.5601955,-23.792531599999997],[-45.5875578,-23.7926744],[-45.59025389999999,-23.796564399999998],[-45.5925273,-23.795141900000004],[-45.59678379999999,-23.798704599999997],[-45.61581929999999,-23.799235299999996],[-45.6178218,-23.8041223],[-45.6231068,-23.8050813],[-45.6266185,-23.7999921],[-45.6240498,-23.795831399999997],[-45.62450789999999,-23.791488599999994],[-45.6275285,-23.790737999999997],[-45.6255157,-23.787101199999995],[-45.6330928,-23.783639500000003],[-45.6421305,-23.784578699999997],[-45.640642099999994,-23.781892999999997],[-45.64360349999999,-23.777592399999993],[-45.6478926,-23.780166700000002],[-45.6492324,-23.777991500000002],[-45.6582287,-23.778973000000004],[-45.6659314,-23.7859501],[-45.664077999999996,-23.778985799999997],[-45.6727562,-23.774801800000002],[-45.6844531,-23.7753068],[-45.68487669999999,-23.7784862],[-45.6888177,-23.7783726],[-45.692612999999994,-23.7827354],[-45.696845,-23.780337],[-45.6949866,-23.774929200000003],[-45.7013447,-23.7726602],[-45.7027459,-23.774508899999997],[-45.709324699999996,-23.770686400000002],[-45.7175248,-23.774634799999998],[-45.722502999999996,-23.771113400000004],[-45.740119299999996,-23.7676597],[-45.7523328,-23.767653000000003],[-45.757041,-23.770635499999997],[-45.76243229999999,-23.767564799999995],[-45.7614796,-23.764091899999997],[-45.7675158,-23.7624323],[-45.77640089999999,-23.763057699999997],[-45.77965149999999,-23.766138699999996],[-45.7814014,-23.764227399999996],[-45.7850002,-23.766683299999997],[-45.7906738,-23.7660501],[-45.7925174,-23.769260799999998],[-45.8041089,-23.769872599999996],[-45.80173369999999,-23.7629406],[-45.8077114,-23.759107199999992],[-45.842402299999996,-23.758195999999995],[-45.79487799999999,-23.715684],[-45.799599,-23.693202],[-45.796058,-23.682972],[-45.791386,-23.683131],[-45.786410999999994,-23.678393999999997],[-45.784444,-23.681609],[-45.77765699999999,-23.683061],[-45.76943239999999,-23.6785313],[-45.763488,-23.671052999999993],[-45.7416925,-23.668168699999992],[-45.73365669999999,-23.656420999999998],[-45.727767199999995,-23.655667199999996],[-45.7138286,-23.643039899999994],[-45.70749820000001,-23.644773199999996],[-45.7016741,-23.635467799999997],[-45.694814099999995,-23.630828100000002],[-45.7057963,-23.6016762],[-45.7153279,-23.608783],[-45.721454,-23.606336100000004],[-45.7214957,-23.5999336],[-45.72391679999999,-23.598177999999997],[-45.7334344,-23.6031548],[-45.743752699999995,-23.6020893],[-45.7340867,-23.5930682],[-45.73393209999999,-23.5867135],[-45.740381299999996,-23.5850474],[-45.730937,-23.574487100000002],[-45.73337359999999,-23.57208749999999],[-45.7415361,-23.572152300000003],[-45.74612739999999,-23.566128299999995],[-45.741246999999994,-23.561361499999997],[-45.7470908,-23.554633299999995],[-45.7460907,-23.5398288],[-45.75398059999999,-23.531966],[-45.754198,-23.5261875],[-45.7605365,-23.524009199999995],[-45.7619432,-23.518480499999992],[-45.75588449999999,-23.5113349],[-45.76360509999999,-23.511206],[-45.7720752,-23.507153],[-45.7884429,-23.509150699999992],[-45.791148299999996,-23.5063271],[-45.7880148,-23.493584700000003],[-45.79520409999999,-23.4912151],[-45.81333949999999,-23.4996701],[-45.81830339999999,-23.489635399999997],[-45.835352,-23.482867799999998],[-45.836548,-23.4752911],[-45.8402627,-23.472111699999996],[-45.84674389999999,-23.4741286],[-45.8521024,-23.480796499999997],[-45.865799,-23.4833465],[-45.8716057,-23.4898875],[-45.8775914,-23.4899587],[-45.882723,-23.495391199999997],[-45.8876884,-23.4924814],[-45.89013979999999,-23.4963969],[-45.8989794,-23.4986477],[-45.90406389999999,-23.505310400000003],[-45.917451400000004,-23.505789799999995],[-45.92151809999999,-23.50053309999999],[-45.9393777,-23.4943655],[-45.94660499999999,-23.495973199999998],[-45.9497086,-23.500508200000002],[-45.9610003,-23.498816999999992],[-45.9616508,-23.496336399999997],[-45.95575289999999,-23.493799299999996],[-45.956984,-23.4888292],[-45.96835339999999,-23.475452199999996],[-45.9600467,-23.468248699999997],[-45.95690439999999,-23.4686072],[-45.95224869999999,-23.4497456],[-45.959591499999995,-23.442534799999997],[-45.9670468,-23.4273669],[-45.97653689999999,-23.428471799999997],[-45.9797063,-23.4184134],[-45.98394179999999,-23.4204634],[-45.99118669999999,-23.417520099999994],[-46.001424699999994,-23.3861069],[-46.0105398,-23.384272499999998],[-46.015694,-23.3911748],[-46.0222132,-23.3876312],[-46.0266103,-23.3921001],[-46.04128699999999,-23.3843571],[-46.060572900000004,-23.357791599999995],[-46.0635062,-23.358826399999998],[-46.0678272,-23.354970599999998],[-46.06796709999999,-23.348766699999995],[-46.0737088,-23.342154600000004],[-46.079966299999995,-23.3415073],[-46.098993,-23.326004],[-46.098649,-23.309239000000005],[-46.101475,-23.308598],[-46.102695999999995,-23.302993],[-46.11381399999999,-23.299334999999996],[-46.113807,-23.285690999999996],[-46.119359,-23.285481999999995],[-46.12339,-23.290215],[-46.127315,-23.287191],[-46.136674,-23.287506999999998],[-46.145215,-23.273663],[-46.150958,-23.274343000000002],[-46.15354299999999,-23.265824999999996],[-46.145745999999995,-23.256827],[-46.156940999999996,-23.25492],[-46.157508,-23.2423],[-46.153198999999994,-23.235704999999996],[-46.165017,-23.235146],[-46.170229,-23.230155],[-46.174416,-23.231124],[-46.183961999999994,-23.224183],[-46.189094000000004,-23.224376],[-46.196283,-23.218792999999994],[-46.196077,-23.210269],[-46.202374999999996,-23.207817],[-46.20488199999999,-23.209673999999996],[-46.218588999999994,-23.197433999999994],[-46.224675,-23.196238],[-46.227906999999995,-23.189244999999996],[-46.24425,-23.185888],[-46.25059499999999,-23.189007],[-46.263588999999996,-23.184860999999998],[-46.259620999999996,-23.180013999999993],[-46.261423,-23.173825999999995],[-46.2562043,-23.172328799999992],[-46.2569649,-23.1595547],[-46.2471255,-23.1551028],[-46.2352344,-23.135443299999995],[-46.22604619999999,-23.1368976],[-46.22674829999999,-23.1279248],[-46.2215501,-23.1230164],[-46.2184944,-23.1237989],[-46.218199999999996,-23.117261000000003],[-46.21425899999999,-23.11442],[-46.215061,-23.108424],[-46.208866,-23.106682],[-46.210482999999996,-23.104602],[-46.20521899999999,-23.093062],[-46.204872,-23.08442399999999],[-46.194807999999995,-23.077932],[-46.180330999999995,-23.079393],[-46.175008,-23.075863999999996],[-46.173525999999995,-23.070824999999996],[-46.17038999999999,-23.071622999999995],[-46.16144,-23.066121999999996],[-46.162292,-23.063157],[-46.15886,-23.061528],[-46.158941,-23.049925000000005],[-46.140471999999995,-23.038840999999994],[-46.141985999999996,-23.028503],[-46.133942,-23.026244],[-46.125167,-23.008991],[-46.09439999999999,-22.997240999999995],[-46.08969499999999,-22.993326],[-46.08656,-22.985004999999997],[-46.081454,-22.985104000000003],[-46.07769699999999,-22.977276],[-46.067217,-22.980195999999996],[-46.063635,-22.974571000000005],[-46.057019999999994,-22.973059],[-46.051766,-22.968037999999993],[-46.049096,-22.954915],[-46.053231000000004,-22.949977999999998],[-46.048634,-22.932793000000004],[-46.042556999999995,-22.926390999999995],[-46.041,-22.915445],[-46.0443,-22.905334],[-46.049688,-22.903657999999997],[-46.050906,-22.897947999999996],[-46.04284299999999,-22.891137],[-46.026798,-22.88487599999999],[-46.018733999999995,-22.888459],[-46.012792999999995,-22.885989999999996],[-46.007734,-22.889382999999995],[-46.001451,-22.880035999999997],[-45.993811,-22.879105],[-45.99038399999999,-22.876021],[-45.99309199999999,-22.86981],[-45.980403,-22.866955999999995],[-45.974743,-22.868097000000002],[-45.973461,-22.863116999999995],[-45.96419099999999,-22.855422],[-45.960332,-22.858242],[-45.956529,-22.849841],[-45.95166699999999,-22.848947999999996],[-45.95114499999999,-22.845878999999996],[-45.938812,-22.846470999999998],[-45.923912,-22.831973999999995],[-45.923196,-22.824997],[-45.912302,-22.816378000000004],[-45.904626,-22.819654],[-45.90905699999999,-22.829299],[-45.90387499999999,-22.836944],[-45.89367299999999,-22.838954000000005],[-45.891156,-22.845773999999995],[-45.894211,-22.848925],[-45.892345,-22.852642],[-45.894321,-22.856944],[-45.88938,-22.860639000000003],[-45.888525,-22.876005999999997],[-45.879766999999994,-22.875454000000005],[-45.87038509999999,-22.869413],[-45.86385219999999,-22.868710299999996],[-45.8573023,-22.858728099999997],[-45.8572787,-22.851178999999995],[-45.8500817,-22.846923999999998],[-45.8481273,-22.8378307],[-45.8396742,-22.8325226],[-45.8294911,-22.834888999999997],[-45.823366,-22.829887],[-45.81518719999999,-22.834403199999997],[-45.80980199999999,-22.8293866],[-45.80285,-22.833793399999998],[-45.800594499999995,-22.847629399999995],[-45.7918837,-22.858327899999992],[-45.7818841,-22.8552572],[-45.7794691,-22.850691199999996],[-45.770319699999995,-22.8468074],[-45.766964900000005,-22.842346499999998],[-45.7709451,-22.805926799999998],[-45.75902129999999,-22.8010296],[-45.75491730000001,-22.792912199999996],[-45.7486445,-22.7922964],[-45.74290379999999,-22.795357000000003],[-45.7417069,-22.8079167],[-45.7287746,-22.8101865],[-45.7227755,-22.816317400000003],[-45.7135809,-22.8147857],[-45.7143286,-22.8086291],[-45.720307399999996,-22.808265900000002],[-45.72224899999999,-22.8029856],[-45.7303336,-22.798594199999997],[-45.729029,-22.785237499999997],[-45.7251047,-22.784262000000002],[-45.7224947,-22.779460099999998],[-45.7168032,-22.779979199999996],[-45.7118188,-22.7715159],[-45.71341219999999,-22.7569472],[-45.71775469999999,-22.7551815],[-45.717319999999994,-22.748141199999996],[-45.730441500000005,-22.726480299999995],[-45.7281403,-22.7236836],[-45.7564638,-22.721039999999995],[-45.77596539999999,-22.73209419999999],[-45.782014,-22.7317897],[-45.7956339,-22.7390214],[-45.80583729999999,-22.7369777],[-45.8151885,-22.730194599999997],[-45.8199278,-22.7227186],[-45.8179915,-22.711367600000003],[-45.811640999999995,-22.6987077],[-45.787858899999996,-22.693356499999993],[-45.7788831,-22.6835668],[-45.761077799999995,-22.677242199999995],[-45.75548359999999,-22.671073999999997],[-45.75055189999999,-22.671242499999995],[-45.742806699999996,-22.659166899999995],[-45.7322301,-22.6568356],[-45.72699399999999,-22.660295699999995],[-45.71618279999999,-22.661992399999995],[-45.693992699999995,-22.651709899999997],[-45.6979552,-22.6497703],[-45.6996645,-22.6424264],[-45.708716800000005,-22.6394678],[-45.7174694,-22.6210098],[-45.72884499999999,-22.620479599999992],[-45.7307129,-22.6118817],[-45.73742889999999,-22.608538699999997],[-45.73459969999999,-22.597449],[-45.7275893,-22.594328100000002],[-45.729245299999995,-22.591572899999996],[-45.7267937,-22.587022999999995],[-45.7171972,-22.582105099999996],[-45.718454799999996,-22.5779914],[-45.695439199999996,-22.586338599999998],[-45.67972139999999,-22.573418799999995],[-45.6605737,-22.5778408],[-45.66307559999999,-22.586699500000005],[-45.65885959999999,-22.5981101],[-45.6644041,-22.600084299999995],[-45.66813359999999,-22.609647399999997],[-45.66610759999999,-22.6126952],[-45.67553699999999,-22.6262052],[-45.6744187,-22.6306991],[-45.681078299999996,-22.6363357],[-45.6661848,-22.651201199999996],[-45.64769999999999,-22.648233699999995],[-45.61812809999999,-22.6379141],[-45.605078799999994,-22.620432200000003],[-45.58999299999999,-22.619058],[-45.58477909999999,-22.6155087],[-45.587997599999994,-22.6104226],[-45.5765196,-22.601702699999997],[-45.5727192,-22.6093168],[-45.563659,-22.612748299999996],[-45.5553554,-22.626441000000003],[-45.559939299999996,-22.627602299999996],[-45.5728336,-22.6412242],[-45.57732649999999,-22.640528200000002],[-45.5843695,-22.6516886],[-45.57357699999999,-22.6569701],[-45.54479059999999,-22.650838799999995],[-45.5399082,-22.6525798],[-45.533047,-22.646754299999998],[-45.524931,-22.6468747],[-45.51645959999999,-22.6414302],[-45.4991285,-22.6250112],[-45.488800499999996,-22.628785199999996],[-45.47477419999999,-22.599509899999997],[-45.4785442,-22.591118400000003],[-45.4812854,-22.591195399999997],[-45.4738566,-22.588894199999995],[-45.4517085,-22.6063504],[-45.44805139999999,-22.604612699999997],[-45.445378299999994,-22.6086475],[-45.437492899999995,-22.6117418],[-45.4355472,-22.6183207],[-45.4129317,-22.622215499999996],[-45.413096499999995,-22.628503599999995],[-45.4087962,-22.633489399999995],[-45.41173919999999,-22.6410638],[-45.40874389999999,-22.6440779],[-45.41052109999999,-22.651670999999997],[-45.3978765,-22.653423799999995],[-45.3705979,-22.637315899999997],[-45.36095819999999,-22.638761400000003],[-45.3489536,-22.626511199999996],[-45.335797,-22.6227518],[-45.332962,-22.617639199999996],[-45.3173271,-22.614324599999996],[-45.301265699999995,-22.615645299999997],[-45.2938527,-22.6136686],[-45.27423999999999,-22.616238499999998],[-45.2711056,-22.6117784],[-45.26140689999999,-22.6071156],[-45.264215799999995,-22.604573],[-45.257126500000005,-22.590299199999997],[-45.2601729,-22.5820534],[-45.24093719999999,-22.57574],[-45.223095400000005,-22.5636307],[-45.2123522,-22.56287169999999],[-45.20373699999999,-22.557299299999997],[-45.1932269,-22.556298399999996],[-45.190011999999996,-22.5523565],[-45.17804559999999,-22.5498769],[-45.1771863,-22.5467058],[-45.16451529999999,-22.537928699999995],[-45.166762399999996,-22.530690199999995],[-45.1600093,-22.516916799999997],[-45.1520231,-22.511697799999997],[-45.1503233,-22.5073554],[-45.1438279,-22.506740199999996],[-45.13959549999999,-22.501693099999994],[-45.103402499999994,-22.4903084],[-45.09112549999999,-22.483097799999996],[-45.082645799999995,-22.486367699999995],[-45.0715369,-22.477369500000002],[-45.0658173,-22.4770646],[-45.0606871,-22.472554399999996],[-45.0405443,-22.4692716],[-45.028403399999995,-22.4631977],[-45.0251489,-22.464871399999996],[-45.0271499,-22.470226799999995],[-45.0097893,-22.4663687],[-44.998236299999995,-22.469164399999997],[-44.99181409999999,-22.4661729],[-44.988483099999996,-22.4693544],[-44.98159809999999,-22.4680593],[-44.9658591,-22.4751928],[-44.9599255,-22.466659799999995],[-44.9516464,-22.463083199999996],[-44.9400702,-22.452669099999994],[-44.9313017,-22.4517947],[-44.914090099999996,-22.455064],[-44.9082583,-22.4521574],[-44.90362449999999,-22.4542268],[-44.8978411,-22.452910299999992],[-44.8897308,-22.432123999999998],[-44.87528989999999,-22.4285655],[-44.8715058,-22.424085799999997],[-44.85959939999999,-22.423043199999995],[-44.8545114,-22.4280013],[-44.8396837,-22.427231900000002],[-44.8329526,-22.430989899999997],[-44.8241342,-22.4193369],[-44.8079839,-22.414111199999997],[-44.809652299999996,-22.4058742],[-44.805387,-22.4038479],[-44.7937922,-22.409076799999998],[-44.7784846,-22.408896899999995],[-44.77008239999999,-22.415526099999997],[-44.76155179999999,-22.417042100000003],[-44.7553337,-22.4152692],[-44.7339428,-22.432895799999994],[-44.72881029999999,-22.4486145],[-44.7242174,-22.4508307],[-44.7233116,-22.462149199999995],[-44.71924549999999,-22.4634211],[-44.717696,-22.4673591],[-44.7179607,-22.470718399999992],[-44.7227656,-22.473380999999996],[-44.72496889999999,-22.4837938],[-44.72201689999999,-22.485078299999998],[-44.72007429999999,-22.492771499999996],[-44.712266099999994,-22.492822199999996],[-44.71125369999999,-22.4962598],[-44.71024109999999,-22.5011104],[-44.7136896,-22.5030789],[-44.7127903,-22.509367],[-44.71717739999999,-22.5104766],[-44.716220799999995,-22.514236199999996],[-44.69886569999999,-22.511465799999996],[-44.6974633,-22.5180336],[-44.6888605,-22.5198073],[-44.6710072,-22.536664699999996],[-44.6699265,-22.5392683],[-44.6771244,-22.547528399999997],[-44.6774261,-22.561500099999996],[-44.661532699999995,-22.5509361],[-44.65939800000001,-22.554240599999996],[-44.65035269999999,-22.557013199999997],[-44.6480853,-22.552493899999998],[-44.6444276,-22.555598599999996],[-44.64162339999999,-22.5602024],[-44.64236819999999,-22.57763479999999],[-44.6471202,-22.5846413],[-44.64344839999999,-22.6004855],[-44.6461165,-22.6033866],[-44.64024859999999,-22.608057899999995],[-44.63309879999999,-22.609327399999998],[-44.62298719999999,-22.605123399999997],[-44.6107974,-22.617384299999998],[-44.6046058,-22.6137009],[-44.602076,-22.607771499999995],[-44.5969551,-22.6099938],[-44.5918319,-22.623548],[-44.58365669999999,-22.626213200000002],[-44.574056999999996,-22.601733600000003],[-44.5640868,-22.6119927],[-44.555085399999996,-22.610256899999996],[-44.550278999999996,-22.6037612],[-44.5375378,-22.618194099999993],[-44.532994099999996,-22.615836100000003],[-44.530650599999994,-22.619119299999998],[-44.526303899999995,-22.6192916],[-44.53781250000001,-22.633038399999997],[-44.5350049,-22.638107000000005],[-44.5312314,-22.6394967],[-44.534532799999994,-22.633088099999995],[-44.5322718,-22.6307277],[-44.51559999999999,-22.630106599999998],[-44.50858840000001,-22.640947000000004],[-44.4955209,-22.6256198],[-44.49593819999999,-22.6228748],[-44.491144199999994,-22.6206857],[-44.49298999999999,-22.6180119],[-44.48517499999999,-22.611051599999996],[-44.488915999999996,-22.6091756],[-44.4848208,-22.6038721],[-44.4784696,-22.6128489],[-44.4648767,-22.6159696],[-44.4546092,-22.6094686],[-44.4467258,-22.6105125],[-44.4452766,-22.606330299999996],[-44.4314745,-22.5986518],[-44.4154394,-22.6021044],[-44.40661969999999,-22.6088484],[-44.4017942,-22.60668589999999],[-44.39817209999999,-22.602852799999997],[-44.4011244,-22.6032953],[-44.4059457,-22.598999100000004],[-44.40492849999999,-22.591432199999996],[-44.4096505,-22.588430300000002],[-44.4035226,-22.5880292],[-44.4002478,-22.5821908],[-44.3957023,-22.5815621],[-44.3920078,-22.5723552],[-44.3823978,-22.5734942],[-44.3712139,-22.5804062],[-44.3638457,-22.5779555],[-44.359914399999994,-22.581022900000004],[-44.3704205,-22.589746499999997],[-44.3657534,-22.594038499999996],[-44.3598616,-22.593054099999993],[-44.3627449,-22.6059103],[-44.3598427,-22.609386899999997],[-44.3611903,-22.6128418],[-44.35602370000001,-22.614899299999998],[-44.3491951,-22.6090313],[-44.35183,-22.600236599999995],[-44.3501484,-22.5953142],[-44.3452391,-22.596639299999996],[-44.3473842,-22.590906099999998],[-44.3449903,-22.587848700000002],[-44.3336628,-22.591103299999997],[-44.3264885,-22.5884476],[-44.315390199999996,-22.597689599999995],[-44.313263,-22.595767199999997],[-44.304239,-22.5990967],[-44.2954297,-22.5984626],[-44.295277799999994,-22.6017062],[-44.2856906,-22.609730999999996],[-44.2833338,-22.604381699999998],[-44.27204389999999,-22.6020662],[-44.2687356,-22.598774299999995],[-44.260337899999996,-22.609590599999997],[-44.2533882,-22.612470899999998],[-44.24823539999999,-22.606485699999993],[-44.2419331,-22.609299899999996],[-44.238094999999994,-22.6075493],[-44.2326383,-22.6091546],[-44.22636909999999,-22.60456],[-44.219364,-22.6175366],[-44.214898899999994,-22.614202600000002],[-44.21003389999999,-22.615607299999997],[-44.2074259,-22.612021699999996],[-44.20394579999999,-22.615971],[-44.20436780000001,-22.6263438],[-44.1985025,-22.6304905],[-44.191205399999994,-22.629934899999995],[-44.18427629999999,-22.637299099999996],[-44.191060199999995,-22.6450583],[-44.190126799999994,-22.648583999999996],[-44.1714498,-22.6594284],[-44.16136519999999,-22.678258399999997],[-44.168085999999995,-22.683092399999996],[-44.16742429999999,-22.687139599999995],[-44.176813,-22.692621399999997],[-44.17386079999999,-22.702107999999996],[-44.1760611,-22.7056579],[-44.1852319,-22.7120183],[-44.2037069,-22.717417500000003],[-44.20260859999999,-22.7255709],[-44.1991823,-22.727196399999997],[-44.198960299999996,-22.735287299999996],[-44.2093514,-22.737025399999993],[-44.21833099999999,-22.732371499999996],[-44.2270465,-22.733738999999993],[-44.2351117,-22.7451433],[-44.24249989999999,-22.7486509],[-44.2387775,-22.755724799999996],[-44.24263839999999,-22.754610999999997],[-44.25047279999999,-22.757567499999997],[-44.2519766,-22.764691999999997],[-44.2571054,-22.766282999999998],[-44.25857469999999,-22.770700899999998],[-44.2544581,-22.773932299999995],[-44.2571028,-22.77803],[-44.25375609999999,-22.780756299999997],[-44.25652319999999,-22.787490600000005],[-44.24786379999999,-22.790871399999997],[-44.24249149999999,-22.7882331],[-44.2401407,-22.792657999999996],[-44.2463792,-22.803966100000004],[-44.2613115,-22.806259199999996],[-44.263710499999995,-22.8177967],[-44.2695162,-22.8274112],[-44.2682589,-22.8297409],[-44.2833648,-22.836156699999993],[-44.286471,-22.832070500000004],[-44.28565749999999,-22.8282432],[-44.2965216,-22.827876599999996],[-44.316459099999996,-22.839076999999996],[-44.3224344,-22.849666699999997],[-44.32051799999999,-22.8399149],[-44.325274,-22.8377612],[-44.33227329999999,-22.8429659],[-44.33999049999999,-22.841395499999997],[-44.34136509999999,-22.8455031],[-44.3728784,-22.857923599999996],[-44.3811959,-22.858351300000002],[-44.39205919999999,-22.852494600000004],[-44.40053569999999,-22.855097499999996],[-44.4033942,-22.852925699999997],[-44.40314949999999,-22.848539],[-44.4106793,-22.846359],[-44.4181953,-22.848112299999997],[-44.432664300000006,-22.8610755],[-44.43329249999999,-22.868837599999992],[-44.43764459999999,-22.8731],[-44.45230509999999,-22.8772278],[-44.45825829999999,-22.883306499999996],[-44.4661916,-22.8853713],[-44.47072320000001,-22.876151],[-44.47732990000001,-22.873616000000002],[-44.476026899999994,-22.8678008],[-44.480134199999995,-22.8665045],[-44.4753333,-22.8572393],[-44.47872079999999,-22.8508682],[-44.4849432,-22.846200999999994],[-44.4954126,-22.846956299999995],[-44.5052785,-22.8515493],[-44.5184214,-22.865324799999996],[-44.530609299999995,-22.868086999999996],[-44.538896,-22.873696900000002],[-44.54499,-22.880673599999998],[-44.54365159999999,-22.8849451],[-44.55595339999999,-22.8880917],[-44.56240329999999,-22.883649399999996],[-44.56986349999999,-22.884001299999994],[-44.5757295,-22.878017499999995],[-44.5828922,-22.8837348],[-44.59280909999999,-22.884439599999997],[-44.5997787,-22.890768499999997],[-44.6073108,-22.885236999999996],[-44.6227174,-22.900946799999996],[-44.635367599999995,-22.906394699999996],[-44.640179499999995,-22.912261000000004],[-44.6396724,-22.915587799999994],[-44.6550633,-22.923356399999996],[-44.658994,-22.927931199999993],[-44.6716121,-22.922066299999994],[-44.6733324,-22.9179578],[-44.678607299999996,-22.926215199999998],[-44.6872237,-22.932519699999997],[-44.68773480000001,-22.936769999999996],[-44.6957166,-22.932053799999995],[-44.7035452,-22.936101999999995],[-44.70663499999999,-22.9316064],[-44.7134344,-22.929875400000004],[-44.7167203,-22.9349301],[-44.7278651,-22.9418204],[-44.7438207,-22.947205599999997],[-44.75176609999999,-22.9626382],[-44.7493697,-22.969973299999996],[-44.7567901,-22.974319899999994],[-44.7552595,-22.9803125],[-44.7593433,-22.9790954],[-44.76484049999999,-22.983313799999998],[-44.7767395,-22.978055499999996],[-44.7834684,-22.978954999999996],[-44.7875625,-22.982545399999996],[-44.7918982,-22.981875900000002],[-44.7929014,-22.9934132],[-44.80125639999999,-22.996500399999995],[-44.80263589999999,-22.999661999999997],[-44.79963519999999,-23.0064787],[-44.7928172,-23.0098386],[-44.798635399999995,-23.020262299999995],[-44.79586559999999,-23.025310300000005],[-44.8019625,-23.031587499999993],[-44.8022084,-23.0487801],[-44.811894599999995,-23.0545164],[-44.80699409999999,-23.0630554],[-44.8147955,-23.0676772],[-44.8114029,-23.0713648],[-44.81792589999999,-23.0857221],[-44.8188437,-23.0914584],[-44.8125338,-23.091687799999995],[-44.8128779,-23.0982273],[-44.8088133,-23.099472900000002],[-44.8164345,-23.1078315],[-44.81527079999999,-23.1124534],[-44.81059979999999,-23.1155346],[-44.8148938,-23.120402299999995],[-44.814418499999995,-23.127466200000004],[-44.8192535,-23.131596299999998],[-44.81605749999999,-23.1403156],[-44.82348199999999,-23.141200599999998],[-44.8254815,-23.143741],[-44.821253,-23.15352549999999],[-44.822727199999996,-23.1600769],[-44.833512299999995,-23.166833800000003],[-44.842903500000006,-23.1666863],[-44.8448539,-23.1723899],[-44.8527373,-23.173897699999998],[-44.8530814,-23.176602000000003],[-44.8604567,-23.180978],[-44.87273249999999,-23.18250219999999],[-44.87683239999999,-23.19448789999999],[-44.87490009999999,-23.196746099999995],[-44.88372069999999,-23.204805100000005],[-44.8834824,-23.211007899999995],[-44.88011469999999,-23.213309699999996],[-44.8893206,-23.2265949],[-44.885950799999996,-23.2357903],[-44.8808676,-23.2365899],[-44.8719928,-23.2489551],[-44.85212189999999,-23.248898799999992],[-44.8421302,-23.2557224],[-44.836431299999994,-23.2558349],[-44.8399931,-23.263389599999996],[-44.8284829,-23.269557099999997],[-44.82884859999999,-23.2762455],[-44.8237589,-23.2806923],[-44.826720800000004,-23.291621399999997],[-44.80714979999999,-23.2834855],[-44.8053644,-23.2900491],[-44.78742139999999,-23.299106899999998],[-44.78678459999999,-23.310087600000003],[-44.7783744,-23.3150353],[-44.78161109999999,-23.325896900000004],[-44.77625729999999,-23.3323878],[-44.7771502,-23.338498800000004],[-44.75994399999999,-23.341227499999995],[-44.7564282,-23.350207900000004],[-44.741461,-23.3588868],[-44.735755399999995,-23.36563719999999],[-44.7239872,-23.3686069],[-44.728123,-23.370276999999998],[-44.741838699999995,-23.365880499999996],[-44.750571799999996,-23.366038800000002],[-44.7850628,-23.3780342],[-44.782627899999994,-23.373920799999997],[-44.784565699999995,-23.3704665],[-44.7892769,-23.3716481],[-44.790887,-23.369078499999993],[-44.7965921,-23.3689812],[-44.8021546,-23.373126999999993],[-44.799673299999995,-23.375598399999998],[-44.80612609999999,-23.379176600000005],[-44.826407,-23.3837788],[-44.82644059999999,-23.3876147],[-44.8319935,-23.3849453],[-44.84201060000001,-23.388144799999996],[-44.844180200000004,-23.387261599999995],[-44.84367910000001,-23.3830655],[-44.8385705,-23.3793993],[-44.840004699999994,-23.3751725],[-44.8368651,-23.369588100000005],[-44.849870499999994,-23.361074700000003],[-44.865167799999995,-23.3569588],[-44.8705685,-23.3587342],[-44.87473109999999,-23.3644119],[-44.88223109999999,-23.363316499999996],[-44.8847834,-23.369752799999997],[-44.8906838,-23.372479599999995],[-44.8921704,-23.3698204],[-44.88730679999999,-23.364963999999997],[-44.8907438,-23.3590191],[-44.8826319,-23.351560399999993],[-44.88284099999999,-23.346394],[-44.8876425,-23.3387171],[-44.90801059999999,-23.3340716],[-44.9210299,-23.3509196],[-44.9421504,-23.3570614],[-44.9484896,-23.364064399999993],[-44.949334099999994,-23.378644300000005],[-44.9607634,-23.380454399999998],[-44.9630947,-23.386344700000002],[-44.971759899999995,-23.389531599999998],[-44.9706115,-23.3939457],[-44.977653,-23.4006219],[-44.9812156,-23.4011615],[-44.98335519999999,-23.3971173],[-44.9880431,-23.3991357],[-44.99277479999999,-23.39730919999999],[-45.00885649999999,-23.405932600000003],[-45.008981299999995,-23.4124719],[-45.012490299999996,-23.4130623],[-45.01352059999999,-23.4182588],[-45.0230138,-23.418748300000004],[-45.023046,-23.414226399999997],[-45.032270999999994,-23.413851600000005],[-45.03904909999999,-23.419944299999997],[-45.03887089999999,-23.4230715],[-45.04200049999999,-23.4219915],[-45.0446918,-23.4257844],[-45.04805799999999,-23.4250715],[-45.04494259999999,-23.421047500000004],[-45.0481058,-23.417683299999997],[-45.0597009,-23.418727399999995],[-45.064638699999996,-23.426132199999998],[-45.059386599999996,-23.430090699999997],[-45.068608499999996,-23.432609],[-45.06937729999999,-23.437131300000004],[-45.06716389999999,-23.4467816],[-45.060043900000004,-23.4563112],[-45.0551072,-23.459189399999996],[-45.0444663,-23.449358800000002],[-45.0375774,-23.447879200000003],[-45.03488339999999,-23.459669499999993],[-45.01794499999999,-23.460855499999997],[-45.030471299999995,-23.462670399999997],[-45.0324471,-23.4656664],[-45.0465732,-23.4613551],[-45.05215479999999,-23.4679773],[-45.0562677,-23.464924100000005],[-45.0626812,-23.467946399999995],[-45.0736901,-23.4854517],[-45.07264309999999,-23.493291199999998],[-45.06679849999999,-23.492899299999998],[-45.0810538,-23.509034499999995],[-45.08175429999999,-23.521542099999998],[-45.08599230000001,-23.5131447],[-45.0833508,-23.496117500000004],[-45.0876433,-23.49353],[-45.0985862,-23.492721400000004],[-45.10442619999999,-23.498097899999998],[-45.10292139999999,-23.490061199999992],[-45.1067935,-23.488693699999995],[-45.1102844,-23.4955217],[-45.124066799999994,-23.5028795],[-45.1223327,-23.5052405],[-45.1075322,-23.507906399999996],[-45.1105461,-23.512835699999997],[-45.106921799999995,-23.514343299999997],[-45.1088617,-23.517018000000004],[-45.105717399999996,-23.523645999999996],[-45.1126631,-23.5264433],[-45.11316899999999,-23.519620700000004],[-45.1204105,-23.5213787],[-45.121706,-23.5163267],[-45.1270873,-23.515128700000005],[-45.1324406,-23.5094193],[-45.138725699999995,-23.510931499999998],[-45.1345621,-23.506632399999997],[-45.137798399999994,-23.501516],[-45.1457427,-23.5019212],[-45.1437499,-23.499922300000005],[-45.1466214,-23.4965921],[-45.1534083,-23.499393400000002],[-45.157327,-23.4973753],[-45.1602159,-23.500027199999998],[-45.165502999999994,-23.4928987],[-45.16908169999999,-23.4927892],[-45.173885199999994,-23.496323199999996],[-45.1748998,-23.500659299999995],[-45.1711337,-23.502636100000004],[-45.1733472,-23.5042784],[-45.1726722,-23.5118616],[-45.1661363,-23.5126623],[-45.1664419,-23.515801],[-45.1626923,-23.516868899999995],[-45.1666633,-23.521285700000004],[-45.1660244,-23.5293309],[-45.162015499999995,-23.532046600000005],[-45.1576559,-23.529435500000005],[-45.1620132,-23.541894499999998],[-45.1692114,-23.5392038],[-45.1744267,-23.5430185],[-45.1783385,-23.5377921],[-45.1865226,-23.5405745],[-45.18598469999999,-23.536795999999995],[-45.18960469999999,-23.5332932],[-45.1866205,-23.528872800000002],[-45.1904133,-23.521619199999996],[-45.19487469999999,-23.520311199999995],[-45.2096669,-23.523632699999997],[-45.221950899999996,-23.530624099999997],[-45.2274935,-23.5371263],[-45.22982629999999,-23.550933999999998],[-45.22282899999999,-23.5514705],[-45.2188863,-23.557613300000003],[-45.2143785,-23.5560521],[-45.2189909,-23.5593658],[-45.2180161,-23.562590299999997],[-45.2148188,-23.565496299999996],[-45.210888,-23.563960299999998],[-45.2095718,-23.5647578],[-45.2154068,-23.5686209],[-45.2101542,-23.5706962],[-45.209809799999995,-23.5776767],[-45.2076898,-23.578298399999994],[-45.2109628,-23.582734999999992],[-45.2159935,-23.5805484],[-45.2286508,-23.584083399999997],[-45.2281462,-23.581890299999994],[-45.2305579,-23.581689199999996],[-45.24133100000001,-23.587867599999996],[-45.24422499999999,-23.5937286],[-45.2484257,-23.5924156],[-45.253018299999994,-23.594536199999997],[-45.252777699999996,-23.591434699999997],[-45.2572602,-23.589599699999997],[-45.2632638,-23.5966401],[-45.2610328,-23.5918762],[-45.264015300000004,-23.588839199999995],[-45.270439599999996,-23.589196900000005],[-45.27265369999999,-23.5864209],[-45.2784216,-23.588254399999997],[-45.2801305,-23.5844762],[-45.2764905,-23.577505700000003],[-45.2787821,-23.574065899999997],[-45.2850822,-23.5723269],[-45.29330869999999,-23.5749133],[-45.297614,-23.5722414],[-45.3065241,-23.576395799999997],[-45.3114123,-23.575665299999997],[-45.3280714,-23.584818099999996],[-45.343403699999996,-23.600671999999996],[-45.3573437,-23.6243306],[-45.3657359,-23.6266359],[-45.3690326,-23.630358600000005],[-45.3777657,-23.624498299999996],[-45.388254499999995,-23.634703499999997],[-45.3899725,-23.631527800000004],[-45.3975017,-23.629494],[-45.40048699999999,-23.6231952],[-45.4098406,-23.625985],[-45.420496,-23.6387196],[-45.4271585,-23.654225199999996],[-45.430128499999995,-23.688132500000002],[-45.42718829999999,-23.709331199999998],[-45.4196571,-23.725858099999993],[-45.4127892,-23.7234854],[-45.40661320000001,-23.726367],[-45.39713439999999,-23.7236626],[-45.398765999999995,-23.7367442],[-45.41132939999999,-23.7494327],[-45.4124827,-23.7536692],[-45.396868000000005,-23.7805715],[-45.399538699999994,-23.796083299999996],[-45.396389299999996,-23.8071916],[-45.39868729999999,-23.8078516],[-45.39613919999999,-23.8089483],[-45.399049299999994,-23.8103524],[-45.39657999999999,-23.810712],[-45.4005544,-23.8140019],[-45.40652969999999,-23.8095921],[-45.4087772,-23.815475999999997],[-45.40492220000001,-23.81998159999999],[-45.41082409999999,-23.821599099999997],[-45.4120825,-23.824845599999996],[-45.41927869999999,-23.824003099999995],[-45.421215800000006,-23.828313499999997],[-45.43225619999999,-23.833134599999994],[-45.431989699999995,-23.8295354],[-45.4397877,-23.8266598],[-45.4463627,-23.833066600000002],[-45.4471266,-23.8273044],[-45.4656723,-23.819101100000005],[-45.4783408,-23.828375599999998],[-45.4900736,-23.8300656],[-45.49128219999999,-23.8374371],[-45.49928249999999,-23.838583299999993],[-45.502644599999996,-23.842637499999995],[-45.5097762,-23.840214799999995],[-45.514566499999994,-23.842075499999996],[-45.51109989999999,-23.836534999999994],[-45.5120072,-23.832209199999998],[-45.5198386,-23.831193899999995],[-45.522843599999995,-23.833202800000002],[-45.522537099999994,-23.8298343]]],[[[-45.300885599999994,-23.922734000000002],[-45.3003424,-23.9222797],[-45.3002338,-23.922501899999997],[-45.300885599999994,-23.922734000000002]]],[[[-45.29662509999999,-23.9197684],[-45.2982498,-23.9206338],[-45.296565,-23.919456499999995],[-45.29662509999999,-23.9197684]]],[[[-45.29703399999999,-23.918744099999998],[-45.296372299999994,-23.91927739999999],[-45.29692529999999,-23.919213299999996],[-45.29703399999999,-23.918744099999998]]],[[[-45.3254965,-23.917958999999996],[-45.3223954,-23.9146308],[-45.32545699999999,-23.919489799999997],[-45.3254965,-23.917958999999996]]],[[[-45.2629258,-23.887810299999998],[-45.2644152,-23.8899346],[-45.2650706,-23.888662199999995],[-45.2629258,-23.887810299999998]]],[[[-45.2590623,-23.889235899999996],[-45.2597159,-23.888481999999996],[-45.25854569999999,-23.888266000000005],[-45.2590623,-23.889235899999996]]],[[[-45.2865605,-23.860120500000004],[-45.2859581,-23.860579699999995],[-45.286970399999994,-23.860885799999995],[-45.2865605,-23.860120500000004]]],[[[-45.41691539999999,-23.853126499999995],[-45.4177256,-23.853342599999994],[-45.4179159,-23.853106699999998],[-45.41691539999999,-23.853126499999995]]],[[[-45.52125959999999,-23.84668539999999],[-45.52217629999999,-23.8537034],[-45.5252062,-23.8563469],[-45.5265218,-23.8500596],[-45.52338339999999,-23.8459329],[-45.52125959999999,-23.84668539999999]]],[[[-45.2781142,-23.850091399999997],[-45.27726909999999,-23.851494899999995],[-45.27898489999999,-23.8509557],[-45.2781142,-23.850091399999997]]],[[[-45.3258042,-23.911921299999992],[-45.339323,-23.9208193],[-45.3390583,-23.924147099999995],[-45.3404085,-23.925402900000005],[-45.34511659999999,-23.923507],[-45.34297329999999,-23.9199485],[-45.3475029,-23.916081699999996],[-45.3572937,-23.9278012],[-45.36428579999999,-23.9304503],[-45.3981482,-23.932605],[-45.407872499999996,-23.9385004],[-45.4227026,-23.9384316],[-45.428061299999996,-23.9411808],[-45.428042,-23.9393084],[-45.4443223,-23.934145599999994],[-45.4514091,-23.922448900000003],[-45.4596366,-23.915802499999998],[-45.4621339,-23.888530000000003],[-45.45766189999999,-23.884659],[-45.4516883,-23.8849005],[-45.44104219999999,-23.871529700000004],[-45.43487259999999,-23.870203],[-45.4300722,-23.8601756],[-45.41762169999999,-23.8593568],[-45.413754299999994,-23.847834999999993],[-45.402431199999995,-23.842340099999998],[-45.37634429999999,-23.818359699999995],[-45.37268159999999,-23.8194333],[-45.36569,-23.808890899999998],[-45.3634668,-23.787284699999997],[-45.35836549999999,-23.7850311],[-45.358977599999996,-23.7771777],[-45.35240149999999,-23.772905700000003],[-45.35224899999999,-23.768156599999998],[-45.3488717,-23.7653508],[-45.35137700000001,-23.759311],[-45.3478043,-23.7480404],[-45.3493898,-23.7425399],[-45.343365999999996,-23.736634699999996],[-45.3414736,-23.7277895],[-45.329248199999995,-23.722319699999996],[-45.31859769999999,-23.7234825],[-45.3086282,-23.7316879],[-45.300551999999996,-23.7315981],[-45.2984405,-23.7344164],[-45.293228299999996,-23.7331658],[-45.2910679,-23.7373426],[-45.27695,-23.7348806],[-45.27426899999999,-23.738638000000005],[-45.267653100000004,-23.7397037],[-45.2672556,-23.743328],[-45.2630831,-23.741560499999995],[-45.2558742,-23.7498879],[-45.2600534,-23.757836799999993],[-45.257598599999994,-23.762184599999998],[-45.2486376,-23.763638100000005],[-45.24583669999999,-23.761491299999996],[-45.238507199999994,-23.767498599999996],[-45.23433349999999,-23.776510199999997],[-45.2298332,-23.7763327],[-45.2351596,-23.7821082],[-45.232532,-23.7850682],[-45.2375128,-23.795588899999995],[-45.2354007,-23.796631999999992],[-45.2367333,-23.8018367],[-45.2422038,-23.807749099999995],[-45.2410763,-23.812161699999997],[-45.236855299999995,-23.810497599999998],[-45.23881719999999,-23.819165200000004],[-45.2483861,-23.824830200000005],[-45.2434504,-23.8278878],[-45.244654399999995,-23.831724099999995],[-45.238280399999994,-23.830390499999996],[-45.2393566,-23.834298299999997],[-45.2441682,-23.836166800000004],[-45.2412902,-23.8387141],[-45.232639,-23.835617999999997],[-45.22680789999999,-23.837110999999997],[-45.238543899999996,-23.843043599999994],[-45.244468399999995,-23.8373201],[-45.2553328,-23.836051899999994],[-45.273881599999996,-23.838699],[-45.280716600000005,-23.843968199999996],[-45.28168339999999,-23.849725099999997],[-45.284402,-23.8488057],[-45.2868893,-23.851527799999992],[-45.2888895,-23.858431500000002],[-45.285427399999996,-23.8632635],[-45.290931099999995,-23.8661357],[-45.28885399999999,-23.873698],[-45.27042269999999,-23.874437899999997],[-45.2687915,-23.8794824],[-45.27786449999999,-23.8842435],[-45.27420229999999,-23.8859152],[-45.2728638,-23.892324899999995],[-45.26152149999999,-23.892141800000005],[-45.248478299999995,-23.903237200000003],[-45.2441756,-23.9009425],[-45.245485499999994,-23.8962774],[-45.2413698,-23.8921902],[-45.2348777,-23.9006168],[-45.2289671,-23.898337999999995],[-45.22319569999999,-23.9034165],[-45.22630959999999,-23.907845899999998],[-45.2345648,-23.906390499999997],[-45.237899999999996,-23.908917],[-45.235531,-23.919202600000002],[-45.23794639999999,-23.925319399999992],[-45.232240899999994,-23.930991099999996],[-45.2369589,-23.934889799999997],[-45.2347833,-23.9371682],[-45.2357542,-23.943910699999996],[-45.226481099999994,-23.942623799999996],[-45.2348887,-23.949898],[-45.2382711,-23.960276099999998],[-45.2425186,-23.964142099999997],[-45.2518398,-23.9680822],[-45.2548749,-23.96597969999999],[-45.267403699999996,-23.9658539],[-45.286482,-23.943209399999994],[-45.2801251,-23.928477],[-45.28842259999999,-23.9187719],[-45.2911072,-23.910588599999997],[-45.3028584,-23.915588699999997],[-45.304375,-23.907974999999997],[-45.3205332,-23.916510999999996],[-45.321368099999994,-23.9143714],[-45.3258042,-23.911921299999992]]],[[[-45.4430587,-23.831820799999996],[-45.4439912,-23.831347899999997],[-45.4432282,-23.831223],[-45.4430587,-23.831820799999996]]],[[[-45.39218519999999,-23.8287823],[-45.392415099999994,-23.830087699999996],[-45.393510799999994,-23.8301255],[-45.39218519999999,-23.8287823]]],[[[-45.4129083,-23.8279154],[-45.413023,-23.8280938],[-45.413382199999994,-23.8283333],[-45.4129083,-23.8279154]]],[[[-45.47015749999999,-23.823660799999995],[-45.4698441,-23.823752499999998],[-45.470165099999996,-23.823928300000002],[-45.47015749999999,-23.823660799999995]]],[[[-45.406149299999996,-23.816310699999995],[-45.4064779,-23.8162674],[-45.406269,-23.816180799999998],[-45.406149299999996,-23.816310699999995]]],[[[-45.4067327,-23.814927299999997],[-45.407489399999996,-23.814942599999995],[-45.4075276,-23.814873799999997],[-45.4067327,-23.814927299999997]]],[[[-45.4057519,-23.813841999999998],[-45.4058512,-23.814239399999998],[-45.4062869,-23.8136637],[-45.4057519,-23.813841999999998]]],[[[-45.2933909,-23.595166999999996],[-45.2809998,-23.5928168],[-45.2827254,-23.601107300000002],[-45.28508709999999,-23.5993469],[-45.295574699999996,-23.601616699999997],[-45.2933909,-23.595166999999996]]],[[[-45.30927479999999,-23.586050200000003],[-45.310531899999994,-23.5866963],[-45.3101361,-23.5858027],[-45.30927479999999,-23.586050200000003]]],[[[-45.312588299999994,-23.583907399999998],[-45.310948499999995,-23.581283999999997],[-45.3106163,-23.583881199999997],[-45.312588299999994,-23.583907399999998]]],[[[-45.154312999999995,-23.8262133],[-45.15331689999999,-23.828509999999998],[-45.155892,-23.828604999999996],[-45.154312999999995,-23.8262133]]],[[[-45.2294378,-23.812211599999998],[-45.22611529999999,-23.813290399999996],[-45.22832609999999,-23.8144447],[-45.2294378,-23.812211599999998]]],[[[-45.13774509999999,-23.790813999999997],[-45.1401223,-23.7970655],[-45.11493250000001,-23.803805899999997],[-45.117188,-23.8122729],[-45.12130319999999,-23.813789899999996],[-45.13241829999999,-23.8093069],[-45.14706209999999,-23.817619199999996],[-45.1479406,-23.8136915],[-45.156449699999996,-23.810453699999997],[-45.1569735,-23.8043282],[-45.160654699999995,-23.801779399999997],[-45.148004,-23.791398800000003],[-45.13774509999999,-23.790813999999997]]],[[[-45.0150116,-23.740321600000005],[-45.0166901,-23.748961299999998],[-45.00844,-23.747496699999996],[-45.0070271,-23.7516964],[-45.0100948,-23.7583301],[-45.0147512,-23.761257700000005],[-45.01876529999999,-23.7585847],[-45.017272899999995,-23.750707300000002],[-45.02384789999999,-23.7462758],[-45.023237400000006,-23.740469599999997],[-45.0150116,-23.740321600000005]]],[[[-45.03285279999999,-23.739641899999995],[-45.0302057,-23.736373899999997],[-45.029364599999994,-23.737001400000004],[-45.03285279999999,-23.739641899999995]]],[[[-45.02251609999999,-23.7399526],[-45.025379699999995,-23.7371675],[-45.0209252,-23.7343824],[-45.020227999999996,-23.737051000000005],[-45.02251609999999,-23.7399526]]],[[[-45.1577546,-23.559994599999996],[-45.1449261,-23.5710899],[-45.1514947,-23.568232],[-45.157292899999995,-23.5736144],[-45.16331399999999,-23.567558],[-45.1577546,-23.559994599999996]]],[[[-45.0759093,-23.5626923],[-45.07739769999999,-23.56472],[-45.07877189999999,-23.564705099999998],[-45.0791519,-23.562978799999993],[-45.0759093,-23.5626923]]],[[[-45.15194949999999,-23.559169899999997],[-45.15077289999999,-23.5582278],[-45.1509765,-23.5596603],[-45.15194949999999,-23.559169899999997]]],[[[-45.15523499999999,-23.550760999999998],[-45.1552448,-23.5499216],[-45.15504729999999,-23.550020299999996],[-45.15523499999999,-23.550760999999998]]],[[[-45.02471909999999,-23.549935299999998],[-45.024293099999994,-23.549922999999993],[-45.024651999999996,-23.550040499999998],[-45.02471909999999,-23.549935299999998]]],[[[-45.2159797,-23.5485638],[-45.2167176,-23.5509744],[-45.2189982,-23.550538499999995],[-45.2159797,-23.5485638]]],[[[-45.155701799999996,-23.5478246],[-45.1548605,-23.546897600000005],[-45.154404500000005,-23.548333999999997],[-45.155701799999996,-23.5478246]]],[[[-45.0252951,-23.545989799999997],[-45.029365199999994,-23.5486219],[-45.0329854,-23.5482194],[-45.0263365,-23.544115300000005],[-45.0252951,-23.545989799999997]]],[[[-45.076488299999994,-23.5289757],[-45.07775139999999,-23.536105099999997],[-45.06987219999999,-23.539614],[-45.06406139999999,-23.538628299999996],[-45.0592019,-23.526856200000005],[-45.05084819999999,-23.5276633],[-45.04455109999999,-23.531503199999996],[-45.0454604,-23.5345181],[-45.0392627,-23.5343019],[-45.0408107,-23.5411871],[-45.04973,-23.5459634],[-45.0567155,-23.545545600000004],[-45.065216299999996,-23.555511499999998],[-45.0723871,-23.556832],[-45.0777006,-23.5612394],[-45.0819026,-23.554013199999996],[-45.07765049999999,-23.54620999999999],[-45.0835777,-23.538767599999996],[-45.07970079999999,-23.5337043],[-45.0806737,-23.526166999999997],[-45.076488299999994,-23.5289757]]],[[[-45.02323289999999,-23.5435614],[-45.0227984,-23.543418199999998],[-45.0231193,-23.543684899999995],[-45.02323289999999,-23.5435614]]],[[[-45.1540844,-23.534046],[-45.1543659,-23.533868199999997],[-45.1538276,-23.533512699999996],[-45.1540844,-23.534046]]],[[[-45.21037499999999,-23.533256199999997],[-45.213794,-23.5331313],[-45.21429429999999,-23.531886099999998],[-45.212194999999994,-23.531676499999996],[-45.21037499999999,-23.533256199999997]]],[[[-45.0420477,-23.518718100000005],[-45.0410468,-23.5163113],[-45.0399001,-23.5171791],[-45.0420477,-23.518718100000005]]],[[[-45.1026377,-23.498736799999993],[-45.1022344,-23.4996376],[-45.10232690000001,-23.499664800000005],[-45.1026377,-23.498736799999993]]],[[[-45.0527534,-23.468375199999997],[-45.05215470000001,-23.468255200000005],[-45.0525597,-23.468648899999994],[-45.0527534,-23.468375199999997]]],[[[-45.05834599999999,-23.468316],[-45.0587013,-23.467888599999995],[-45.0581379,-23.467866199999996],[-45.05834599999999,-23.468316]]],[[[-44.9024423,-23.4273383],[-44.90511819999999,-23.425834699999996],[-44.901153099999995,-23.42426379999999],[-44.9024423,-23.4273383]]],[[[-44.85984070000001,-23.4228324],[-44.86186779999999,-23.4228827],[-44.859797199999996,-23.4216886],[-44.85984070000001,-23.4228324]]],[[[-44.852267999999995,-23.4086853],[-44.8536723,-23.4163617],[-44.8495413,-23.420977199999996],[-44.8535968,-23.426600999999994],[-44.8596421,-23.425129900000005],[-44.85436409999999,-23.420119699999997],[-44.855751999999995,-23.416428399999997],[-44.852267999999995,-23.4086853]]],[[[-45.00803189999999,-23.413285899999998],[-45.008623099999994,-23.413687299999992],[-45.0084579,-23.413014199999996],[-45.00803189999999,-23.413285899999998]]],[[[-44.935525399999996,-23.412395],[-44.93604799999999,-23.412426199999995],[-44.935541,-23.4122858],[-44.935525399999996,-23.412395]]],[[[-44.850471799999994,-23.4040494],[-44.8495333,-23.404837499999996],[-44.8503444,-23.405325999999995],[-44.850471799999994,-23.4040494]]],[[[-44.897333,-23.4029447],[-44.89726799999999,-23.402416999999996],[-44.8970574,-23.403420500000003],[-44.897333,-23.4029447]]],[[[-44.855588899999994,-23.3987105],[-44.8564372,-23.399936799999992],[-44.8566591,-23.399818000000003],[-44.855588899999994,-23.3987105]]],[[[-44.85208039999999,-23.403197699999996],[-44.85419639999999,-23.3981003],[-44.8471884,-23.394527899999996],[-44.846687,-23.396304099999995],[-44.85208039999999,-23.403197699999996]]],[[[-44.9387154,-23.390790599999995],[-44.9387999,-23.391110400000002],[-44.9388727,-23.391110400000002],[-44.9387154,-23.390790599999995]]],[[[-44.888252699999995,-23.389536399999997],[-44.888025899999995,-23.388186299999997],[-44.88702469999999,-23.3888529],[-44.888252699999995,-23.389536399999997]]],[[[-44.9364015,-23.3883455],[-44.938282099999995,-23.3870494],[-44.935904699999995,-23.387000799999996],[-44.9364015,-23.3883455]]],[[[-44.9465815,-23.382779899999996],[-44.9403863,-23.383433],[-44.942070199999996,-23.3864644],[-44.950744199999995,-23.3885676],[-44.9465815,-23.382779899999996]]],[[[-44.9348846,-23.3848917],[-44.9352225,-23.3846395],[-44.934892399999995,-23.384618699999994],[-44.9348846,-23.3848917]]],[[[-44.88712159999999,-23.3842693],[-44.888988299999994,-23.383827499999995],[-44.8875442,-23.383605899999996],[-44.88712159999999,-23.3842693]]],[[[-44.89798929999999,-23.3758334],[-44.9037564,-23.379750399999995],[-44.9071214,-23.380236999999997],[-44.90278909999999,-23.375244100000003],[-44.89798929999999,-23.3758334]]],[[[-44.8929193,-23.352675799999997],[-44.89274460000001,-23.3533269],[-44.89306109999999,-23.3532274],[-44.8929193,-23.352675799999997]]],[[[-44.9025792,-23.3516343],[-44.904878200000006,-23.352447799999997],[-44.9029489,-23.351025900000003],[-44.9025792,-23.3516343]]],[[[-44.9089382,-23.336407499999996],[-44.90813489999999,-23.3373167],[-44.9088789,-23.3373882],[-44.9089382,-23.336407499999996]]]]}}]}